"name","name_accu","pos","team_accu","positionRank_accu","overallRank_accu","passAtt_accu","passComp_accu","passYds_accu","passTds_accu","passInt_accu","rushYds_accu","rushTds_accu","rec_accu","recYds_accu","recTds_accu","twoPts_accu","fumbles_accu","pts_accu"
"EMMANUELSANDERS","Emmanuel Sanders","WR","DEN",1,1,NA,NA,NA,NA,NA,NA,NA,320.3,3850,17.75,NA,4.23,487.1
"JULIOJONES","Julio Jones","WR","ATL",2,2,NA,NA,NA,NA,NA,NA,NA,200.3,2504,19.62,NA,3.05,364.3
"ANDREWLUCK","Andrew Luck","QB","IND",1,3,574.6,362.7,4325,27.6,8.09,665,6.03,NA,NA,NA,NA,4.97,360
"DEANDREHOPKINS","DeAndre Hopkins","WR","HOU",3,4,NA,NA,NA,NA,NA,NA,NA,214.3,3449,1.46,NA,2.42,348.8
"RUSSELLWILSON","Russell Wilson","QB","SEA",2,5,447.5,293.2,3814,30.61,7.33,672,3.47,NA,NA,NA,NA,7.49,333.4
"AARONRODGERS","Aaron Rodgers","QB","GB",3,6,546.6,375.2,4701,34.63,10.8,214,1.26,NA,NA,NA,NA,4.15,325.6
"MICHAELFLOYD","Michael Floyd","WR","ARI",4,7,NA,NA,NA,NA,NA,NA,NA,159.8,2076,19.57,NA,1.48,322
"LESEANMCCOY","LeSean McCoy","RB","PHI",1,8,NA,NA,NA,NA,NA,1758,10.81,78.6,638,3.99,NA,4.28,319.8
"DREWBREES","Drew Brees","QB","NO",4,9,658.2,453.2,5071,33.05,12.55,75,1.28,NA,NA,NA,NA,4.03,317
"COLINKAEPERNICK","Colin Kaepernick","QB","SF",5,10,468.5,266.3,3303,16.54,12.22,1041,8.88,NA,NA,NA,NA,7.14,316.9
"TONYROMO","Tony Romo","QB","DAL",6,11,573,379.5,4591,36.18,11.97,31,0.33,NA,NA,NA,NA,2.71,304.1
"ROBERTGRIFFIN","Robert Griffin III","QB","WAS",7,12,502.3,312.2,3802,23.28,8.88,653,3.23,NA,NA,NA,NA,7.91,296.3
"DEMARCOMURRAY","DeMarco Murray","RB","DAL",2,13,NA,NA,NA,NA,NA,1544,12.2,81.6,627,1.96,NA,3.33,295.4
"JAKELOCKER","Jake Locker","QB","TEN",8,14,549.2,307.3,3410,14.6,14.38,986,7.49,NA,NA,NA,NA,7.53,294.5
"PEYTONMANNING","Peyton Manning","QB","DEN",9,15,668,447.4,5114,34.11,15.29,-58,0.26,NA,NA,NA,NA,7.35,291.6
"RYANFITZPATRICK","Ryan Fitzpatrick","QB","HOU",10,16,605.7,362.6,4758,24.64,18.18,314,2.71,NA,NA,NA,NA,6.37,287.5
"VINCENTJACKSON","Vincent Jackson","WR","TB",5,17,NA,NA,NA,NA,NA,NA,NA,132.4,2018,13.97,NA,1.17,283.3
"PHILIPRIVERS","Philip Rivers","QB","SD",11,18,523.7,349.5,4486,29.82,10.11,60,0.43,NA,NA,NA,NA,3.57,279.9
"MATTRYAN","Matt Ryan","QB","ATL",12,19,659.7,447.7,4942,26.38,15.33,76,0.47,NA,NA,NA,NA,2.59,277.8
"NICKFOLES","Nick Foles","QB","PHI",13,20,469.2,320.1,3730,25.99,11.14,377,3.24,NA,NA,NA,NA,5.81,276.4
"RANDALLCOBB","Randall Cobb","WR","GB",6,21,NA,NA,NA,NA,NA,NA,NA,120.4,1745,15.06,NA,1.94,275.3
"KEENANALLEN","Keenan Allen","WR","SD",7,22,NA,NA,NA,NA,NA,NA,NA,108.6,1771,15.41,NA,1.8,268.9
"JAYCUTLER","Jay Cutler","QB","CHI",14,23,545.2,332.9,4154,29,16.34,223,1.14,NA,NA,NA,NA,5.12,268.3
"CAMNEWTON","Cam Newton","QB","CAR",15,24,508.5,323.5,3107,17.18,11.79,695,5.21,NA,NA,NA,NA,2.86,264.4
"DEZBRYANT","Dez Bryant","WR","DAL",8,25,NA,NA,NA,NA,NA,NA,NA,118.4,1884,13.43,NA,2.63,263.8
"MARSHAWNLYNCH","Marshawn Lynch","RB","SEA",3,26,NA,NA,NA,NA,NA,1338,11.68,68,564,1.61,NA,3.14,263.6
"ALEXSMITH","Alex Smith","QB","KC",16,27,517.3,309.9,3234,27.3,9.64,405,1.69,NA,NA,NA,NA,3.93,262
"ANDYDALTON","Andy Dalton","QB","CIN",17,28,518.7,298.9,3791,29.39,15.48,196,1.52,NA,NA,NA,NA,2.85,261.2
"JOSHMCCOWN","Josh McCown","QB","TB",18,29,537.6,345.2,3893,25.88,10.12,178,1.76,NA,NA,NA,NA,3.89,259.6
"ADRIANPETERSON","Adrian Peterson","RB","MIN",4,30,NA,NA,NA,NA,NA,1353,10.12,62.6,417,3.96,NA,3.3,254.9
"JEREMYKERLEY","Jeremy Kerley","WR","NYJ",9,31,NA,NA,NA,NA,NA,NA,NA,140.5,1769,12.46,NA,1.6,251.7
"EDDIELACY","Eddie Lacy","RB","GB",5,32,NA,NA,NA,NA,NA,1413,11.44,46.8,315,2.66,NA,3.4,250.5
"MATTFORTE","Matt Forte","RB","CHI",6,33,NA,NA,NA,NA,NA,1408,9.87,61.5,499,0.99,NA,3.59,248.7
"ALFREDMORRIS","Alfred Morris","RB","WAS",7,34,NA,NA,NA,NA,NA,1555,11.24,19.6,158,2.18,NA,3.19,245.5
"MIKEBROWN","Mike Brown","WR","JAC",10,35,NA,NA,NA,NA,NA,NA,NA,141.5,1910,10.7,NA,5.35,244.5
"DOUGMARTIN","Doug Martin","RB","TB",8,36,NA,NA,NA,NA,NA,1256,7.46,72.5,512,4.17,NA,3.56,239.9
"SAMBRADFORD","Sam Bradford","QB","STL",19,37,526.6,304.1,3775,23.36,10.86,159,1.1,NA,NA,NA,NA,5.27,234.6
"CHADHENNE","Chad Henne","QB","JAC",20,38,588.3,335.1,3916,16.3,15.56,383,2.23,NA,NA,NA,NA,4.22,234
"BENROETHLISBERGER","Ben Roethlisberger","QB","PIT",21,39,578.6,365.1,4044,20.42,11.69,109,0.61,NA,NA,NA,NA,4.71,225.2
"TOMBRADY","Tom Brady","QB","NE",22,40,623.9,358.6,4129,21.51,13.73,43,0.97,NA,NA,NA,NA,5.15,223.5
"CARSONPALMER","Carson Palmer","QB","ARI",23,41,603.2,366.4,4407,22.01,19.64,5,0.27,NA,NA,NA,NA,3.87,219.4
"AJGREEN","A.J. Green","WR","CIN",11,42,NA,NA,NA,NA,NA,NA,NA,100.9,1511,11.26,NA,0.92,217.8
"MATTHEWSTAFFORD","Matthew Stafford","QB","DET",24,43,645.4,364.1,4221,18.66,16.47,112,1.17,NA,NA,NA,NA,6.18,216.4
"ANTHONYSHERMAN","Anthony Sherman","RB","KC",9,44,NA,NA,NA,NA,NA,2,0.01,169.1,1638,10.08,NA,4.21,216.1
"PIERRETHOMAS","Pierre Thomas","RB","NO",9,44,NA,NA,NA,NA,NA,433,2.57,149,964,10.98,NA,2.59,216.1
"LEVEONBELL","Le'Veon Bell","RB","PIT",11,46,NA,NA,NA,NA,NA,1121,7.76,55.1,473,2.75,NA,3.26,215.9
"RYANTANNEHILL","Ryan Tannehill","QB","MIA",25,47,619.8,351.5,3801,19.67,15.76,165,1.01,NA,NA,NA,NA,5.14,211.5
"CHRISTIANPONDER","Christian Ponder","QB","MIN",26,48,527.9,324.1,3556,15.3,15.73,315,3.1,NA,NA,NA,NA,6.68,208.7
"GREGOLSEN","Greg Olsen","TE","CAR",1,49,NA,NA,NA,NA,NA,NA,NA,141,1554,8.99,NA,1.29,206.8
"EJMANUEL","EJ Manuel","QB","BUF",27,50,526.9,309.8,3314,15.39,11.94,328,2.13,NA,NA,NA,NA,5.6,204.6
"GENOSMITH","Geno Smith","QB","NYJ",28,51,488.7,267.5,3143,13.68,20.01,426,3.99,NA,NA,NA,NA,4.57,197.8
"ZACHMILLER","Zach Miller","TE","SEA",2,52,NA,NA,NA,NA,NA,NA,NA,85.4,1070,15.13,NA,0.78,196.2
"ANTONIOBROWN","Antonio Brown","WR","PIT",12,53,NA,NA,NA,NA,NA,NA,NA,107.7,1414,6.49,NA,2.03,192.6
"MATTSCHAUB","Matt Schaub","QB","OAK",29,54,572.6,340.3,3940,17.64,16.97,7,0.04,NA,NA,NA,NA,1.53,192.1
"JORDYNELSON","Jordy Nelson","WR","GB",13,55,NA,NA,NA,NA,NA,NA,NA,92,1390,8.84,NA,0.85,190.3
"ALSHONJEFFERY","Alshon Jeffery","WR","CHI",14,56,NA,NA,NA,NA,NA,NA,NA,86.1,1308,8.5,NA,1.59,190
"JOEFLACCO","Joe Flacco","QB","BAL",30,57,583.9,331.8,3585,16.69,15.51,113,1.01,NA,NA,NA,NA,4.6,187.3
"JAMAALCHARLES","Jamaal Charles","RB","KC",12,58,NA,NA,NA,NA,NA,1324,8.79,1.9,18,0.53,NA,2.37,185.4
"MARQUESCOLSTON","Marques Colston","WR","NO",15,59,NA,NA,NA,NA,NA,NA,NA,119,1499,6.18,NA,1.05,184.8
"JASONWITTEN","Jason Witten","TE","DAL",3,60,NA,NA,NA,NA,NA,NA,NA,105,1059,13.23,NA,0.9,183.5
"JORDANREED","Jordan Reed","TE","WAS",4,61,NA,NA,NA,NA,NA,NA,NA,91.5,1015,13.23,NA,0.82,182.9
"JOIQUEBELL","Joique Bell","RB","DET",13,62,NA,NA,NA,NA,NA,576,4.92,76.7,680,5.2,NA,2.14,182.2
"BRANDONMARSHALL","Brandon Marshall","WR","CHI",16,63,NA,NA,NA,NA,NA,NA,NA,95.1,1317,8.41,NA,0.87,180.4
"CORDARRELLEPATTERSON","Cordarrelle Patterson","WR","MIN",17,64,NA,NA,NA,NA,NA,NA,NA,77.1,812,5.99,NA,1.04,179.8
"VICTORCRUZ","Victor Cruz","WR","NYG",18,65,NA,NA,NA,NA,NA,NA,NA,109.7,1403,6.52,NA,0.98,177.4
"CHARLESCLAY","Charles Clay","TE","MIA",5,66,NA,NA,NA,NA,NA,NA,NA,110.1,1215,9.41,NA,0.97,176.2
"GARRETTGRAHAM","Garrett Graham","TE","HOU",6,67,NA,NA,NA,NA,NA,NA,NA,68.1,654,18.87,NA,1.31,176
"BRIANHOYER","Brian Hoyer","QB","CLE",31,68,653.3,376.2,3450,16.93,19.14,68,0.38,NA,NA,NA,NA,1.05,174.4
"SHANEVEREEN","Shane Vereen","RB","NE",14,69,NA,NA,NA,NA,NA,835,5.98,56.4,512,0.79,NA,2.03,171.7
"MONTEEBALL","Montee Ball","RB","DEN",15,70,NA,NA,NA,NA,NA,1010,6.46,18.2,122,3.48,NA,2.46,168
"ELIMANNING","Eli Manning","QB","NYG",32,71,571.3,320.1,3735,16.15,23.38,42,0.29,NA,NA,NA,NA,3.52,166.1
"ZACSTACY","Zac Stacy","RB","STL",16,72,NA,NA,NA,NA,NA,966,6.31,40.2,229,1.68,NA,2.75,161.9
"RASHADJENNINGS","Rashad Jennings","RB","NYG",17,73,NA,NA,NA,NA,NA,705,5.12,59.5,515,2.26,NA,2.26,161.7
"STEVANRIDLEY","Stevan Ridley","RB","NE",18,74,NA,NA,NA,NA,NA,1087,9.11,2.3,18,0.01,NA,2.37,160.5
"ROBGRONKOWSKI","Rob Gronkowski","TE","NE",7,75,NA,NA,NA,NA,NA,NA,NA,80.9,1059,9.05,NA,0.77,158.9
"KENDALLWRIGHT","Kendall Wright","WR","TEN",19,76,NA,NA,NA,NA,NA,NA,NA,109.2,1207,6.57,NA,1.35,157.7
"RAYRICE","Ray Rice","RB","BAL",19,77,NA,NA,NA,NA,NA,740,4.71,67.9,413,2.98,NA,2.67,156.1
"GIOVANIBERNARD","Giovani Bernard","RB","CIN",20,78,NA,NA,NA,NA,NA,762,4.64,50.2,441,2.02,NA,2.22,155.8
"DWAYNEALLEN","Dwayne Allen","TE","IND",8,79,NA,NA,NA,NA,NA,NA,NA,67,910,10.29,NA,0.76,151.3
"JEREMYMACLIN","Jeremy Maclin","WR","PHI",20,80,NA,NA,NA,NA,NA,NA,NA,80,1014,8.35,NA,0.74,150.1
"ARIANFOSTER","Arian Foster","RB","HOU",21,81,NA,NA,NA,NA,NA,1054,8.2,0,0,0,NA,2.29,150
"DENARIUSMOORE","Denarius Moore","WR","OAK",21,82,NA,NA,NA,NA,NA,NA,NA,83,1281,3.9,NA,0.84,149.9
"CHRISJOHNSON","Chris Johnson","RB","NYJ",22,83,NA,NA,NA,NA,NA,877,4.56,48.5,371,0.48,NA,2.68,149.6
"TOBYGERHART","Toby Gerhart","RB","JAC",23,84,NA,NA,NA,NA,NA,845,6.7,28,212,0.82,NA,2.61,145.7
"TORREYSMITH","Torrey Smith","WR","BAL",22,85,NA,NA,NA,NA,NA,NA,NA,67,1070,6.54,NA,0.6,145.3
"DANNYWOODHEAD","Danny Woodhead","RB","SD",24,86,NA,NA,NA,NA,NA,179,1.19,81.7,692,8.71,NA,1.22,144.4
"JAREDCOOK","Jared Cook","TE","STL",9,87,NA,NA,NA,NA,NA,NA,NA,76,968,7.97,NA,0.93,142.8
"MARVINJONES","Marvin Jones","WR","CIN",23,88,NA,NA,NA,NA,NA,NA,NA,56.6,875,8.21,NA,0.58,142.1
"JIMMYGRAHAM","Jimmy Graham","TE","NO",10,89,NA,NA,NA,NA,NA,NA,NA,67.2,999,6.7,NA,0.59,138.9
"MICHAELCRABTREE","Michael Crabtree","WR","SF",24,90,NA,NA,NA,NA,NA,NA,NA,76.2,1026,6.14,NA,0.84,138.3
"COBYFLEENER","Coby Fleener","TE","IND",11,91,NA,NA,NA,NA,NA,NA,NA,79.2,899,8.23,NA,0.72,137.8
"WESWELKER","Wes Welker","WR","DEN",25,92,NA,NA,NA,NA,NA,NA,NA,74.9,820,8.04,NA,1.56,136.5
"MAURICEJONESDREW","Maurice Jones-Drew","RB","OAK",25,93,NA,NA,NA,NA,NA,574,3.31,60.1,467,2.82,NA,2.38,136.3
"JULIANEDELMAN","Julian Edelman","WR","NE",26,94,NA,NA,NA,NA,NA,NA,NA,87.1,912,6.16,NA,3.57,136.2
"FREDJACKSON","Fred Jackson","RB","BUF",26,95,NA,NA,NA,NA,NA,590,4.38,59.9,490,0.85,NA,1.9,135.6
"ANDREELLINGTON","Andre Ellington","RB","ARI",27,96,NA,NA,NA,NA,NA,616,4.49,46.5,455,0.32,NA,1.5,133
"CJSPILLER","C.J. Spiller","RB","BUF",28,97,NA,NA,NA,NA,NA,786,3.72,49.7,348,0.31,NA,2.32,132.9
"MIKEWALLACE","Mike Wallace","WR","MIA",27,98,NA,NA,NA,NA,NA,NA,NA,99.4,1273,1.14,NA,0.89,132.6
"CHRISGIVENS","Chris Givens","WR","STL",28,99,NA,NA,NA,NA,NA,NA,NA,69.1,1134,3.11,NA,0.7,131.7
"RODSTREATER","Rod Streater","WR","OAK",28,99,NA,NA,NA,NA,NA,NA,NA,74.9,1040,4.8,NA,0.82,131.7
"TRENTRICHARDSON","Trent Richardson","RB","IND",29,101,NA,NA,NA,NA,NA,645,4.36,35.8,301,2.38,NA,2.17,130.7
"RYANMATHEWS","Ryan Mathews","RB","SD",30,102,NA,NA,NA,NA,NA,1000,5.41,3.9,29,0.02,NA,2.52,130.4
"CALVINJOHNSON","Calvin Johnson","WR","DET",30,103,NA,NA,NA,NA,NA,NA,NA,76,1225,1.52,NA,0.73,130.1
"RASHARDMENDENHALL","Rashard Mendenhall","RB","ARI",31,104,NA,NA,NA,NA,NA,681,6.61,31.6,258,0.19,NA,2.95,128.8
"DOUGBALDWIN","Doug Baldwin","WR","SEA",31,105,NA,NA,NA,NA,NA,NA,NA,58.3,952,5.47,NA,0.52,127.4
"LAMARMILLER","Lamar Miller","RB","MIA",32,106,NA,NA,NA,NA,NA,478,2.23,50.3,378,5.22,NA,1.59,127.2
"SHONNGREENE","Shonn Greene","RB","TEN",33,107,NA,NA,NA,NA,NA,887,6.5,3.2,23,0.02,NA,2.29,125.6
"ANQUANBOLDIN","Anquan Boldin","WR","SF",32,108,NA,NA,NA,NA,NA,NA,NA,71.4,943,5.2,NA,0.66,125.2
"KENNYSTILLS","Kenny Stills","WR","NO",33,109,NA,NA,NA,NA,NA,NA,NA,46.8,813,6.94,NA,0.4,122.1
"MARTELLUSBENNETT","Martellus Bennett","TE","CHI",12,110,NA,NA,NA,NA,NA,NA,NA,65.6,777,7.59,NA,0.6,122
"FRANKGORE","Frank Gore","RB","SF",34,111,NA,NA,NA,NA,NA,824,6.65,2.1,19,0.01,NA,1.98,120.3
"DARRENMCFADDEN","Darren McFadden","RB","OAK",35,112,NA,NA,NA,NA,NA,564,4.14,41.2,304,1.87,NA,2.03,118.9
"EDWINBAKER","Edwin Baker","RB","CLE",36,113,NA,NA,NA,NA,NA,561,3.89,46.5,362,1.06,NA,1.6,118.8
"MIKEWILLIAMS","Mike Williams","WR","BUF",34,114,NA,NA,NA,NA,NA,NA,NA,67.8,803,6.4,NA,0.63,117.4
"ZACHERTZ","Zach Ertz","TE","PHI",13,115,NA,NA,NA,NA,NA,NA,NA,49.5,671,8.11,NA,0.45,114.9
"DEANGELOWILLIAMS","DeAngelo Williams","RB","CAR",37,116,NA,NA,NA,NA,NA,468,2.07,52.6,470,1.57,NA,1.77,112.1
"GOLDENTATE","Golden Tate","WR","DET",35,117,NA,NA,NA,NA,NA,NA,NA,76,973,1.29,NA,1.23,111.8
"JORDANCAMERON","Jordan Cameron","TE","CLE",14,118,NA,NA,NA,NA,NA,NA,NA,41,451,11.1,NA,0.36,111
"RUEBENRANDLE","Rueben Randle","WR","NYG",36,119,NA,NA,NA,NA,NA,NA,NA,60.9,948,3.08,NA,2.88,110.8
"KNOWSHONMORENO","Knowshon Moreno","RB","MIA",38,120,NA,NA,NA,NA,NA,598,4.48,30.3,260,0.19,NA,1.57,110.7
"STEVENJACKSON","Steven Jackson","RB","ATL",39,121,NA,NA,NA,NA,NA,541,4.84,32.4,226,0.64,NA,1.92,105.7
"BRANDONPETTIGREW","Brandon Pettigrew","TE","DET",15,122,NA,NA,NA,NA,NA,NA,NA,70.3,655,7.21,NA,1.71,105.3
"PIERREGARCON","Pierre Garcon","WR","WAS",37,123,NA,NA,NA,NA,NA,NA,NA,74.6,970,1.27,NA,0.68,104.1
"JONATHANSTEWART","Jonathan Stewart","RB","CAR",40,124,NA,NA,NA,NA,NA,441,1.79,59.5,466,1.12,NA,2.15,103.9
"TERRANCEWILLIAMS","Terrance Williams","WR","DAL",38,125,NA,NA,NA,NA,NA,NA,NA,40.8,706,5.3,NA,0.88,100.8
"RODDYWHITE","Roddy White","WR","ATL",39,126,NA,NA,NA,NA,NA,NA,NA,80.5,940,1.29,NA,1.1,99.5
"BENTATE","Ben Tate","RB","CLE",41,127,NA,NA,NA,NA,NA,563,2.62,59.9,300,0.35,NA,2.7,98.7
"NATEBURLESON","Nate Burleson","WR","CLE",40,128,NA,NA,NA,NA,NA,NA,NA,88.5,870,1.82,NA,0.99,96.4
"SIDNEYRICE","Sidney Rice","WR","SEA",41,129,NA,NA,NA,NA,NA,NA,NA,43.1,740,3.87,NA,0.7,95.9
"MARKINGRAM","Mark Ingram","RB","NO",42,130,NA,NA,NA,NA,NA,687,4.16,3.4,29,0.02,NA,1.48,93.8
"JACQUIZZRODGERS","Jacquizz Rodgers","RB","ATL",43,131,NA,NA,NA,NA,NA,286,1.64,55.2,391,2.15,NA,1.5,93.5
"MIKETOLBERT","Mike Tolbert","RB","CAR",44,132,NA,NA,NA,NA,NA,150,1.24,64.9,550,2.9,NA,0.95,93.3
"RONNIEHILLMAN","Ronnie Hillman","RB","DEN",45,133,NA,NA,NA,NA,NA,538,2.9,21.9,188,1.05,NA,2.43,91.5
"STEVESMITH","Steve Smith","WR","BAL",42,134,NA,NA,NA,NA,NA,NA,NA,72.5,888,0.53,NA,0.67,91.1
"STEVEJOHNSON","Steve Johnson","WR","SF",43,135,NA,NA,NA,NA,NA,NA,NA,62.7,780,2.08,NA,0.62,90.6
"JEROMESIMPSON","Jerome Simpson","WR","MIN",44,136,NA,NA,NA,NA,NA,NA,NA,56.7,881,0.35,NA,1,88.2
"DWAYNEBOWE","Dwayne Bowe","WR","KC",45,137,NA,NA,NA,NA,NA,NA,NA,29.2,327,9.17,NA,0.26,87.2
"JERMAINEGRESHAM","Jermaine Gresham","TE","CIN",16,138,NA,NA,NA,NA,NA,NA,NA,55.4,593,4.94,NA,1.6,85.8
"MALCOMFLOYD","Malcom Floyd","WR","SD",46,139,NA,NA,NA,NA,NA,NA,NA,47.7,795,1.15,NA,0.44,85.5
"DELANIEWALKER","Delanie Walker","TE","TEN",17,140,NA,NA,NA,NA,NA,NA,NA,51.6,493,5.96,NA,0.62,84.2
"TJGRAHAM","T.J. Graham","WR","BUF",47,141,NA,NA,NA,NA,NA,NA,NA,41.5,580,3.37,NA,1.28,82.7
"REGGIEBUSH","Reggie Bush","RB","DET",46,142,NA,NA,NA,NA,NA,599,3.47,4.2,37,0.04,NA,1.92,80.8
"CECILSHORTS","Cecil Shorts","WR","JAC",48,143,NA,NA,NA,NA,NA,NA,NA,58.1,757,0.96,NA,0.54,80.1
"CHRISTOPHERIVORY","Christopher Ivory","RB","NYJ",47,144,NA,NA,NA,NA,NA,606,3.16,2.6,17,0.02,NA,1.33,78.7
"ANTHONYFASANO","Anthony Fasano","TE","KC",18,145,NA,NA,NA,NA,NA,NA,NA,55.1,559,3.85,NA,0.5,77.9
"DONALDBROWN","Donald Brown","RB","SD",48,146,NA,NA,NA,NA,NA,513,4.38,0.9,7,0.24,NA,0.99,77.8
"ANDREWQUARLESS","Andrew Quarless","TE","GB",19,147,NA,NA,NA,NA,NA,NA,NA,53.3,570,3.58,NA,0.49,77.5
"HEATHMILLER","Heath Miller","TE","PIT",20,148,NA,NA,NA,NA,NA,NA,NA,66.4,629,2.38,NA,0.65,75.9
"REGGIEWAYNE","Reggie Wayne","WR","IND",49,149,NA,NA,NA,NA,NA,NA,NA,59.9,721,0.75,NA,0.53,75.5
"JORDANTODMAN","Jordan Todman","RB","JAC",49,150,NA,NA,NA,NA,NA,460,3.06,6.7,54,0.04,NA,1.45,75.1
"NATEWASHINGTON","Nate Washington","WR","TEN",50,151,NA,NA,NA,NA,NA,NA,NA,48.1,736,0.38,NA,0.44,74.9
"BENJARVUSGREENELLIS","BenJarvus Green-Ellis","RB","CIN",50,152,NA,NA,NA,NA,NA,544,3.58,2.9,16,0.02,NA,1.66,74.3
"KENDALLHUNTER","Kendall Hunter","RB","SF",51,153,NA,NA,NA,NA,NA,518,3.93,0.6,4,0,NA,0.98,74
"JARIUSWRIGHT","Jarius Wright","WR","MIN",51,154,NA,NA,NA,NA,NA,NA,NA,39.4,607,2.1,NA,0.36,72.6
"TAVONAUSTIN","Tavon Austin","WR","STL",52,155,NA,NA,NA,NA,NA,NA,NA,34.4,409,3.83,NA,3.27,72.3
"OWENDANIELS","Owen Daniels","TE","BAL",21,156,NA,NA,NA,NA,NA,NA,NA,56.1,556,2.74,NA,0.49,71
"DEXTERMCCLUSTER","Dexter McCluster","WR","TEN",53,157,NA,NA,NA,NA,NA,NA,NA,44.4,439,0.48,NA,1.93,70
"DARRENSPROLES","Darren Sproles","RB","PHI",52,158,NA,NA,NA,NA,NA,159,1.15,43.1,367,0.5,NA,1.71,69.9
"LEONARDHANKERSON","Leonard Hankerson","WR","WAS",54,158,NA,NA,NA,NA,NA,NA,NA,39.8,578,2.13,NA,0.37,69.9
"TEDGINN","Ted Ginn Jr.","WR","ARI",55,160,NA,NA,NA,NA,NA,NA,NA,34.4,558,0.75,NA,0.76,69.5
"MARLONBROWN","Marlon Brown","WR","BAL",56,161,NA,NA,NA,NA,NA,NA,NA,49.5,539,2.71,NA,0.44,69.1
"KENNYBRITT","Kenny Britt","WR","STL",57,162,NA,NA,NA,NA,NA,NA,NA,46.1,526,2.97,NA,0.73,69
"DANNYAMENDOLA","Danny Amendola","WR","NE",58,163,NA,NA,NA,NA,NA,NA,NA,54.7,649,0.6,NA,0.55,68.2
"HAKEEMNICKS","Hakeem Nicks","WR","IND",59,164,NA,NA,NA,NA,NA,NA,NA,41.4,655,0.54,NA,0.37,68
"RILEYCOOPER","Riley Cooper","WR","PHI",60,165,NA,NA,NA,NA,NA,NA,NA,27.5,512,2.68,NA,0.26,66.8
"KNILEDAVIS","Knile Davis","RB","KC",53,166,NA,NA,NA,NA,NA,394,3.42,13.5,84,0.1,NA,1.74,66.6
"JARRETTBOYKIN","Jarrett Boykin","WR","GB",61,167,NA,NA,NA,NA,NA,NA,NA,37,487,2.94,NA,0.33,65.6
"ANDREBROWN","Andre Brown","RB","HOU",54,168,NA,NA,NA,NA,NA,266,2.43,28.7,175,1.42,NA,0.95,65.5
"AARONDOBSON","Aaron Dobson","WR","NE",62,169,NA,NA,NA,NA,NA,NA,NA,41.3,490,2.88,NA,0.61,65
"NICKTOON","Nick Toon","WR","NO",63,170,NA,NA,NA,NA,NA,NA,NA,31.5,538,1.58,NA,0.27,62.8
"VINCENTBROWN","Vincent Brown","WR","SD",64,171,NA,NA,NA,NA,NA,NA,NA,42.6,503,1.87,NA,0.39,60.8
"LANCEMOORE","Lance Moore","WR","PIT",65,172,NA,NA,NA,NA,NA,NA,NA,34.2,441,2.64,NA,0.31,59.4
"SCOTTCHANDLER","Scott Chandler","TE","BUF",22,173,NA,NA,NA,NA,NA,NA,NA,50.6,573,0.37,NA,0.76,58
"CHRISOGBONNAYA","Chris Ogbonnaya","RB","CLE",55,174,NA,NA,NA,NA,NA,54,0.19,60.7,497,0.36,NA,0.94,56.5
"PEYTONHILLIS","Peyton Hillis","RB","NYG",55,174,NA,NA,NA,NA,NA,399,2.3,6.6,53,0.17,NA,1.72,56.5
"MARKUSWHEATON","Markus Wheaton","WR","PIT",66,176,NA,NA,NA,NA,NA,NA,NA,38,435,1.97,NA,0.53,55.9
"KENBRELLTHOMPKINS","Kenbrell Thompkins","WR","NE",67,177,NA,NA,NA,NA,NA,NA,NA,31.7,427,2.07,NA,0.3,54.5
"ERICDECKER","Eric Decker","WR","NYJ",68,178,NA,NA,NA,NA,NA,NA,NA,37.9,523,0.32,NA,0.33,53.7
"ADRIENROBINSON","Adrien Robinson","TE","NYG",23,179,NA,NA,NA,NA,NA,NA,NA,46.4,440,1.71,NA,0.41,53.5
"BERNARDPIERCE","Bernard Pierce","RB","BAL",57,180,NA,NA,NA,NA,NA,416,2.09,1.9,10,0.09,NA,1.17,53.3
"TYHILTON","T.Y. Hilton","WR","IND",69,181,NA,NA,NA,NA,NA,NA,NA,25.5,345,2.14,NA,0.72,52.9
"DARRIUSHEYWARDBEY","Darrius Heyward-Bey","WR","PIT",70,182,NA,NA,NA,NA,NA,NA,NA,31.9,358,2.72,NA,0.31,52.1
"KYLERUDOLPH","Kyle Rudolph","TE","MIN",24,182,NA,NA,NA,NA,NA,NA,NA,44.3,481,0.81,NA,0.41,52.1
"ALDRICKROBINSON","Aldrick Robinson","WR","WAS",71,184,NA,NA,NA,NA,NA,NA,NA,18.8,350,2.7,NA,0.15,50.9
"DREWDAVIS","Drew Davis","WR","ATL",72,185,NA,NA,NA,NA,NA,NA,NA,28.7,412,1.67,NA,0.27,50.7
"MILESAUSTIN","Miles Austin","WR","CLE",73,186,NA,NA,NA,NA,NA,NA,NA,41,494,0.23,NA,0.37,50.1
"JAMESSTARKS","James Starks","RB","GB",58,187,NA,NA,NA,NA,NA,268,1.87,8.4,78,0.53,NA,0.57,48
"AHMADBRADSHAW","Ahmad Bradshaw","RB","IND",58,187,NA,NA,NA,NA,NA,278,2.07,9.7,75,0.25,NA,0.64,48
"TRAVISBENJAMIN","Travis Benjamin","WR","CLE",74,189,NA,NA,NA,NA,NA,NA,NA,26.6,411,0.96,NA,1.06,46.4
"ACESANDERS","Ace Sanders","WR","JAC",74,189,NA,NA,NA,NA,NA,NA,NA,36.3,374,1.12,NA,0.97,46.4
"AJJENKINS","A.J. Jenkins","WR","KC",76,191,NA,NA,NA,NA,NA,NA,NA,23.5,412,0.9,NA,0.21,46.2
"LARRYFITZGERALD","Larry Fitzgerald","WR","ARI",77,192,NA,NA,NA,NA,NA,NA,NA,38.5,431,0.37,NA,0.36,45.1
"ROYHELU","Roy Helu","RB","WAS",60,193,NA,NA,NA,NA,NA,173,1.84,20,159,0.3,NA,0.66,44.7
"THEORIDDICK","Theo Riddick","RB","DET",61,194,NA,NA,NA,NA,NA,181,2.21,11.9,87,0.53,NA,0.39,42.7
"DAMARISJOHNSON","Damaris Johnson","WR","PHI",78,195,NA,NA,NA,NA,NA,NA,NA,23.9,300,1.2,NA,1.18,41.2
"DWAYNEHARRIS","Dwayne Harris","WR","DAL",79,196,NA,NA,NA,NA,NA,NA,NA,11.3,149,1.28,NA,1.8,41.1
"ANTONIOGATES","Antonio Gates","TE","SD",25,197,NA,NA,NA,NA,NA,NA,NA,34.6,364,0.8,NA,0.43,40.3
"BRYCEBROWN","Bryce Brown","RB","BUF",62,198,NA,NA,NA,NA,NA,267,1.8,2.7,20,0.19,NA,0.59,39.6
"KEVINWALTER","Kevin Walter","WR","TEN",80,199,NA,NA,NA,NA,NA,NA,NA,32.4,373,0.45,NA,0.44,39.1
"LEGARRETTEBLOUNT","LeGarrette Blount","RB","PIT",63,200,NA,NA,NA,NA,NA,186,1.73,5.4,53,0.03,NA,0.47,38.4
"JONATHANGRIMES","Jonathan Grimes","RB","HOU",64,201,NA,NA,NA,NA,NA,129,1.2,15.3,157,0.74,NA,1,38.1
"BRIANQUICK","Brian Quick","WR","STL",81,202,NA,NA,NA,NA,NA,NA,NA,14.7,254,2.03,NA,0.15,37.3
"JASONSNELLING","Jason Snelling","RB","ATL",65,203,NA,NA,NA,NA,NA,109,0.65,28.3,214,0.22,NA,0.53,36.5
"RYANBROYLES","Ryan Broyles","WR","DET",82,203,NA,NA,NA,NA,NA,NA,NA,24.3,299,1.17,NA,0.2,36.5
"ERICPAGE","Eric Page","WR","TB",83,205,NA,NA,NA,NA,NA,NA,NA,13,226,0.4,NA,4.5,36.3
"DAVIDAUSBERRY","David Ausberry","TE","OAK",26,205,NA,NA,NA,NA,NA,NA,NA,30.4,276,1.54,NA,0.26,36.3
"JARONBROWN","Jaron Brown","WR","ARI",84,207,NA,NA,NA,NA,NA,NA,NA,23.7,329,0.62,NA,0.22,36.1
"MICHAELROBINSON","Michael Robinson","RB","SEA",66,208,NA,NA,NA,NA,NA,6,0.04,15.8,206,2.38,NA,0.17,35.4
"MATTASIATA","Matt Asiata","RB","MIN",66,208,NA,NA,NA,NA,NA,186,1.94,9.6,40,0.38,NA,0.59,35.4
"ROBERTTURBIN","Robert Turbin","RB","SEA",68,210,NA,NA,NA,NA,NA,177,0.99,10.6,91,0.4,NA,0.57,34.1
"RISHARDMATTHEWS","Rishard Matthews","WR","MIA",85,211,NA,NA,NA,NA,NA,NA,NA,20.9,243,1.58,NA,0.19,33.4
"ANTHONYMCCOY","Anthony McCoy","TE","SEA",27,212,NA,NA,NA,NA,NA,NA,NA,14.5,223,1.89,NA,0.12,33.3
"JOSEPHFAURIA","Joseph Fauria","TE","DET",28,213,NA,NA,NA,NA,NA,NA,NA,20,237,1.61,NA,0.17,33.1
"MOHAMEDSANU","Mohamed Sanu","WR","CIN",86,214,NA,NA,NA,NA,NA,NA,NA,20.8,227,1.77,NA,0.2,32.9
"SANTANAMOSS","Santana Moss","WR","WAS",86,214,NA,NA,NA,NA,NA,NA,NA,25.3,290,0.66,NA,0.53,32.9
"RICHARDGORDON","Richard Gordon","TE","KC",29,216,NA,NA,NA,NA,NA,NA,NA,16.9,184,2.45,NA,0.14,32.8
"ROBERTWOODS","Robert Woods","WR","BUF",88,217,NA,NA,NA,NA,NA,NA,NA,16.9,229,1.66,NA,0.15,32.6
"VICKBALLARD","Vick Ballard","RB","IND",69,218,NA,NA,NA,NA,NA,211,1.12,4.4,34,0.26,NA,0.53,31.8
"ALLENREISNER","Allen Reisner","TE","MIN",30,219,NA,NA,NA,NA,NA,NA,NA,25.5,249,1.11,NA,0.24,31
"BRUCEMILLER","Bruce Miller","RB","SF",70,220,NA,NA,NA,NA,NA,14,0.08,27.1,239,1.03,NA,0.53,30.9
"BRANDONMYERS","Brandon Myers","TE","TB",31,221,NA,NA,NA,NA,NA,NA,NA,26,262,0.72,NA,0.24,30
"JOHNKUHN","John Kuhn","RB","GB",71,222,NA,NA,NA,NA,NA,48,0.51,21.2,161,1.18,NA,0.9,29.8
"CHASECOFFMAN","Chase Coffman","TE","ATL",32,222,NA,NA,NA,NA,NA,NA,NA,19.9,244,0.97,NA,0.18,29.8
"MARIOMANNINGHAM","Mario Manningham","WR","NYG",89,224,NA,NA,NA,NA,NA,NA,NA,21.5,229,1.26,NA,0.38,29.6
"BRENTCELEK","Brent Celek","TE","PHI",33,225,NA,NA,NA,NA,NA,NA,NA,16.9,219,1.2,NA,0.24,28.6
"SHAUNDRAUGHN","Shaun Draughn","RB","CHI",72,226,NA,NA,NA,NA,NA,148,1.12,4.8,34,0.71,NA,0.52,28.3
"TYLEREIFERT","Tyler Eifert","TE","CIN",34,227,NA,NA,NA,NA,NA,NA,NA,18.8,201,1.39,NA,0.17,28.1
"GRIFFWHALEN","Griff Whalen","WR","IND",90,228,NA,NA,NA,NA,NA,NA,NA,14.8,180,1.02,NA,0.47,27.5
"DAVIDJOHNSON","David Johnson","TE","SD",35,228,NA,NA,NA,NA,NA,NA,NA,17.4,228,0.83,NA,0.15,27.5
"BOBBYRAINEY","Bobby Rainey","RB","TB",73,230,NA,NA,NA,NA,NA,136,1.16,10,48,0.41,NA,0.42,27.4
"JORVORSKIELANE","Jorvorskie Lane","RB","TB",74,231,NA,NA,NA,NA,NA,5,0.07,19.6,174,1.92,NA,1.64,26.8
"JAMESJONES","James Jones","WR","OAK",91,232,NA,NA,NA,NA,NA,NA,NA,17.7,206,1.06,NA,0.24,26.5
"JERRELJERNIGAN","Jerrel Jernigan","WR","NYG",92,233,NA,NA,NA,NA,NA,NA,NA,17.5,220,0.77,NA,0.25,26.1
"GREGLITTLE","Greg Little","WR","OAK",93,234,NA,NA,NA,NA,NA,NA,NA,16.7,189,1.17,NA,0.17,26
"JACOBYJONES","Jacoby Jones","WR","BAL",94,235,NA,NA,NA,NA,NA,NA,NA,0,0,0,NA,1.27,25.8
"LARODSTEPHENSHOWLING","LaRod Stephens-Howling","RB","PIT",75,236,NA,NA,NA,NA,NA,111,0.88,11.1,75,0.44,NA,0.47,25.6
"DAVIDPAULSON","David Paulson","TE","PIT",36,237,NA,NA,NA,NA,NA,NA,NA,20.1,218,1.17,NA,1.84,25.2
"STANLEYHAVILI","Stanley Havili","RB","IND",76,238,NA,NA,NA,NA,NA,4,0.04,20.7,157,1.51,NA,0.2,25
"CHRISOWUSU","Chris Owusu","WR","TB",95,238,NA,NA,NA,NA,NA,NA,NA,20,216,0.64,NA,0.2,25
"JAMESHANNA","James Hanna","TE","DAL",37,240,NA,NA,NA,NA,NA,NA,NA,21.8,188,1.08,NA,0.18,24.9
"MARQUISEGOODWIN","Marquise Goodwin","WR","BUF",96,241,NA,NA,NA,NA,NA,NA,NA,10.2,153,1.11,NA,0.43,24.5
"ERIKLORIG","Erik Lorig","RB","NO",77,242,NA,NA,NA,NA,NA,0,0,34.8,212,0.6,NA,0.33,24.4
"WILLTAUFOOU","Will Taufoou","RB","JAC",78,243,NA,NA,NA,NA,NA,1,0.01,24.7,142,1.65,NA,0.24,23.9
"VERNONDAVIS","Vernon Davis","TE","SF",38,244,NA,NA,NA,NA,NA,NA,NA,17.3,216,0.36,NA,0.15,23.4
"ISAIAHPEAD","Isaiah Pead","RB","STL",79,245,NA,NA,NA,NA,NA,124,0.64,7.1,51,0.35,NA,0.36,22.9
"JOSEPHRANDLE","Joseph Randle","RB","DAL",80,246,NA,NA,NA,NA,NA,89,0.79,8.3,68,0.42,NA,0.35,22.4
"MIKEJAMES","Mike James","RB","TB",81,247,NA,NA,NA,NA,NA,106,0.57,12.3,66,0.36,NA,0.32,22
"FREDDAVIS","Fred Davis","TE","WAS",39,248,NA,NA,NA,NA,NA,NA,NA,13.6,161,1.01,NA,0.13,21.9
"MERCEDESLEWIS","Mercedes Lewis","TE","JAC",40,249,NA,NA,NA,NA,NA,NA,NA,16.6,167,0.86,NA,0.22,21.4
"DIONLEWIS","Dion Lewis","RB","CLE",82,250,NA,NA,NA,NA,NA,94,0.86,11.2,50,0.31,NA,0.25,21.3
"ANDREROBERTS","Andre Roberts","WR","WAS",97,250,NA,NA,NA,NA,NA,NA,NA,16.7,196,0.34,NA,0.15,21.3
"FOZZYWHITTAKER","Fozzy Whittaker","RB","CLE",83,252,NA,NA,NA,NA,NA,48,0.19,4.2,35,0.93,NA,0.51,21.2
"JOHNCARLSON","John Carlson","TE","ARI",41,253,NA,NA,NA,NA,NA,NA,NA,21.2,205,0.14,NA,0.35,20.6
"BRANDONTATE","Brandon Tate","WR","CIN",98,254,NA,NA,NA,NA,NA,NA,NA,5.5,72,0.47,NA,1.79,19.5
"TOMCRABTREE","Tom Crabtree","TE","TB",42,255,NA,NA,NA,NA,NA,NA,NA,9.2,117,1.23,NA,0.09,18.9
"FRANKSUMMERS","Frank Summers","RB","BUF",84,256,NA,NA,NA,NA,NA,27,0.26,8.9,98,0.78,NA,0.13,18.5
"BRANDONGIBSON","Brandon Gibson","WR","MIA",99,257,NA,NA,NA,NA,NA,NA,NA,12.9,167,0.24,NA,0.12,17.9
"JOHNPHILLIPS","John Phillips","TE","SD",43,257,NA,NA,NA,NA,NA,NA,NA,14.5,124,0.95,NA,0.14,17.9
"VONTALEACH","Vonta Leach","RB","BAL",85,259,NA,NA,NA,NA,NA,21,0.17,14.9,95,0.98,NA,0.49,17.6
"MICHAELEGNEW","Michael Egnew","TE","MIA",44,259,NA,NA,NA,NA,NA,NA,NA,11.9,127,0.85,NA,0.11,17.6
"STEPHENHILL","Stephen Hill","WR","NYJ",100,261,NA,NA,NA,NA,NA,NA,NA,12.2,156,0.39,NA,0.21,17.5
"KESHAWNMARTIN","Keshawn Martin","WR","HOU",100,261,NA,NA,NA,NA,NA,NA,NA,0,0,0,NA,1.48,17.5
"JEREMYROSS","Jeremy Ross","WR","DET",100,261,NA,NA,NA,NA,NA,NA,NA,0,0,0,NA,1.78,17.5
"MIKETHOMAS","Mike Thomas","WR","HOU",103,264,NA,NA,NA,NA,NA,NA,NA,12.8,109,0.96,NA,0.72,17.2
"LESTARJEAN","Lestar Jean","WR","HOU",104,265,NA,NA,NA,NA,NA,NA,NA,10.6,136,0.6,NA,0.09,17
"CLYDEGATES","Clyde Gates","WR","NYJ",105,266,NA,NA,NA,NA,NA,NA,NA,9.2,109,0.06,NA,0.22,15.7
"BRICEBUTLER","Brice Butler","WR","OAK",106,267,NA,NA,NA,NA,NA,NA,NA,10.3,123,0.53,NA,0.08,15.4
"JULIUSTHOMAS","Julius Thomas","TE","DEN",45,268,NA,NA,NA,NA,NA,NA,NA,4.4,52,1.7,NA,0.04,15.3
"MICHEALSPURLOCK","Micheal Spurlock","WR","CHI",107,269,NA,NA,NA,NA,NA,NA,NA,0,0,0,NA,0.93,15.2
"LANCEKENDRICKS","Lance Kendricks","TE","STL",46,270,NA,NA,NA,NA,NA,NA,NA,8.7,109,0.72,NA,0.08,15.1
"AUSTINPETTIS","Austin Pettis","WR","STL",108,271,NA,NA,NA,NA,NA,NA,NA,8,96,0.69,NA,0.23,15
"DENARDROBINSON","Denard Robinson","WR","JAC",109,272,NA,NA,NA,NA,NA,NA,NA,11.6,152,0.07,NA,1.62,14.8
"ZACHPOTTER","Zach Potter","TE","HOU",47,273,NA,NA,NA,NA,NA,NA,NA,13.3,108,0.66,NA,0.13,14.6
"TRAVARISCADET","Travaris Cadet","RB","NO",86,274,NA,NA,NA,NA,NA,0,0,0,0,0,NA,1.32,13.8
"DEMARYIUSTHOMAS","Demaryius Thomas","WR","DEN",110,274,NA,NA,NA,NA,NA,NA,NA,4,48,1.52,NA,0.06,13.8
"DEVINHESTER","Devin Hester","WR","ATL",111,276,NA,NA,NA,NA,NA,NA,NA,0,0,0,NA,2.47,12.7
"DANIELTHOMAS","Daniel Thomas","RB","MIA",87,277,NA,NA,NA,NA,NA,21,0.16,8.3,57,0.67,NA,0.13,12.5
"FELIXJONES","Felix Jones","RB","PIT",88,278,NA,NA,NA,NA,NA,66,0.32,0.7,6,0.01,NA,0.33,12.3
"JACKIEBATTLE","Jackie Battle","RB","TEN",89,279,NA,NA,NA,NA,NA,49,0.33,5.8,49,0.04,NA,0.2,12.2
"COLLINMOONEY","Collin Mooney","RB","TEN",89,279,NA,NA,NA,NA,NA,15,0.05,10.3,66,0.68,NA,0.12,12.2
"KELLENWINSLOW","Kellen Winslow","TE","NYJ",48,279,NA,NA,NA,NA,NA,NA,NA,10.7,119,0.08,NA,0.09,12.2
"MICHAELCOX","Michael Cox","RB","NYG",91,282,NA,NA,NA,NA,NA,51,0.33,5.4,29,0.4,NA,0.28,11.8
"KEALOHAPILARES","Kealoha Pilares","WR","CAR",112,283,NA,NA,NA,NA,NA,NA,NA,2.3,34,1.19,NA,0.06,11.7
"JEROMEFELTON","Jerome Felton","RB","MIN",92,284,NA,NA,NA,NA,NA,0,0,9.3,72,0.73,NA,0.07,11.5
"MARCELREECE","Marcel Reece","RB","OAK",93,285,NA,NA,NA,NA,NA,14,0.08,9.2,89,0.1,NA,0.11,11.3
"JOSEPHANDERSON","Joseph Anderson","WR","CHI",113,285,NA,NA,NA,NA,NA,NA,NA,6,60,0.89,NA,0.06,11.3
"MARCUSTHIGPEN","Marcus Thigpen","RB","MIA",94,287,NA,NA,NA,NA,NA,0,0,0,0,0,NA,1.87,11.2
"LUKESTOCKER","Luke Stocker","TE","TB",49,287,NA,NA,NA,NA,NA,NA,NA,9.3,91,0.38,NA,0.08,11.2
"ALFONSOSMITH","Alfonso Smith","RB","ARI",95,289,NA,NA,NA,NA,NA,55,0.54,3.5,28,0.02,NA,0.99,10.9
"WESLYESAUNDERS","Weslye Saunders","TE","IND",50,289,NA,NA,NA,NA,NA,NA,NA,7.6,87,0.4,NA,0.08,10.9
"EDDIEROYAL","Eddie Royal","WR","SD",114,291,NA,NA,NA,NA,NA,NA,NA,0,0,0,NA,1.01,10.7
"DIONSIMS","Dion Sims","TE","MIA",51,292,NA,NA,NA,NA,NA,NA,NA,7.4,65,0.67,NA,0.07,10.3
"QUINTONPATTON","Quinton Patton","WR","SF",115,293,NA,NA,NA,NA,NA,NA,NA,5.2,51,0.85,NA,0.05,10.2
"JASONCAMPBELL","Jason Campbell","QB","CIN",33,294,28.4,15.3,177,0.83,0.64,9,0.04,NA,NA,NA,NA,0.18,9.9
"KYLEWILLIAMS","Kyle Williams","WR","KC",116,295,NA,NA,NA,NA,NA,NA,NA,2.7,31,0.02,NA,4.37,9.2
"LAMICHAELJAMES","LaMichael James","RB","SF",96,296,NA,NA,NA,NA,NA,0,0,0,0,0,NA,2.84,9.1
"TANDONDOSS","Tandon Doss","WR","JAC",117,296,NA,NA,NA,NA,NA,NA,NA,1.6,26,0.01,NA,0.46,9.1
"MICHAELHOOMANAWANUI","Michael Hoomanawanui","TE","NE",52,296,NA,NA,NA,NA,NA,NA,NA,6.7,89,0.05,NA,0.05,9.1
"CHRISTHOMPSON","Chris Thompson","RB","WAS",97,299,NA,NA,NA,NA,NA,0,0,0,0,0,NA,0.79,8.9
"JACOBTAMME","Jacob Tamme","TE","DEN",53,299,NA,NA,NA,NA,NA,NA,NA,6.9,66,0.37,NA,0.08,8.9
"DAMIANWILLIAMS","Damian Williams","WR","MIA",118,301,NA,NA,NA,NA,NA,NA,NA,5.5,64,0.12,NA,1.55,8.8
"DAVONEBESS","Davone Bess","WR","CLE",119,302,NA,NA,NA,NA,NA,NA,NA,4.1,48,0.03,NA,1.28,8.7
"STEPHENWILLIAMS","Stephen Williams","WR","JAC",120,303,NA,NA,NA,NA,NA,NA,NA,6.6,84,0.04,NA,0.06,8.5
"KENJONBARNER","Kenjon Barner","RB","CAR",98,304,NA,NA,NA,NA,NA,22,0.12,1.3,7,0.23,NA,0.33,8.3
"JEDCOLLINS","Jed Collins","TE","DET",54,304,NA,NA,NA,NA,NA,NA,NA,8.2,69,0.25,NA,0.09,8.3
"JERONMASTRUD","Jeron Mastrud","TE","CHI",55,306,NA,NA,NA,NA,NA,NA,NA,4.3,41,0.65,NA,0.04,7.9
"LEESMITH","Lee Smith","TE","BUF",56,307,NA,NA,NA,NA,NA,NA,NA,4.5,51,0.46,NA,0.04,7.8
"JUSTINFORSETT","Justin Forsett","RB","BAL",99,308,NA,NA,NA,NA,NA,60,0.3,0,0,0,NA,0.17,7.6
"VANCEMCDONALD","Vance McDonald","TE","SF",57,308,NA,NA,NA,NA,NA,NA,NA,3.8,41,0.59,NA,0.03,7.6
"KIRKCOUSINS","Kirk Cousins","QB","WAS",34,310,30.5,15.7,185,0.79,1.35,3,0.01,NA,NA,NA,NA,0.4,7.4
"DARRELYOUNG","Darrel Young","RB","WAS",100,310,NA,NA,NA,NA,NA,14,0.18,2.8,42,0.13,NA,0.06,7.4
"TRINDONHOLLIDAY","Trindon Holliday","WR","NYG",121,310,NA,NA,NA,NA,NA,NA,NA,0,0,0,NA,2.6,7.4
"DESEANJACKSON","DeSean Jackson","WR","WAS",122,313,NA,NA,NA,NA,NA,NA,NA,2.8,46,0.09,NA,0.31,6.6
"DAVIDREED","David Reed","WR","SF",123,314,NA,NA,NA,NA,NA,NA,NA,0,0,0,NA,0.19,6.5
"BRIANLEONARD","Brian Leonard","RB","TB",101,315,NA,NA,NA,NA,NA,2,0.01,3.5,23,0.64,NA,0.04,6.4
"CHRISRAINEY","Chris Rainey","RB","IND",102,316,NA,NA,NA,NA,NA,0,0,0,0,0,NA,1.72,6.3
"JOSHMORGAN","Josh Morgan","WR","CHI",124,317,NA,NA,NA,NA,NA,NA,NA,3.9,42,0.26,NA,0.12,5.8
"DANIELFELLS","Daniel Fells","TE","NYG",58,317,NA,NA,NA,NA,NA,NA,NA,3.5,43,0.26,NA,0.03,5.8
"DANTEROSARIO","Dante Rosario","TE","CHI",59,319,NA,NA,NA,NA,NA,NA,NA,1.7,21,0.6,NA,0.07,5.7
"SANTONIOHOLMES","Santonio Holmes","WR","NYJ",125,320,NA,NA,NA,NA,NA,NA,NA,3,49,0.12,NA,0.03,5.6
"BENJAMINWATSON","Benjamin Watson","TE","NO",60,320,NA,NA,NA,NA,NA,NA,NA,4.5,48,0.15,NA,0.05,5.6
"DALLASCLARK","Dallas Clark","TE","BAL",61,322,NA,NA,NA,NA,NA,NA,NA,4.5,41,0.23,NA,0.04,5.4
"TONYFIAMMETTA","Tony Fiammetta","RB","CHI",103,323,NA,NA,NA,NA,NA,0,0,3.1,44,0.17,NA,0.04,5.3
"BRIANHARTLINE","Brian Hartline","WR","MIA",126,323,NA,NA,NA,NA,NA,NA,NA,3.7,53,0.02,NA,0.03,5.3
"KYLEORTON","Kyle Orton","QB","DAL",35,325,12.6,8.5,94,0.55,0.45,0,0,NA,NA,NA,NA,0,5.1
"DAVIDNELSON","David Nelson","WR","NYJ",127,325,NA,NA,NA,NA,NA,NA,NA,4.2,50,0.03,NA,0.04,5.1
"DONNIEAVERY","Donnie Avery","WR","KC",128,327,NA,NA,NA,NA,NA,NA,NA,1.6,17,0.39,NA,0.04,4.9
"JERRICHOCOTCHERY","Jerricho Cotchery","WR","CAR",128,327,NA,NA,NA,NA,NA,NA,NA,1.5,21,0.51,NA,0.02,4.9
"GARRETTCELEK","Garrett Celek","TE","SF",62,327,NA,NA,NA,NA,NA,NA,NA,3.7,30,0.47,NA,0.48,4.9
"EDDICKSON","Ed Dickson","TE","CAR",63,330,NA,NA,NA,NA,NA,NA,NA,2.2,20,0.41,NA,0.03,4.8
"DAVIDWILSON","David Wilson","RB","NYG",104,331,NA,NA,NA,NA,NA,0,0,0,0,0,NA,0.21,4.6
"BILALPOWELL","Bilal Powell","RB","NYJ",104,331,NA,NA,NA,NA,NA,34,0.14,0.7,5,0,NA,0.09,4.6
"MICHAELVICK","Michael Vick","QB","NYJ",36,333,10.1,5.5,65,0.3,0.21,10,0.06,NA,NA,NA,NA,0.13,4.5
"ROBHOUSLER","Rob Housler","TE","ARI",64,333,NA,NA,NA,NA,NA,NA,NA,4,45,0.02,NA,0.04,4.5
"ORSONCHARLES","Orson Charles","RB","CIN",106,335,NA,NA,NA,NA,NA,0,0,3.1,34,0.15,NA,0.03,4.3
"ANDRECALDWELL","Andre Caldwell","WR","DEN",130,335,NA,NA,NA,NA,NA,NA,NA,1.1,13,0.4,NA,0.03,4.3
"HARRYDOUGLAS","Harry Douglas","WR","ATL",131,337,NA,NA,NA,NA,NA,NA,NA,3.4,35,0.02,NA,0.49,4.2
"JOHNCONNER","John Conner","RB","NYG",107,338,NA,NA,NA,NA,NA,0,0,3.5,23,0.28,NA,0.03,3.9
"CURTISPAINTER","Curtis Painter","QB","NYG",37,339,30.6,14.4,169,0.54,1.74,-3,0,NA,NA,NA,NA,0.64,3.8
"JERMAINEKEARSE","Jermaine Kearse","WR","SEA",132,339,NA,NA,NA,NA,NA,NA,NA,0,0,0,NA,0.57,3.8
"TYLERTHIGPEN","Tyler Thigpen","QB","CLE",38,341,13.6,8.1,72,0.34,0.27,0,0,NA,NA,NA,NA,0.01,3.7
"CLAYHARBOR","Clay Harbor","TE","JAC",65,341,NA,NA,NA,NA,NA,NA,NA,3.4,39,0.02,NA,0.17,3.7
"GREGJENNINGS","Greg Jennings","WR","MIN",133,343,NA,NA,NA,NA,NA,NA,NA,3.1,34,0.02,NA,0.03,3.4
"JEFFCUMBERLAND","Jeff Cumberland","TE","NYJ",66,344,NA,NA,NA,NA,NA,NA,NA,2.8,33,0.02,NA,0.02,3.3
"BLAINEGABBERT","Blaine Gabbert","QB","SF",39,345,10.2,5.4,66,0.29,0.44,3,0.01,NA,NA,NA,NA,0.14,3
"BEARPASCOE","Bear Pascoe","RB","ATL",108,345,NA,NA,NA,NA,NA,1,0.01,3.7,28,0.03,NA,0.04,3
"JAMESCASEY","James Casey","TE","PHI",67,347,NA,NA,NA,NA,NA,NA,NA,2.6,27,0.03,NA,0.02,2.9
"EARLBENNETT","Earl Bennett","WR","CHI",134,348,NA,NA,NA,NA,NA,NA,NA,0.9,9,0.23,NA,0.08,2.8
"MATTMOORE","Matt Moore","QB","MIA",40,349,21.5,9.2,101,0.43,1.23,0,0,NA,NA,NA,NA,0.34,2.6
"SCOTTTOLZIEN","Scott Tolzien","QB","GB",40,349,6.4,3.8,44,0.18,0.36,5,0.06,NA,NA,NA,NA,0.01,2.6
"LERONMCCLAIN","LeRon McClain","RB","SD",109,349,NA,NA,NA,NA,NA,21,0.11,0,0,0,NA,0.08,2.6
"LANCEDUNBAR","Lance Dunbar","RB","DAL",109,349,NA,NA,NA,NA,NA,0,0,0,0,0,NA,0.18,2.6
"BROCKOSWEILER","Brock Osweiler","QB","DEN",42,353,6.5,4.3,47,0.21,0.1,0,0,NA,NA,NA,NA,0.01,2.5
"BRANDONLLOYD","Brandon Lloyd","WR","SF",135,353,NA,NA,NA,NA,NA,NA,NA,1.7,19,0.09,NA,0.01,2.5
"BRUCEGRADKOWSKI","Bruce Gradkowski","QB","PIT",43,355,12.5,5.6,62,0.19,0.25,-1,0,NA,NA,NA,NA,0.15,2.4
"PATRICKEDWARDS","Patrick Edwards","WR","DET",136,355,NA,NA,NA,NA,NA,NA,NA,0,0,0,NA,0.11,2.4
"JEFFKING","Jeff King","TE","ARI",68,355,NA,NA,NA,NA,NA,NA,NA,3.1,24,0.02,NA,0.03,2.4
"CRAIGSTEVENS","Craig Stevens","TE","TEN",69,358,NA,NA,NA,NA,NA,NA,NA,2.5,24,0.02,NA,0.12,2.3
"CASEKEENUM","Case Keenum","QB","HOU",44,359,5.9,3.1,40,0.17,0.12,2,0.02,NA,NA,NA,NA,0.08,2.2
"DOMENIKHIXON","Domenik Hixon","WR","CAR",137,359,NA,NA,NA,NA,NA,NA,NA,0.6,6,0.14,NA,0.18,2.2
"DEREKANDERSON","Derek Anderson","QB","CAR",45,361,5.1,4,37,0.21,0.1,0,0,NA,NA,NA,NA,0,2.1
"TERRELLEPRYOR","Terrelle Pryor","QB","SEA",45,361,4.3,2.5,30,0.13,0.15,6,0.04,NA,NA,NA,NA,0.05,2.1
"BENHARTSOCK","Ben Hartsock","TE","CAR",70,361,NA,NA,NA,NA,NA,NA,NA,1.1,8,0.21,NA,0.01,2.1
"CHASEDANIEL","Chase Daniel","QB","KC",47,364,5.8,3.7,34,0.19,0.13,1,0,NA,NA,NA,NA,0,2
"KELLENCLEMENS","Kellen Clemens","QB","SD",47,364,5.9,3.3,40,0.19,0.17,1,0,NA,NA,NA,NA,0.08,2
"DANORLOVSKY","Dan Orlovsky","QB","DET",47,364,6.4,3.5,40,0.16,0.13,0,0,NA,NA,NA,NA,0,2
"MATTHASSELBECK","Matt Hasselbeck","QB","IND",50,367,6,3.4,39,0.18,0.18,0,0,NA,NA,NA,NA,0.03,1.9
"MATTCASSEL","Matt Cassel","QB","MIN",51,368,5.8,3.4,37,0.15,0.2,2,0.01,NA,NA,NA,NA,0.06,1.8
"MIKEGLENNON","Mike Glennon","QB","TB",51,368,5.4,3.1,34,0.16,0.1,0,0,NA,NA,NA,NA,0.04,1.8
"TJYATES","T.J. Yates","QB","ATL",53,370,7.3,4.5,51,0.21,0.43,0,0,NA,NA,NA,NA,0.18,1.7
"BRADSMELLEY","Brad Smelley","RB","HOU",111,370,NA,NA,NA,NA,NA,0,0,2.5,11,0.11,NA,0.02,1.7
"MATTMCGLOIN","Matt McGloin","QB","OAK",54,372,5.7,3,36,0.15,0.22,1,0,NA,NA,NA,NA,0.06,1.6
"CHRISGRONKOWSKI","Chris Gronkowski","RB","SD",112,372,NA,NA,NA,NA,NA,0,0,1.1,12,0.04,NA,0.02,1.6
"JALENPARMELE","Jalen Parmele","RB","ARI",112,372,NA,NA,NA,NA,NA,0,0,0,0,0,NA,0.06,1.6
"NILESPAUL","Niles Paul","TE","WAS",71,372,NA,NA,NA,NA,NA,NA,NA,0,0,0,NA,0.07,1.6
"LOGANPAULSEN","Logan Paulsen","TE","WAS",71,372,NA,NA,NA,NA,NA,NA,NA,1.4,15,0.03,NA,0.04,1.6
"THADDEUSLEWIS","Thaddeus Lewis","QB","BUF",55,377,4.9,2.9,31,0.12,0.09,1,0.01,NA,NA,NA,NA,0.11,1.5
"JACOBYFORD","Jacoby Ford","WR","NYJ",138,377,NA,NA,NA,NA,NA,NA,NA,0.9,8,0,NA,1.81,1.5
"BRADSMITH","Brad Smith","WR","PHI",138,377,NA,NA,NA,NA,NA,NA,NA,1,12,0.06,NA,0.03,1.5
"LUKEMCCOWN","Luke McCown","QB","NO",56,380,6.4,2.8,31,0.1,0.12,0,0,NA,NA,NA,NA,0,1.4
"ARMANTIEDWARDS","Armanti Edwards","WR","CHI",140,381,NA,NA,NA,NA,NA,NA,NA,0,0,0,NA,0.08,1.3
"TYRODTAYLOR","Tyrod Taylor","QB","BAL",57,382,5.7,2.6,27,0.1,0.3,2,0.01,NA,NA,NA,NA,0.01,1.2
"MARKSANCHEZ","Mark Sanchez","QB","PHI",57,382,5.2,2.9,32,0.12,0.19,0,0,NA,NA,NA,NA,0.09,1.2
"JIMDRAY","Jim Dray","TE","CLE",73,382,NA,NA,NA,NA,NA,NA,NA,0.5,5,0.12,NA,0.01,1.2
"JASONAVANT","Jason Avant","WR","CAR",141,385,NA,NA,NA,NA,NA,NA,NA,0.6,5,0.1,NA,0,1.1
"LEONWASHINGTON","Leon Washington","RB","TEN",114,386,NA,NA,NA,NA,NA,0,0,0,0,0,NA,0.09,1
"COLEBEASLEY","Cole Beasley","WR","DAL",142,387,NA,NA,NA,NA,NA,NA,NA,0,0,0,NA,0.2,0.9
"TIQUANUNDERWOOD","Tiquan Underwood","WR","CAR",142,387,NA,NA,NA,NA,NA,NA,NA,0,0,0,NA,0.04,0.9
"RYANMALLETT","Ryan Mallett","QB","NE",59,389,6.1,2.4,28,0.09,0.33,-1,0,NA,NA,NA,NA,0,0.8
"PERCYHARVIN","Percy Harvin","WR","SEA",144,390,NA,NA,NA,NA,NA,NA,NA,0,0,0,NA,0.01,0.7
"ERICWEEMS","Eric Weems","WR","CHI",144,390,NA,NA,NA,NA,NA,NA,NA,0,0,0,NA,0.13,0.7
"KEILANDWILLIAMS","Keiland Williams","RB","WAS",115,392,NA,NA,NA,NA,NA,0,0,1,6,0,NA,0.01,0.6
"JOEMCKNIGHT","Joe McKnight","RB","KC",116,393,NA,NA,NA,NA,NA,0,0,0,0,0,NA,0.04,0.5
"KAHLILBELL","Kahlil Bell","RB","GB",116,393,NA,NA,NA,NA,NA,0,0,0,0,0,NA,0.04,0.5
"LOUISMURPHY","Louis Murphy","WR","TB",146,393,NA,NA,NA,NA,NA,NA,NA,0.3,2,0.06,NA,0.01,0.5
"GREGJONES","Greg Jones","RB","HOU",118,396,NA,NA,NA,NA,NA,1,0.01,0,0,0,NA,0.02,0.4
"PLAXICOBURRESS","Plaxico Burress","WR","PIT",147,396,NA,NA,NA,NA,NA,NA,NA,0.2,3,0.02,NA,0,0.4
"JEREMYSTEWART","Jeremy Stewart","RB","OAK",119,398,NA,NA,NA,NA,NA,0,0,0,0,0,NA,0.02,0.3
"JOEWEBB","Joe Webb","WR","CAR",148,398,NA,NA,NA,NA,NA,NA,NA,0,0,0,NA,0.06,0.3
"KEVINOGLETREE","Kevin Ogletree","WR","DET",148,398,NA,NA,NA,NA,NA,NA,NA,0,0,0,NA,0.01,0.3
"LAVELLEHAWKINS","Lavelle Hawkins","WR","TB",148,398,NA,NA,NA,NA,NA,NA,NA,0,0,0,NA,0.01,0.3
"JOSHUACRIBBS","Joshua Cribbs","WR","NYJ",148,398,NA,NA,NA,NA,NA,NA,NA,0,0,0,NA,0.03,0.3
"DORINDICKERSON","Dorin Dickerson","TE","TEN",74,398,NA,NA,NA,NA,NA,NA,NA,0,0,0,NA,0.08,0.3
"ALEXGREEN","Alex Green","RB","NYJ",120,404,NA,NA,NA,NA,NA,0,0,0,0,0,NA,0.01,0.2
"CYRUSGRAY","Cyrus Gray","RB","KC",120,404,NA,NA,NA,NA,NA,0,0,0,0,0,NA,0,0.2
"RONNIEBROWN","Ronnie Brown","RB","SD",120,404,NA,NA,NA,NA,NA,0,0,0,0,0,NA,0.01,0.2
"MATTHEWSLATER","Matthew Slater","WR","NE",152,404,NA,NA,NA,NA,NA,NA,NA,0,0,0,NA,0.02,0.2
"DEONTETHOMPSON","Deonte Thompson","WR","BAL",152,404,NA,NA,NA,NA,NA,NA,NA,0,0,0,NA,0.01,0.2
"STEPHENBURTON","Stephen Burton","WR","JAC",152,404,NA,NA,NA,NA,NA,NA,NA,0,0,0,NA,0.01,0.2
"DJWILLIAMS","D.J. Williams","TE","NE",75,404,NA,NA,NA,NA,NA,NA,NA,0,0,0,NA,0.01,0.2
"EVANROYSTER","Evan Royster","RB","WAS",123,411,NA,NA,NA,NA,NA,0,0,0,0,0,NA,0,0.1
"ANTHONYDIXON","Anthony Dixon","RB","BUF",123,411,NA,NA,NA,NA,NA,0,0,0,0,0,NA,0,0.1
"DANHERRON","Dan Herron","RB","IND",123,411,NA,NA,NA,NA,NA,0,0,0,0,0,NA,0,0.1
"TYLERCLUTTS","Tyler Clutts","RB","DAL",123,411,NA,NA,NA,NA,NA,0,0,0.8,4,0.03,NA,0.3,0.1
"MICHAELFORD","Michael Ford","RB","CHI",123,411,NA,NA,NA,NA,NA,0,0,0,0,0,NA,0,0.1
"LAQUANWILLIAMS","LaQuan Williams","WR","BAL",155,411,NA,NA,NA,NA,NA,NA,NA,0,0,0,NA,0.01,0.1
"BRANDONLAFELL","Brandon LaFell","WR","NE",155,411,NA,NA,NA,NA,NA,NA,NA,0,0,0,NA,0.03,0.1
"JOSHBELLAMY","Josh Bellamy","WR","CHI",155,411,NA,NA,NA,NA,NA,NA,NA,0,0,0,NA,0,0.1
"MARCUSEASLEY","Marcus Easley","WR","BUF",155,411,NA,NA,NA,NA,NA,NA,NA,0,0,0,NA,0,0.1
"GREGMCELROY","Greg McElroy","QB","CIN",60,420,0,0,0,0,0,0,0,NA,NA,NA,NA,0,0
"BRANDONWEEDEN","Brandon Weeden","QB","DAL",60,420,0,0,0,0,0,0,0,NA,NA,NA,NA,0,0
"COLTMCCOY","Colt McCoy","QB","WAS",60,420,0,0,0,0,0,0,0,NA,NA,NA,NA,0,0
"RYANLINDLEY","Ryan Lindley","QB","ARI",60,420,0,0,0,0,0,0,0,NA,NA,NA,NA,0,0
"MATTFLYNN","Matt Flynn","QB","GB",60,420,0,0,0,0,0,0,0,NA,NA,NA,NA,0,0
"DREWSTANTON","Drew Stanton","QB","ARI",60,420,0,0,0,0,0,0,0,NA,NA,NA,NA,0,0
"CHARLIEWHITEHURST","Charlie Whitehurst","QB","TEN",60,420,0,0,0,0,0,0,0,NA,NA,NA,NA,0,0
"SHAUNHILL","Shaun Hill","QB","STL",60,420,0,0,0,0,0,0,0,NA,NA,NA,NA,0,0
"RICKYSTANZI","Ricky Stanzi","QB","JAC",60,420,0,0,0,0,0,0,0,NA,NA,NA,NA,0,0
"DELONECARTER","Delone Carter","RB","JAC",128,420,NA,NA,NA,NA,NA,0,0,0,0,0,NA,0,0
"JONATHANDWYER","Jonathan Dwyer","RB","ARI",128,420,NA,NA,NA,NA,NA,0,0,0,0,0,NA,0,0
"MICHAELSMITH","Michael Smith","RB","TB",128,420,NA,NA,NA,NA,NA,0,0,0,0,0,NA,0,0
"DARYLRICHARDSON","Daryl Richardson","RB","NYJ",128,420,NA,NA,NA,NA,NA,0,0,0,0,0,NA,0,0
"BRADIEEWING","Bradie Ewing","RB","JAC",128,420,NA,NA,NA,NA,NA,0,0,0,0,0,NA,0,0
"RYANWILLIAMS","Ryan Williams","RB","DAL",128,420,NA,NA,NA,NA,NA,0,0,0,0,0,NA,0,0
"MIKELLESHOURE","Mikel LeShoure","RB","DET",128,420,NA,NA,NA,NA,NA,0,0,0,0,0,NA,0,0
"BERNARDSCOTT","Bernard Scott","RB","BAL",128,420,NA,NA,NA,NA,NA,0,0,0,0,0,NA,0,0
"MIKECOX","Mike Cox","RB","ATL",128,420,NA,NA,NA,NA,NA,0,0,0,0,0,NA,0,0
"MONTELLOWENS","Montell Owens","RB","DET",128,420,NA,NA,NA,NA,NA,0,0,0,0,0,NA,0,0
"HENRYHYNOSKI","Henry Hynoski","RB","NYG",128,420,NA,NA,NA,NA,NA,0,0,0,0,0,NA,0,0
"WILLJOHNSON","Will Johnson","RB","PIT",128,420,NA,NA,NA,NA,NA,0,0,0,0,0,NA,0,0
"BRANDONBOLDEN","Brandon Bolden","RB","NE",128,420,NA,NA,NA,NA,NA,0,0,0,0,0,NA,0,0
"ROBERTHUGHES","Robert Hughes","RB","ARI",128,420,NA,NA,NA,NA,NA,0,0,0,0,0,NA,0,0
"DUJUANHARRIS","DuJuan Harris","RB","GB",128,420,NA,NA,NA,NA,NA,0,0,0,0,0,NA,0,0
"CEDRICPEERMAN","Cedric Peerman","RB","CIN",128,420,NA,NA,NA,NA,NA,0,0,0,0,0,NA,0,0
"DENNISJOHNSON","Dennis Johnson","RB","HOU",128,420,NA,NA,NA,NA,NA,0,0,0,0,0,NA,0,0
"DEVIERPOSEY","DeVier Posey","WR","HOU",159,420,NA,NA,NA,NA,NA,NA,NA,0,0,0,NA,0,0
"DANESANZENBACHER","Dane Sanzenbacher","WR","CIN",159,420,NA,NA,NA,NA,NA,NA,NA,0,0,0,NA,0,0
"RYANWHALEN","Ryan Whalen","WR","CIN",159,420,NA,NA,NA,NA,NA,NA,NA,0,0,0,NA,0,0
"PRESTONPARKER","Preston Parker","WR","NYG",159,420,NA,NA,NA,NA,NA,NA,NA,0,0,0,NA,0,0
"SEYIAJIROTUTU","Seyi Ajirotutu","WR","SD",159,420,NA,NA,NA,NA,NA,NA,NA,0,0,0,NA,0,0
"ANDREWHAWKINS","Andrew Hawkins","WR","CLE",159,420,NA,NA,NA,NA,NA,NA,NA,0,0,0,NA,0,0
"KRISDURHAM","Kris Durham","WR","DET",159,420,NA,NA,NA,NA,NA,NA,NA,0,0,0,NA,0,0
"MARLONMOORE","Marlon Moore","WR","MIA",159,420,NA,NA,NA,NA,NA,NA,NA,0,0,0,NA,0,0
"TONEYCLEMONS","Toney Clemons","WR","CAR",159,420,NA,NA,NA,NA,NA,NA,NA,0,0,0,NA,0,0
"JURONCRINER","Juron Criner","WR","OAK",159,420,NA,NA,NA,NA,NA,NA,NA,0,0,0,NA,0,0
"JONBALDWIN","Jon Baldwin","WR","SF",159,420,NA,NA,NA,NA,NA,NA,NA,0,0,0,NA,0,0
"ARRELIOUSBENN","Arrelious Benn","WR","PHI",159,420,NA,NA,NA,NA,NA,NA,NA,0,0,0,NA,0,0
"BRIANROBISKIE","Brian Robiskie","WR","TEN",159,420,NA,NA,NA,NA,NA,NA,NA,0,0,0,NA,0,0
"RAMSESBARDEN","Ramses Barden","WR","BUF",159,420,NA,NA,NA,NA,NA,NA,NA,0,0,0,NA,0,0
"ANTHONYARMSTRONG","Anthony Armstrong","WR","CLE",159,420,NA,NA,NA,NA,NA,NA,NA,0,0,0,NA,0,0
"JORDANNORWOOD","Jordan Norwood","WR","DEN",159,420,NA,NA,NA,NA,NA,NA,NA,0,0,0,NA,0,0
"ROBERTMEACHEM","Robert Meachem","WR","NO",159,420,NA,NA,NA,NA,NA,NA,NA,0,0,0,NA,0,0
"DEREKHAGAN","Derek Hagan","WR","TEN",159,420,NA,NA,NA,NA,NA,NA,NA,0,0,0,NA,0,0
"COURTNEYROBY","Courtney Roby","WR","ATL",159,420,NA,NA,NA,NA,NA,NA,NA,0,0,0,NA,0,0
"ANDREJOHNSON","Andre Johnson","WR","HOU",159,420,NA,NA,NA,NA,NA,NA,NA,0,0,0,NA,0,0
"DEIONBRANCH","Deion Branch","WR","IND",159,420,NA,NA,NA,NA,NA,NA,NA,0,0,0,NA,0,0
"BRANDONSTOKLEY","Brandon Stokley","WR","BAL",159,420,NA,NA,NA,NA,NA,NA,NA,0,0,0,NA,0,0
"KASSIMOSGOOD","Kassim Osgood","WR","SF",159,420,NA,NA,NA,NA,NA,NA,NA,0,0,0,NA,0,0
"NATHANPALMER","Nathan Palmer","WR","DEN",159,420,NA,NA,NA,NA,NA,NA,NA,0,0,0,NA,0,0
"KEVINELLIOTT","Kevin Elliott","WR","BUF",159,420,NA,NA,NA,NA,NA,NA,NA,0,0,0,NA,0,0
"MICHAELPRESTON","Michael Preston","WR","TEN",159,420,NA,NA,NA,NA,NA,NA,NA,0,0,0,NA,0,0
"ARMONBINNS","Armon Binns","WR","MIA",159,420,NA,NA,NA,NA,NA,NA,NA,0,0,0,NA,0,0
"ANDREHOLMES","Andre Holmes","WR","OAK",159,420,NA,NA,NA,NA,NA,NA,NA,0,0,0,NA,0,0
"JOSEPHMORGAN","Joseph Morgan","WR","NO",159,420,NA,NA,NA,NA,NA,NA,NA,0,0,0,NA,0,0
"JAMARNEWSOME","Jamar Newsome","WR","DAL",159,420,NA,NA,NA,NA,NA,NA,NA,0,0,0,NA,0,0
"VIRGILGREEN","Virgil Green","TE","DEN",76,420,NA,NA,NA,NA,NA,NA,NA,0,0,0,NA,0,0
"RYANTAYLOR","Ryan Taylor","TE","GB",76,420,NA,NA,NA,NA,NA,NA,NA,0,0,0,NA,0,0
"NATEBYHAM","Nate Byham","TE","TB",76,420,NA,NA,NA,NA,NA,NA,NA,0,0,0,NA,0,0
"MICHAELPALMER","Michael Palmer","TE","PIT",76,420,NA,NA,NA,NA,NA,NA,NA,0,0,0,NA,0,0
"TONYMOEAKI","Tony Moeaki","TE","BUF",76,420,NA,NA,NA,NA,NA,NA,NA,0,0,0,NA,0,0
"DENNISPITTA","Dennis Pitta","TE","BAL",76,420,NA,NA,NA,NA,NA,NA,NA,0,0,0,NA,0,0
"LADARIUSGREEN","Ladarius Green","TE","SD",76,420,NA,NA,NA,NA,NA,NA,NA,0,0,0,NA,0,0
"EVANRODRIGUEZ","Evan Rodriguez","TE","BUF",76,420,NA,NA,NA,NA,NA,NA,NA,0,0,0,NA,0,0
"RHETTELLISON","Rhett Ellison","TE","MIN",76,420,NA,NA,NA,NA,NA,NA,NA,0,0,0,NA,0,0
"TAYLORTHOMPSON","Taylor Thompson","TE","TEN",76,420,NA,NA,NA,NA,NA,NA,NA,0,0,0,NA,0,0
"JAKEOCONNELL","Jake OConnell","TE","DEN",76,420,NA,NA,NA,NA,NA,NA,NA,0,0,0,NA,0,0
"MATTHEWMULLIGAN","Matthew Mulligan","TE","CHI",76,420,NA,NA,NA,NA,NA,NA,NA,0,0,0,NA,0,0
"GARYBARNIDGE","Gary Barnidge","TE","CLE",76,420,NA,NA,NA,NA,NA,NA,NA,0,0,0,NA,0,0
"KELLENDAVIS","Kellen Davis","TE","NYG",76,420,NA,NA,NA,NA,NA,NA,NA,0,0,0,NA,0,0
"MATTSPAETH","Matt Spaeth","TE","PIT",76,420,NA,NA,NA,NA,NA,NA,NA,0,0,0,NA,0,0
"JOELDREESSEN","Joel Dreessen","TE","DEN",76,420,NA,NA,NA,NA,NA,NA,NA,0,0,0,NA,0,0
"CHRISCOOLEY","Chris Cooley","TE","WAS",76,420,NA,NA,NA,NA,NA,NA,NA,0,0,0,NA,0,0
"MIKEMCNEILL","Mike McNeill","TE","CAR",76,420,NA,NA,NA,NA,NA,NA,NA,0,0,0,NA,0,0
"CORYHARKEY","Cory Harkey","TE","STL",76,420,NA,NA,NA,NA,NA,NA,NA,0,0,0,NA,0,0
"KONRADREULAND","Konrad Reuland","TE","NYJ",76,420,NA,NA,NA,NA,NA,NA,NA,0,0,0,NA,0,0
"MIKELEACH","Mike Leach","TE","ARI",76,420,NA,NA,NA,NA,NA,NA,NA,0,0,0,NA,0,0
"TRAVISKELCE","Travis Kelce","TE","KC",76,420,NA,NA,NA,NA,NA,NA,NA,0,0,0,NA,0,0
"DEVONWYLIE","Devon Wylie","WR","SF",189,498,NA,NA,NA,NA,NA,NA,NA,0,0,0,NA,0.25,-0.3
"RICHIEBROCKEL","Richie Brockel","RB","CAR",145,499,NA,NA,NA,NA,NA,0,0,0.2,2,0.02,NA,3.26,-5.5
