"name","pos","name_cbs2","team_cbs2","positionRank_cbs2","overallRank_cbs2","pts_cbs2","passAtt_cbs2","passComp_cbs2","passYds_cbs2","passTds_cbs2","passInt_cbs2","rushAtt_cbs2","rushYds_cbs2","rushTds_cbs2","rec_cbs2","recYds_cbs2","recTds_cbs2","returnTds_cbs2","twoPts_cbs2","fumbles_cbs2"
"PEYTONMANNING","QB","Peyton Manning","DEN",1,1,445,640,434,5437,45,14,15,0,0,NA,NA,NA,NA,NA,3
"DREWBREES","QB","Drew Brees","NO",2,2,409,628,421,5158,41,16,30,57,0,NA,NA,NA,NA,NA,2
"AARONRODGERS","QB","Aaron Rodgers","GB",3,3,408,564,378,4964,36,8,45,187,2,NA,NA,NA,NA,NA,3
"MATTHEWSTAFFORD","QB","Matthew Stafford","DET",4,4,388,637,408,5207,38,19,32,70,0,NA,NA,NA,NA,NA,3
"NICKFOLES","QB","Nick Foles","PHI",5,5,370,612,399,4850,32,14,58,199,2,NA,NA,NA,NA,NA,3
"TOMBRADY","QB","Tom Brady","NE",6,6,368,644,414,4989,35,16,31,42,1,NA,NA,NA,NA,NA,4
"MATTRYAN","QB","Matt Ryan","ATL",7,7,348,635,407,4791,30,10,21,64,1,NA,NA,NA,NA,NA,2
"TONYROMO","QB","Tony Romo","DAL",8,8,346,631,397,4602,33,15,26,50,1,NA,NA,NA,NA,NA,3
"ANDREWLUCK","QB","Andrew Luck","IND",9,9,343,541,352,4378,28,13,60,292,3,NA,NA,NA,NA,NA,2
"COLINKAEPERNICK","QB","Colin Kaepernick","SF",10,10,341,544,323,3975,28,15,82,401,4,NA,NA,NA,NA,NA,2
"JAYCUTLER","QB","Jay Cutler","CHI",11,11,326,544,341,4102,31,14,21,86,2,NA,NA,NA,NA,NA,3
"PHILIPRIVERS","QB","Philip Rivers","SD",12,12,324,587,389,4766,30,16,31,68,0,NA,NA,NA,NA,NA,4
"BENROETHLISBERGER","QB","Ben Roethlisberger","PIT",13,13,323,626,399,4641,30,16,32,91,0,NA,NA,NA,NA,NA,3
"CARSONPALMER","QB","Carson Palmer","ARI",14,14,322,568,356,4522,33,21,25,8,0,NA,NA,NA,NA,NA,4
"RUSSELLWILSON","QB","Russell Wilson","SEA",15,15,320,506,310,4005,26,10,81,328,2,NA,NA,NA,NA,NA,3
"CAMNEWTON","QB","Cam Newton","CAR",16,16,317,526,316,3840,24,15,95,445,5,NA,NA,NA,NA,NA,4
"ANDYDALTON","QB","Andy Dalton","CIN",17,17,297,534,336,3878,29,16,57,161,1,NA,NA,NA,NA,NA,3
"ROBERTGRIFFIN","QB","Robert Griffin III","WAS",18,18,293,442,268,3524,24,12,58,312,4,NA,NA,NA,NA,NA,3
"RYANTANNEHILL","QB","Ryan Tannehill","MIA",19,19,289,622,378,4464,22,18,58,254,2,NA,NA,NA,NA,NA,4
"JAKELOCKER","QB","Jake Locker","TEN",20,20,270,502,303,3444,22,11,48,245,3,NA,NA,NA,NA,NA,2
"ALEXSMITH","QB","Alex Smith","KC",21,21,268,551,332,3829,23,17,56,235,2,NA,NA,NA,NA,NA,4
"ELIMANNING","QB","Eli Manning","NYG",22,22,265,504,325,3882,25,14,28,31,0,NA,NA,NA,NA,NA,2
"JOEFLACCO","QB","Joe Flacco","BAL",23,23,262,540,330,4169,24,18,29,64,0,NA,NA,NA,NA,NA,4
"JOSHMCCOWN","QB","Josh McCown","TB",24,24,258,509,311,3491,27,17,32,61,1,NA,NA,NA,NA,NA,4
"JAMAALCHARLES","RB","Jamaal Charles","KC",1,25,227,NA,NA,NA,NA,NA,268,1204,9,65,525,3,NA,NA,1
"LESEANMCCOY","RB","LeSean McCoy","PHI",2,26,222,NA,NA,NA,NA,NA,287,1410,10,34,298,2,NA,NA,2
"MATTFORTE","RB","Matt Forte","CHI",2,26,222,NA,NA,NA,NA,NA,281,1256,8,62,508,3,NA,NA,2
"CALVINJOHNSON","WR","Calvin Johnson","DET",1,26,222,NA,NA,NA,NA,NA,NA,NA,NA,93,1550,13,NA,NA,1
"DEMARYIUSTHOMAS","WR","Demaryius Thomas","DEN",2,29,217,NA,NA,NA,NA,NA,NA,NA,NA,97,1466,13,NA,NA,0
"SHAUNHILL","QB","Shaun Hill","STL",25,30,206,435,260,3220,18,17,36,134,1,NA,NA,NA,NA,NA,1
"GENOSMITH","QB","Geno Smith","NYJ",26,31,205,403,248,2927,15,12,41,177,4,NA,NA,NA,NA,NA,3
"EJMANUEL","QB","EJ Manuel","BUF",27,32,204,387,226,2741,19,14,57,195,2,NA,NA,NA,NA,NA,3
"ADRIANPETERSON","RB","Adrian Peterson","MIN",4,33,202,NA,NA,NA,NA,NA,281,1277,10,42,289,1,NA,NA,2
"DEZBRYANT","WR","Dez Bryant","DAL",3,34,197,NA,NA,NA,NA,NA,NA,NA,NA,100,1353,12,NA,NA,1
"JULIOJONES","WR","Julio Jones","ATL",4,35,195,NA,NA,NA,NA,NA,NA,NA,NA,99,1473,9,NA,NA,0
"JIMMYGRAHAM","TE","Jimmy Graham","NO",1,36,194,NA,NA,NA,NA,NA,NA,NA,NA,87,1238,13,NA,NA,0
"SEAHAWKS","DST","Seahawks","SEA",1,36,194,NA,NA,NA,NA,NA,NA,NA,NA,NA,NA,NA,NA,NA,NA
"BRANDONMARSHALL","WR","Brandon Marshall","CHI",5,38,189,NA,NA,NA,NA,NA,NA,NA,NA,106,1298,11,NA,NA,0
"AJGREEN","WR","A.J. Green","CIN",6,39,187,NA,NA,NA,NA,NA,NA,NA,NA,90,1288,11,NA,NA,0
"JORDYNELSON","WR","Jordy Nelson","GB",7,40,185,NA,NA,NA,NA,NA,NA,NA,NA,82,1280,11,NA,NA,1
"EDDIELACY","RB","Eddie Lacy","GB",5,41,180,NA,NA,NA,NA,NA,269,1148,9,34,231,1,NA,NA,1
"MONTEEBALL","RB","Montee Ball","DEN",6,42,179,NA,NA,NA,NA,NA,247,1075,9,33,306,1,NA,NA,2
"DEMARCOMURRAY","RB","DeMarco Murray","DAL",7,43,177,NA,NA,NA,NA,NA,251,1147,9,46,273,0,NA,NA,2
"GIOVANIBERNARD","RB","Giovani Bernard","CIN",8,44,172,NA,NA,NA,NA,NA,252,1038,6,50,406,2,NA,NA,2
"DOUGMARTIN","RB","Doug Martin","TB",9,45,170,NA,NA,NA,NA,NA,278,1184,7,37,235,1,NA,NA,2
"ALFREDMORRIS","RB","Alfred Morris","WAS",9,45,170,NA,NA,NA,NA,NA,271,1248,9,10,70,0,NA,NA,2
"PATRIOTS","DST","Patriots","NE",2,45,170,NA,NA,NA,NA,NA,NA,NA,NA,NA,NA,NA,NA,NA,NA
"MARSHAWNLYNCH","RB","Marshawn Lynch","SEA",11,48,169,NA,NA,NA,NA,NA,269,1124,9,20,140,1,NA,NA,1
"BRONCOS","DST","Broncos","DEN",3,48,169,NA,NA,NA,NA,NA,NA,NA,NA,NA,NA,NA,NA,NA,NA
"CARDINALS","DST","Cardinals","ARI",4,50,168,NA,NA,NA,NA,NA,NA,NA,NA,NA,NA,NA,NA,NA,NA
"RAMS","DST","Rams","STL",5,51,167,NA,NA,NA,NA,NA,NA,NA,NA,NA,NA,NA,NA,NA,NA
"49ERS","DST","49ers","SF",5,51,167,NA,NA,NA,NA,NA,NA,NA,NA,NA,NA,NA,NA,NA,NA
"LEVEONBELL","RB","Le'Veon Bell","PIT",12,53,166,NA,NA,NA,NA,NA,257,1051,7,40,319,1,NA,NA,1
"ANTONIOBROWN","WR","Antonio Brown","PIT",8,54,165,NA,NA,NA,NA,NA,NA,NA,NA,101,1235,8,NA,NA,0
"ZACSTACY","RB","Zac Stacy","STL",13,55,164,NA,NA,NA,NA,NA,274,1121,8,30,162,1,NA,NA,2
"ALSHONJEFFERY","WR","Alshon Jeffery","CHI",9,56,163,NA,NA,NA,NA,NA,NA,NA,NA,77,1216,8,NA,NA,0
"JOHNNYMANZIEL","QB","Johnny Manziel","CLE",28,57,160,351,204,2289,13,10,45,219,2,NA,NA,NA,NA,NA,3
"ARIANFOSTER","RB","Arian Foster","HOU",14,57,160,NA,NA,NA,NA,NA,255,1067,6,37,269,2,NA,NA,2
"MICHAELCRABTREE","WR","Michael Crabtree","SF",10,57,160,NA,NA,NA,NA,NA,NA,NA,NA,77,1155,9,NA,NA,1
"RANDALLCOBB","WR","Randall Cobb","GB",10,57,160,NA,NA,NA,NA,NA,NA,NA,NA,79,1113,8,NA,NA,1
"PANTHERS","DST","Panthers","CAR",7,57,160,NA,NA,NA,NA,NA,NA,NA,NA,NA,NA,NA,NA,NA,NA
"BENGALS","DST","Bengals","CIN",8,62,159,NA,NA,NA,NA,NA,NA,NA,NA,NA,NA,NA,NA,NA,NA
"RYANFITZPATRICK","QB","Ryan Fitzpatrick","HOU",29,63,158,332,202,2448,14,11,17,56,1,NA,NA,NA,NA,NA,2
"PACKERS","DST","Packers","GB",9,63,158,NA,NA,NA,NA,NA,NA,NA,NA,NA,NA,NA,NA,NA,NA
"LARRYFITZGERALD","WR","Larry Fitzgerald","ARI",12,65,157,NA,NA,NA,NA,NA,NA,NA,NA,81,1041,10,NA,NA,0
"BEARS","DST","Bears","CHI",10,65,157,NA,NA,NA,NA,NA,NA,NA,NA,NA,NA,NA,NA,NA,NA
"ANDREELLINGTON","RB","Andre Ellington","ARI",15,67,156,NA,NA,NA,NA,NA,216,978,4,46,402,2,NA,NA,2
"SAINTS","DST","Saints","NO",11,67,156,NA,NA,NA,NA,NA,NA,NA,NA,NA,NA,NA,NA,NA,NA
"TEXANS","DST","Texans","HOU",12,69,155,NA,NA,NA,NA,NA,NA,NA,NA,NA,NA,NA,NA,NA,NA
"MATTSCHAUB","QB","Matt Schaub","OAK",30,70,154,373,223,2578,14,10,26,31,0,NA,NA,NA,NA,NA,3
"VINCENTJACKSON","WR","Vincent Jackson","TB",13,70,154,NA,NA,NA,NA,NA,NA,NA,NA,72,1078,9,NA,NA,0
"ROBGRONKOWSKI","TE","Rob Gronkowski","NE",2,70,154,NA,NA,NA,NA,NA,NA,NA,NA,77,1023,10,NA,NA,0
"BLAKEBORTLES","QB","Blake Bortles","JAC",31,73,153,325,198,2359,13,10,30,104,2,NA,NA,NA,NA,NA,3
"RYANMATHEWS","RB","Ryan Mathews","SD",16,73,153,NA,NA,NA,NA,NA,259,1101,7,20,133,1,NA,NA,1
"TOBYGERHART","RB","Toby Gerhart","JAC",17,75,152,NA,NA,NA,NA,NA,251,1020,7,26,197,1,NA,NA,1
"BUCCANEERS","DST","Buccaneers","TB",13,75,152,NA,NA,NA,NA,NA,NA,NA,NA,NA,NA,NA,NA,NA,NA
"CHIEFS","DST","Chiefs","KC",14,77,151,NA,NA,NA,NA,NA,NA,NA,NA,NA,NA,NA,NA,NA,NA
"ANDREJOHNSON","WR","Andre Johnson","HOU",14,78,150,NA,NA,NA,NA,NA,NA,NA,NA,84,1219,6,NA,NA,0
"JULIUSTHOMAS","TE","Julius Thomas","DEN",3,78,150,NA,NA,NA,NA,NA,NA,NA,NA,82,1003,10,NA,NA,1
"CORDARRELLEPATTERSON","WR","Cordarrelle Patterson","MIN",15,80,149,NA,NA,NA,NA,NA,NA,NA,NA,71,1009,7,NA,NA,0
"BILLS","DST","Bills","BUF",15,81,148,NA,NA,NA,NA,NA,NA,NA,NA,NA,NA,NA,NA,NA,NA
"KEENANALLEN","WR","Keenan Allen","SD",16,82,146,NA,NA,NA,NA,NA,NA,NA,NA,64,1009,9,NA,NA,1
"STEPHENGOSTKOWSKI","K","Stephen Gostkowski","NE",1,82,146,NA,NA,NA,NA,NA,NA,NA,NA,NA,NA,NA,NA,NA,NA
"RAVENS","DST","Ravens","BAL",16,82,146,NA,NA,NA,NA,NA,NA,NA,NA,NA,NA,NA,NA,NA,NA
"SHANEVEREEN","RB","Shane Vereen","NE",18,85,145,NA,NA,NA,NA,NA,150,655,2,56,534,5,NA,NA,0
"MATTCASSEL","QB","Matt Cassel","MIN",32,86,144,328,199,2381,14,12,16,54,0,NA,NA,NA,NA,NA,2
"DOLPHINS","DST","Dolphins","MIA",17,86,144,NA,NA,NA,NA,NA,NA,NA,NA,NA,NA,NA,NA,NA,NA
"JOIQUEBELL","RB","Joique Bell","DET",19,88,143,NA,NA,NA,NA,NA,183,788,7,40,355,1,NA,NA,2
"EMMANUELSANDERS","WR","Emmanuel Sanders","DEN",17,88,143,NA,NA,NA,NA,NA,NA,NA,NA,76,1026,8,NA,NA,0
"BROWNS","DST","Browns","CLE",18,88,143,NA,NA,NA,NA,NA,NA,NA,NA,NA,NA,NA,NA,NA,NA
"MICHAELFLOYD","WR","Michael Floyd","ARI",18,91,142,NA,NA,NA,NA,NA,NA,NA,NA,76,1078,7,NA,NA,0
"REGGIEBUSH","RB","Reggie Bush","DET",20,92,141,NA,NA,NA,NA,NA,192,823,4,43,352,3,NA,NA,2
"PHILDAWSON","K","Phil Dawson","SF",2,93,140,NA,NA,NA,NA,NA,NA,NA,NA,NA,NA,NA,NA,NA,NA
"EAGLES","DST","Eagles","PHI",19,93,140,NA,NA,NA,NA,NA,NA,NA,NA,NA,NA,NA,NA,NA,NA
"RODDYWHITE","WR","Roddy White","ATL",19,95,139,NA,NA,NA,NA,NA,NA,NA,NA,84,1046,7,NA,NA,0
"JETS","DST","Jets","NYJ",20,95,139,NA,NA,NA,NA,NA,NA,NA,NA,NA,NA,NA,NA,NA,NA
"RAYRICE","RB","Ray Rice","BAL",21,97,138,NA,NA,NA,NA,NA,189,848,5,43,355,1,NA,NA,2
"PIERREGARCON","WR","Pierre Garcon","WAS",20,97,138,NA,NA,NA,NA,NA,NA,NA,NA,79,1088,6,NA,NA,0
"VICTORCRUZ","WR","Victor Cruz","NYG",21,99,137,NA,NA,NA,NA,NA,NA,NA,NA,71,1031,7,NA,NA,0
"VIKINGS","DST","Vikings","MIN",21,99,137,NA,NA,NA,NA,NA,NA,NA,NA,NA,NA,NA,NA,NA,NA
"FRANKGORE","RB","Frank Gore","SF",22,101,136,NA,NA,NA,NA,NA,235,979,7,16,122,0,NA,NA,1
"DESEANJACKSON","WR","DeSean Jackson","WAS",22,101,136,NA,NA,NA,NA,NA,NA,NA,NA,57,953,8,NA,NA,0
"JUSTINTUCKER","K","Justin Tucker","BAL",3,101,136,NA,NA,NA,NA,NA,NA,NA,NA,NA,NA,NA,NA,NA,NA
"CJSPILLER","RB","C.J. Spiller","BUF",23,104,135,NA,NA,NA,NA,NA,218,978,5,38,195,1,NA,NA,2
"MATTBRYANT","K","Matt Bryant","ATL",4,104,135,NA,NA,NA,NA,NA,NA,NA,NA,NA,NA,NA,NA,NA,NA
"DANBAILEY","K","Dan Bailey","DAL",4,104,135,NA,NA,NA,NA,NA,NA,NA,NA,NA,NA,NA,NA,NA,NA
"LIONS","DST","Lions","DET",22,104,135,NA,NA,NA,NA,NA,NA,NA,NA,NA,NA,NA,NA,NA,NA
"GIANTS","DST","Giants","NYG",22,104,135,NA,NA,NA,NA,NA,NA,NA,NA,NA,NA,NA,NA,NA,NA
"RASHADJENNINGS","RB","Rashad Jennings","NYG",24,109,134,NA,NA,NA,NA,NA,219,897,5,41,286,1,NA,NA,2
"TORREYSMITH","WR","Torrey Smith","BAL",23,110,133,NA,NA,NA,NA,NA,NA,NA,NA,60,1045,6,NA,NA,0
"MASONCROSBY","K","Mason Crosby","GB",6,110,133,NA,NA,NA,NA,NA,NA,NA,NA,NA,NA,NA,NA,NA,NA
"CHARGERS","DST","Chargers","SD",24,110,133,NA,NA,NA,NA,NA,NA,NA,NA,NA,NA,NA,NA,NA,NA
"BENTATE","RB","Ben Tate","CLE",25,113,132,NA,NA,NA,NA,NA,223,950,7,24,146,0,NA,NA,2
"SHAYNEGRAHAM","K","Shayne Graham","NO",7,113,132,NA,NA,NA,NA,NA,NA,NA,NA,NA,NA,NA,NA,NA,NA
"REDSKINS","DST","Redskins","WAS",25,113,132,NA,NA,NA,NA,NA,NA,NA,NA,NA,NA,NA,NA,NA,NA
"CHRISJOHNSON","RB","Chris Johnson","NYJ",26,116,131,NA,NA,NA,NA,NA,222,920,5,31,231,1,NA,NA,2
"BISHOPSANKEY","RB","Bishop Sankey","TEN",26,116,131,NA,NA,NA,NA,NA,217,925,6,20,175,1,NA,NA,2
"STEVENHAUSCHKA","K","Steven Hauschka","SEA",8,116,131,NA,NA,NA,NA,NA,NA,NA,NA,NA,NA,NA,NA,NA,NA
"FALCONS","DST","Falcons","ATL",26,116,131,NA,NA,NA,NA,NA,NA,NA,NA,NA,NA,NA,NA,NA,NA
"GOLDENTATE","WR","Golden Tate","DET",24,120,130,NA,NA,NA,NA,NA,NA,NA,NA,65,965,7,NA,NA,1
"ADAMVINATIERI","K","Adam Vinatieri","IND",9,120,130,NA,NA,NA,NA,NA,NA,NA,NA,NA,NA,NA,NA,NA,NA
"COLTS","DST","Colts","IND",27,120,130,NA,NA,NA,NA,NA,NA,NA,NA,NA,NA,NA,NA,NA,NA
"MARQUESCOLSTON","WR","Marques Colston","NO",25,123,129,NA,NA,NA,NA,NA,NA,NA,NA,73,948,7,NA,NA,0
"NICKNOVAK","K","Nick Novak","SD",10,123,129,NA,NA,NA,NA,NA,NA,NA,NA,NA,NA,NA,NA,NA,NA
"STEELERS","DST","Steelers","PIT",28,123,129,NA,NA,NA,NA,NA,NA,NA,NA,NA,NA,NA,NA,NA,NA
"TERRANCEWILLIAMS","WR","Terrance Williams","DAL",26,126,128,NA,NA,NA,NA,NA,NA,NA,NA,63,883,8,NA,NA,1
"VERNONDAVIS","TE","Vernon Davis","SF",4,126,128,NA,NA,NA,NA,NA,NA,NA,NA,58,760,10,NA,NA,0
"ROBBIEGOULD","K","Robbie Gould","CHI",11,128,127,NA,NA,NA,NA,NA,NA,NA,NA,NA,NA,NA,NA,NA,NA
"KELVINBENJAMIN","WR","Kelvin Benjamin","CAR",27,129,126,NA,NA,NA,NA,NA,NA,NA,NA,67,985,6,NA,NA,1
"DANCARPENTER","K","Dan Carpenter","BUF",12,129,126,NA,NA,NA,NA,NA,NA,NA,NA,NA,NA,NA,NA,NA,NA
"TITANS","DST","Titans","TEN",29,129,126,NA,NA,NA,NA,NA,NA,NA,NA,NA,NA,NA,NA,NA,NA
"KENDALLWRIGHT","WR","Kendall Wright","TEN",28,132,125,NA,NA,NA,NA,NA,NA,NA,NA,89,1043,5,NA,NA,1
"JULIANEDELMAN","WR","Julian Edelman","NE",28,132,125,NA,NA,NA,NA,NA,NA,NA,NA,82,966,6,NA,NA,0
"JORDANCAMERON","TE","Jordan Cameron","CLE",5,132,125,NA,NA,NA,NA,NA,NA,NA,NA,77,940,7,NA,NA,1
"SEBASTIANJANIKOWSKI","K","Sebastian Janikowski","OAK",13,132,125,NA,NA,NA,NA,NA,NA,NA,NA,NA,NA,NA,NA,NA,NA
"ALEXHENERY","K","Alex Henery","PHI",14,136,124,NA,NA,NA,NA,NA,NA,NA,NA,NA,NA,NA,NA,NA,NA
"ERICDECKER","WR","Eric Decker","NYJ",30,137,123,NA,NA,NA,NA,NA,NA,NA,NA,75,968,6,NA,NA,1
"GREGZUERLEIN","K","Greg Zuerlein","STL",15,137,123,NA,NA,NA,NA,NA,NA,NA,NA,NA,NA,NA,NA,NA,NA
"RAIDERS","DST","Raiders","OAK",30,139,122,NA,NA,NA,NA,NA,NA,NA,NA,NA,NA,NA,NA,NA,NA
"RUEBENRANDLE","WR","Rueben Randle","NYG",31,140,121,NA,NA,NA,NA,NA,NA,NA,NA,66,880,7,NA,NA,1
"MIKEWALLACE","WR","Mike Wallace","MIA",31,140,121,NA,NA,NA,NA,NA,NA,NA,NA,64,927,6,NA,NA,0
"JASONWITTEN","TE","Jason Witten","DAL",6,140,121,NA,NA,NA,NA,NA,NA,NA,NA,78,873,7,NA,NA,0
"NATEFREESE","K","Nate Freese","DET",16,140,121,NA,NA,NA,NA,NA,NA,NA,NA,NA,NA,NA,NA,NA,NA
"CALEBSTURGIS","K","Caleb Sturgis","MIA",16,140,121,NA,NA,NA,NA,NA,NA,NA,NA,NA,NA,NA,NA,NA,NA
"JEREMYMACLIN","WR","Jeremy Maclin","PHI",33,145,120,NA,NA,NA,NA,NA,NA,NA,NA,70,927,6,NA,NA,0
"REGGIEWAYNE","WR","Reggie Wayne","IND",33,145,120,NA,NA,NA,NA,NA,NA,NA,NA,73,918,6,NA,NA,0
"BRANDINCOOKS","WR","Brandin Cooks","NO",33,145,120,NA,NA,NA,NA,NA,NA,NA,NA,64,923,6,NA,NA,1
"JAGUARS","DST","Jaguars","JAC",31,145,120,NA,NA,NA,NA,NA,NA,NA,NA,NA,NA,NA,NA,NA,NA
"TYHILTON","WR","T.Y. Hilton","IND",36,149,119,NA,NA,NA,NA,NA,NA,NA,NA,61,909,6,NA,NA,0
"WESWELKER","WR","Wes Welker","DEN",36,149,119,NA,NA,NA,NA,NA,NA,NA,NA,69,798,8,NA,NA,0
"SHAUNSUISHAM","K","Shaun Suisham","PIT",18,149,119,NA,NA,NA,NA,NA,NA,NA,NA,NA,NA,NA,NA,NA,NA
"FREDJACKSON","RB","Fred Jackson","BUF",28,152,118,NA,NA,NA,NA,NA,151,634,7,36,308,0,NA,NA,1
"STEVANRIDLEY","RB","Stevan Ridley","NE",29,153,117,NA,NA,NA,NA,NA,201,848,7,7,40,0,NA,NA,2
"SAMMYWATKINS","WR","Sammy Watkins","BUF",38,153,117,NA,NA,NA,NA,NA,NA,NA,NA,63,859,7,NA,NA,2
"NICKFOLK","K","Nick Folk","NYJ",19,153,117,NA,NA,NA,NA,NA,NA,NA,NA,NA,NA,NA,NA,NA,NA
"BLAIRWALSH","K","Blair Walsh","MIN",19,153,117,NA,NA,NA,NA,NA,NA,NA,NA,NA,NA,NA,NA,NA,NA
"PIERRETHOMAS","RB","Pierre Thomas","NO",30,157,116,NA,NA,NA,NA,NA,156,631,2,51,345,4,NA,NA,1
"MAURICEJONESDREW","RB","Maurice Jones-Drew","OAK",30,157,116,NA,NA,NA,NA,NA,204,791,5,32,240,0,NA,NA,1
"CONNORBARTH","K","Connor Barth","TB",21,157,116,NA,NA,NA,NA,NA,NA,NA,NA,NA,NA,NA,NA,NA,NA
"MIKENUGENT","K","Mike Nugent","CIN",21,157,116,NA,NA,NA,NA,NA,NA,NA,NA,NA,NA,NA,NA,NA,NA
"JOSHBROWN","K","Josh Brown","NYG",21,157,116,NA,NA,NA,NA,NA,NA,NA,NA,NA,NA,NA,NA,NA,NA
"MIKEEVANS","WR","Mike Evans","TB",39,162,115,NA,NA,NA,NA,NA,NA,NA,NA,63,820,7,NA,NA,1
"PERCYHARVIN","WR","Percy Harvin","SEA",39,162,115,NA,NA,NA,NA,NA,NA,NA,NA,62,718,7,NA,NA,0
"RANDYBULLOCK","K","Randy Bullock","HOU",24,162,115,NA,NA,NA,NA,NA,NA,NA,NA,NA,NA,NA,NA,NA,NA
"JUSTINHUNTER","WR","Justin Hunter","TEN",41,165,114,NA,NA,NA,NA,NA,NA,NA,NA,57,854,6,NA,NA,0
"DENNISPITTA","TE","Dennis Pitta","BAL",7,165,114,NA,NA,NA,NA,NA,NA,NA,NA,66,848,6,NA,NA,0
"CHANDLERCATANZARO","K","Chandler Catanzaro","ARI",25,167,113,NA,NA,NA,NA,NA,NA,NA,NA,NA,NA,NA,NA,NA,NA
"ZACHERTZ","TE","Zach Ertz","PHI",8,168,111,NA,NA,NA,NA,NA,NA,NA,NA,64,792,7,NA,NA,1
"TEDDYBRIDGEWATER","QB","Teddy Bridgewater","MIN",33,169,110,239,148,1697,9,7,23,95,1,NA,NA,NA,NA,NA,1
"KYLERUDOLPH","TE","Kyle Rudolph","MIN",9,169,110,NA,NA,NA,NA,NA,NA,NA,NA,66,767,7,NA,NA,0
"DOUGBALDWIN","WR","Doug Baldwin","SEA",42,171,109,NA,NA,NA,NA,NA,NA,NA,NA,61,865,5,NA,NA,0
"GREGOLSEN","TE","Greg Olsen","CAR",10,171,109,NA,NA,NA,NA,NA,NA,NA,NA,65,801,6,NA,NA,0
"RYANSUCCOP","K","Ryan Succop","KC",26,171,109,NA,NA,NA,NA,NA,NA,NA,NA,NA,NA,NA,NA,NA,NA
"BILLYCUNDIFF","K","Billy Cundiff","CLE",26,171,109,NA,NA,NA,NA,NA,NA,NA,NA,NA,NA,NA,NA,NA,NA
"GRAHAMGANO","K","Graham Gano","CAR",26,171,109,NA,NA,NA,NA,NA,NA,NA,NA,NA,NA,NA,NA,NA,NA
"MATTPRATER","K","Matt Prater","DEN",29,176,108,NA,NA,NA,NA,NA,NA,NA,NA,NA,NA,NA,NA,NA,NA
"TERRANCEWEST","RB","Terrance West","CLE",32,177,107,NA,NA,NA,NA,NA,197,815,5,15,110,0,NA,NA,0
"RILEYCOOPER","WR","Riley Cooper","PHI",43,177,107,NA,NA,NA,NA,NA,NA,NA,NA,60,786,6,NA,NA,0
"HARRYDOUGLAS","WR","Harry Douglas","ATL",43,177,107,NA,NA,NA,NA,NA,NA,NA,NA,68,794,6,NA,NA,0
"JORDANREED","TE","Jordan Reed","WAS",11,177,107,NA,NA,NA,NA,NA,NA,NA,NA,64,795,6,NA,NA,0
"LAMARMILLER","RB","Lamar Miller","MIA",33,181,106,NA,NA,NA,NA,NA,177,785,5,24,158,0,NA,NA,1
"JOSHSCOBEE","K","Josh Scobee","JAC",30,181,106,NA,NA,NA,NA,NA,NA,NA,NA,NA,NA,NA,NA,NA,NA
"KNOWSHONMORENO","RB","Knowshon Moreno","MIA",34,183,104,NA,NA,NA,NA,NA,166,695,4,31,221,1,NA,NA,1
"ANDREWILLIAMS","RB","Andre Williams","NYG",35,184,103,NA,NA,NA,NA,NA,162,702,7,6,43,0,NA,NA,1
"HAKEEMNICKS","WR","Hakeem Nicks","IND",45,185,101,NA,NA,NA,NA,NA,NA,NA,NA,51,721,6,NA,NA,0
"LADARIUSGREEN","TE","Ladarius Green","SD",12,185,101,NA,NA,NA,NA,NA,NA,NA,NA,50,795,5,NA,NA,0
"TRENTRICHARDSON","RB","Trent Richardson","IND",36,187,100,NA,NA,NA,NA,NA,159,617,5,29,247,1,NA,NA,3
"DWAYNEBOWE","WR","Dwayne Bowe","KC",46,188,99,NA,NA,NA,NA,NA,NA,NA,NA,62,777,5,NA,NA,0
"JORDANMATTHEWS","WR","Jordan Matthews","PHI",46,188,99,NA,NA,NA,NA,NA,NA,NA,NA,54,785,5,NA,NA,1
"ANTONIOGATES","TE","Antonio Gates","SD",13,188,99,NA,NA,NA,NA,NA,NA,NA,NA,69,768,5,NA,NA,0
"DEVONTAFREEMAN","RB","Devonta Freeman","ATL",37,191,97,NA,NA,NA,NA,NA,143,633,4,29,223,1,NA,NA,1
"BRIANHARTLINE","WR","Brian Hartline","MIA",48,191,97,NA,NA,NA,NA,NA,NA,NA,NA,74,936,2,NA,NA,0
"JARRETTBOYKIN","WR","Jarrett Boykin","GB",49,193,96,NA,NA,NA,NA,NA,NA,NA,NA,48,681,6,NA,NA,0
"JOSHGORDON","WR","Josh Gordon","CLE",49,193,96,NA,NA,NA,NA,NA,NA,NA,NA,53,687,6,NA,NA,0
"MAIKONBONANI","K","Maikon Bonani","TEN",31,193,96,NA,NA,NA,NA,NA,NA,NA,NA,NA,NA,NA,NA,NA,NA
"BERNARDPIERCE","RB","Bernard Pierce","BAL",38,196,95,NA,NA,NA,NA,NA,182,748,4,15,112,0,NA,NA,0
"ANQUANBOLDIN","WR","Anquan Boldin","SF",51,196,95,NA,NA,NA,NA,NA,NA,NA,NA,57,722,5,NA,NA,0
"HEATHMILLER","TE","Heath Miller","PIT",14,196,95,NA,NA,NA,NA,NA,NA,NA,NA,60,665,6,NA,NA,0
"CARLOSHYDE","RB","Carlos Hyde","SF",39,199,94,NA,NA,NA,NA,NA,168,707,5,11,70,0,NA,NA,1
"DEANGELOWILLIAMS","RB","DeAngelo Williams","CAR",39,199,94,NA,NA,NA,NA,NA,155,668,3,26,231,1,NA,NA,2
"CHARLESCLAY","TE","Charles Clay","MIA",15,199,94,NA,NA,NA,NA,NA,NA,NA,NA,57,658,6,NA,NA,1
"RODSTREATER","WR","Rod Streater","OAK",52,202,93,NA,NA,NA,NA,NA,NA,NA,NA,60,721,5,NA,NA,1
"DEANDREHOPKINS","WR","DeAndre Hopkins","HOU",52,202,93,NA,NA,NA,NA,NA,NA,NA,NA,55,712,5,NA,NA,0
"TOMSAVAGE","QB","Tom Savage","HOU",34,204,92,227,133,1604,10,12,18,35,0,NA,NA,NA,NA,NA,1
"DANNYWOODHEAD","RB","Danny Woodhead","SD",41,204,92,NA,NA,NA,NA,NA,65,270,0,57,519,5,NA,NA,0
"KENBRELLTHOMPKINS","WR","Kenbrell Thompkins","NE",54,204,92,NA,NA,NA,NA,NA,NA,NA,NA,49,692,5,NA,NA,0
"KENNYSTILLS","WR","Kenny Stills","NO",54,204,92,NA,NA,NA,NA,NA,NA,NA,NA,46,715,5,NA,NA,1
"STEVENJACKSON","RB","Steven Jackson","ATL",42,208,90,NA,NA,NA,NA,NA,148,567,5,22,127,1,NA,NA,0
"STEVESMITH","WR","Steve Smith","BAL",56,208,90,NA,NA,NA,NA,NA,NA,NA,NA,51,674,5,NA,NA,0
"GREGJENNINGS","WR","Greg Jennings","MIN",56,208,90,NA,NA,NA,NA,NA,NA,NA,NA,52,685,5,NA,NA,0
"MARTELLUSBENNETT","TE","Martellus Bennett","CHI",16,208,90,NA,NA,NA,NA,NA,NA,NA,NA,60,702,5,NA,NA,1
"BRIANHOYER","QB","Brian Hoyer","CLE",35,212,89,220,137,1557,10,10,8,15,0,NA,NA,NA,NA,NA,2
"CECILSHORTS","WR","Cecil Shorts","JAC",58,212,89,NA,NA,NA,NA,NA,NA,NA,NA,58,722,4,NA,NA,0
"DELANIEWALKER","TE","Delanie Walker","TEN",17,212,89,NA,NA,NA,NA,NA,NA,NA,NA,59,624,6,NA,NA,1
"DWAYNEALLEN","TE","Dwayne Allen","IND",17,212,89,NA,NA,NA,NA,NA,NA,NA,NA,52,618,6,NA,NA,0
"MARQISELEE","WR","Marqise Lee","JAC",59,216,88,NA,NA,NA,NA,NA,NA,NA,NA,46,668,5,NA,NA,1
"MARVINJONES","WR","Marvin Jones","CIN",59,216,88,NA,NA,NA,NA,NA,NA,NA,NA,47,659,5,NA,NA,1
"ERICEBRON","TE","Eric Ebron","DET",19,216,88,NA,NA,NA,NA,NA,NA,NA,NA,47,606,6,NA,NA,0
"KAIFORBATH","K","Kai Forbath","WAS",32,219,86,NA,NA,NA,NA,NA,NA,NA,NA,NA,NA,NA,NA,NA,NA
"DEREKCARR","QB","Derek Carr","OAK",36,220,83,218,135,1529,8,7,12,28,0,NA,NA,NA,NA,NA,2
"MARKUSWHEATON","WR","Markus Wheaton","PIT",61,220,83,NA,NA,NA,NA,NA,NA,NA,NA,49,623,5,NA,NA,0
"KENNYBRITT","WR","Kenny Britt","STL",61,220,83,NA,NA,NA,NA,NA,NA,NA,NA,52,656,4,NA,NA,0
"TRAVISKELCE","TE","Travis Kelce","KC",20,220,83,NA,NA,NA,NA,NA,NA,NA,NA,42,617,5,NA,NA,0
"JEREMYHILL","RB","Jeremy Hill","CIN",43,224,81,NA,NA,NA,NA,NA,143,602,5,6,29,0,NA,NA,1
"JAMESJONES","WR","James Jones","OAK",63,224,81,NA,NA,NA,NA,NA,NA,NA,NA,57,653,4,NA,NA,0
"ODELLBECKHAM","WR","Odell Beckham","NYG",64,226,80,NA,NA,NA,NA,NA,NA,NA,NA,47,654,4,NA,NA,1
"DARRENSPROLES","RB","Darren Sproles","PHI",44,227,79,NA,NA,NA,NA,NA,66,264,1,57,455,3,NA,NA,0
"JERRICHOCOTCHERY","WR","Jerricho Cotchery","CAR",65,227,79,NA,NA,NA,NA,NA,NA,NA,NA,49,645,4,NA,NA,1
"RICHARDRODGERS","TE","Richard Rodgers","GB",21,227,79,NA,NA,NA,NA,NA,NA,NA,NA,43,562,5,NA,NA,0
"CHRISTINEMICHAEL","RB","Christine Michael","SEA",45,230,78,NA,NA,NA,NA,NA,118,595,4,14,108,0,NA,NA,1
"ANDREWHAWKINS","WR","Andrew Hawkins","CLE",66,230,78,NA,NA,NA,NA,NA,NA,NA,NA,50,597,4,NA,NA,0
"MICHAELVICK","QB","Michael Vick","NYJ",37,232,77,173,102,1115,7,6,22,109,2,NA,NA,NA,NA,NA,2
"ANDREHOLMES","WR","Andre Holmes","OAK",67,232,77,NA,NA,NA,NA,NA,NA,NA,NA,45,608,4,NA,NA,0
"SHONNGREENE","RB","Shonn Greene","TEN",46,234,76,NA,NA,NA,NA,NA,151,594,4,8,51,0,NA,NA,1
"MOHAMEDSANU","WR","Mohamed Sanu","CIN",68,234,76,NA,NA,NA,NA,NA,NA,NA,NA,58,602,4,NA,NA,0
"ROBERTWOODS","WR","Robert Woods","BUF",69,236,74,NA,NA,NA,NA,NA,NA,NA,NA,52,583,4,NA,NA,0
"MARCEDESLEWIS","TE","Marcedes Lewis","JAC",22,236,74,NA,NA,NA,NA,NA,NA,NA,NA,42,527,5,NA,NA,0
"BRIANQUICK","WR","Brian Quick","STL",70,238,73,NA,NA,NA,NA,NA,NA,NA,NA,45,563,4,NA,NA,0
"LANCEMOORE","WR","Lance Moore","PIT",70,238,73,NA,NA,NA,NA,NA,NA,NA,NA,54,627,3,NA,NA,0
"MARKINGRAM","RB","Mark Ingram","NO",47,240,72,NA,NA,NA,NA,NA,134,546,4,12,77,0,NA,NA,1
"BENNYCUNNINGHAM","RB","Benny Cunningham","STL",48,241,71,NA,NA,NA,NA,NA,134,542,4,12,75,0,NA,NA,1
"MALCOMFLOYD","WR","Malcom Floyd","SD",72,241,71,NA,NA,NA,NA,NA,NA,NA,NA,42,556,4,NA,NA,0
"MIKEWILLIAMS","WR","Mike Williams","BUF",72,241,71,NA,NA,NA,NA,NA,NA,NA,NA,41,556,4,NA,NA,0
"SCOTTCHANDLER","TE","Scott Chandler","BUF",23,241,71,NA,NA,NA,NA,NA,NA,NA,NA,46,561,4,NA,NA,1
"CHADHENNE","QB","Chad Henne","JAC",38,245,70,191,112,1335,7,8,18,50,0,NA,NA,NA,NA,NA,2
"CHRISIVORY","RB","Chris Ivory","NYJ",49,246,69,NA,NA,NA,NA,NA,141,535,4,4,21,0,NA,NA,1
"DANNYAMENDOLA","WR","Danny Amendola","NE",74,246,69,NA,NA,NA,NA,NA,NA,NA,NA,48,554,4,NA,NA,1
"JEFFTUEL","QB","Jeff Tuel","BUF",39,248,68,196,117,1243,5,2,8,18,0,NA,NA,NA,NA,NA,1
"NATEWASHINGTON","WR","Nate Washington","TEN",75,248,68,NA,NA,NA,NA,NA,NA,NA,NA,40,524,4,NA,NA,0
"JACEAMARO","TE","Jace Amaro","NYJ",24,248,68,NA,NA,NA,NA,NA,NA,NA,NA,38,512,4,NA,NA,0
"LEGARRETTEBLOUNT","RB","LeGarrette Blount","PIT",50,251,67,NA,NA,NA,NA,NA,127,503,4,8,54,0,NA,NA,1
"MILESAUSTIN","WR","Miles Austin","CLE",76,251,67,NA,NA,NA,NA,NA,NA,NA,NA,51,572,3,NA,NA,0
"GARRETTGRAHAM","TE","Garrett Graham","HOU",25,251,67,NA,NA,NA,NA,NA,NA,NA,NA,45,501,4,NA,NA,0
"MYCHALRIVERA","TE","Mychal Rivera","OAK",25,251,67,NA,NA,NA,NA,NA,NA,NA,NA,44,510,4,NA,NA,0
"JEREMYKERLEY","WR","Jeremy Kerley","NYJ",77,255,66,NA,NA,NA,NA,NA,NA,NA,NA,45,588,3,NA,NA,1
"TAVONAUSTIN","WR","Tavon Austin","STL",77,255,66,NA,NA,NA,NA,NA,NA,NA,NA,41,506,2,NA,NA,2
"JONATHANGRIMES","RB","Jonathan Grimes","HOU",51,257,65,NA,NA,NA,NA,NA,116,488,4,11,63,0,NA,NA,1
"DONNIEAVERY","WR","Donnie Avery","KC",79,257,65,NA,NA,NA,NA,NA,NA,NA,NA,44,553,3,NA,NA,0
"JAREDCOOK","TE","Jared Cook","STL",27,257,65,NA,NA,NA,NA,NA,NA,NA,NA,41,502,4,NA,NA,1
"DARRENMCFADDEN","RB","Darren McFadden","OAK",52,260,63,NA,NA,NA,NA,NA,99,382,4,20,147,1,NA,NA,2
"DEXTERMCCLUSTER","RB","Dexter McCluster","TEN",53,261,62,NA,NA,NA,NA,NA,69,288,0,48,390,2,NA,NA,1
"AUSTINSEFERIANJENKINS","TE","Austin Seferian-Jenkins","TB",28,262,61,NA,NA,NA,NA,NA,NA,NA,NA,38,461,4,NA,NA,0
"CJFIEDOROWICZ","TE","C.J. Fiedorowicz","HOU",28,262,61,NA,NA,NA,NA,NA,NA,NA,NA,34,450,4,NA,NA,0
"JONATHANSTEWART","RB","Jonathan Stewart","CAR",54,264,60,NA,NA,NA,NA,NA,106,421,3,13,94,1,NA,NA,1
"KNILEDAVIS","RB","Knile Davis","KC",54,264,60,NA,NA,NA,NA,NA,99,462,3,13,126,0,NA,NA,0
"LEVINETOILOLO","TE","Levine Toilolo","ATL",30,264,60,NA,NA,NA,NA,NA,NA,NA,NA,34,434,4,NA,NA,0
"ROBERTTURBIN","RB","Robert Turbin","SEA",56,267,59,NA,NA,NA,NA,NA,99,455,3,11,88,0,NA,NA,0
"AHMADBRADSHAW","RB","Ahmad Bradshaw","IND",57,268,58,NA,NA,NA,NA,NA,111,455,3,14,125,0,NA,NA,1
"JEROMESIMPSON","WR","Jerome Simpson","MIN",80,268,58,NA,NA,NA,NA,NA,NA,NA,NA,38,528,2,NA,NA,0
"ALLENHURNS","WR","Allen Hurns","JAC",81,270,55,NA,NA,NA,NA,NA,NA,NA,NA,40,509,2,NA,NA,0
"JARVISLANDRY","WR","Jarvis Landry","MIA",81,270,55,NA,NA,NA,NA,NA,NA,NA,NA,33,401,4,NA,NA,1
"ANDREROBERTS","WR","Andre Roberts","WAS",81,270,55,NA,NA,NA,NA,NA,NA,NA,NA,39,451,3,NA,NA,0
"TYLEREIFERT","TE","Tyler Eifert","CIN",31,270,55,NA,NA,NA,NA,NA,NA,NA,NA,31,391,4,NA,NA,0
"LANCEDUNBAR","RB","Lance Dunbar","DAL",58,274,54,NA,NA,NA,NA,NA,82,333,1,37,315,0,NA,NA,0
"JAMESSTARKS","RB","James Starks","GB",59,275,53,NA,NA,NA,NA,NA,96,401,3,11,90,0,NA,NA,1
"RONNIEHILLMAN","RB","Ronnie Hillman","DEN",60,276,52,NA,NA,NA,NA,NA,97,382,3,14,98,0,NA,NA,0
"ADRIENROBINSON","TE","Adrien Robinson","NYG",32,276,52,NA,NA,NA,NA,NA,NA,NA,NA,33,418,3,NA,NA,0
"COBYFLEENER","TE","Coby Fleener","IND",32,276,52,NA,NA,NA,NA,NA,NA,NA,NA,36,420,3,NA,NA,0
"STEPFANTAYLOR","RB","Stepfan Taylor","ARI",61,279,51,NA,NA,NA,NA,NA,98,385,3,11,80,0,NA,NA,1
"JERMAINEKEARSE","WR","Jermaine Kearse","SEA",84,279,51,NA,NA,NA,NA,NA,NA,NA,NA,28,470,2,NA,NA,0
"JOHNCARLSON","TE","John Carlson","ARI",34,279,51,NA,NA,NA,NA,NA,NA,NA,NA,33,340,4,NA,NA,0
"BRENTCELEK","TE","Brent Celek","PHI",34,279,51,NA,NA,NA,NA,NA,NA,NA,NA,32,407,3,NA,NA,0
"BOBBYRAINEY","RB","Bobby Rainey","TB",62,283,50,NA,NA,NA,NA,NA,98,405,1,16,122,1,NA,NA,0
"MIKETOLBERT","RB","Mike Tolbert","CAR",63,284,48,NA,NA,NA,NA,NA,72,266,3,21,137,1,NA,NA,0
"DRIARCHER","RB","Dri Archer","PIT",63,284,48,NA,NA,NA,NA,NA,31,171,1,25,290,2,NA,NA,0
"LUKEWILLSON","TE","Luke Willson","SEA",36,284,48,NA,NA,NA,NA,NA,NA,NA,NA,27,377,3,NA,NA,0
"ROYHELU","RB","Roy Helu","WAS",65,287,44,NA,NA,NA,NA,NA,75,311,1,29,225,0,NA,NA,0
"JERMAINEGRESHAM","TE","Jermaine Gresham","CIN",37,287,44,NA,NA,NA,NA,NA,NA,NA,NA,33,354,3,NA,NA,1
"KIRKCOUSINS","QB","Kirk Cousins","WAS",40,289,43,128,79,894,3,2,1,2,0,NA,NA,NA,NA,NA,0
"DONALDBROWN","RB","Donald Brown","SD",66,289,43,NA,NA,NA,NA,NA,78,338,2,12,97,0,NA,NA,0
"PAULRICHARDSON","WR","Paul Richardson","SEA",85,289,43,NA,NA,NA,NA,NA,NA,NA,NA,21,395,2,NA,NA,0
"DAVANTEADAMS","WR","Davante Adams","GB",85,289,43,NA,NA,NA,NA,NA,NA,NA,NA,28,415,2,NA,NA,1
"DENARIUSMOORE","WR","Denarius Moore","OAK",85,289,43,NA,NA,NA,NA,NA,NA,NA,NA,30,427,2,NA,NA,2
"ZACHMILLER","TE","Zach Miller","SEA",38,289,43,NA,NA,NA,NA,NA,NA,NA,NA,31,321,3,NA,NA,0
"JERICKMCKINNON","RB","Jerick McKinnon","MIN",67,295,42,NA,NA,NA,NA,NA,67,308,1,28,224,0,NA,NA,1
"DEVIERPOSEY","WR","DeVier Posey","HOU",88,295,42,NA,NA,NA,NA,NA,NA,NA,NA,29,375,2,NA,NA,0
"KEVINOGLETREE","WR","Kevin Ogletree","DET",88,295,42,NA,NA,NA,NA,NA,NA,NA,NA,22,378,2,NA,NA,0
"DEVINSTREET","WR","Devin Street","DAL",88,295,42,NA,NA,NA,NA,NA,NA,NA,NA,26,374,2,NA,NA,0
"OWENDANIELS","TE","Owen Daniels","BAL",39,295,42,NA,NA,NA,NA,NA,NA,NA,NA,32,379,2,NA,NA,0
"JAMESWHITE","RB","James White","NE",68,300,41,NA,NA,NA,NA,NA,86,361,2,6,45,0,NA,NA,0
"CODYLATIMER","WR","Cody Latimer","DEN",91,300,41,NA,NA,NA,NA,NA,NA,NA,NA,25,313,3,NA,NA,0
"STEVEJOHNSON","WR","Steve Johnson","SF",91,300,41,NA,NA,NA,NA,NA,NA,NA,NA,34,394,2,NA,NA,1
"LANCEKENDRICKS","TE","Lance Kendricks","STL",40,300,41,NA,NA,NA,NA,NA,NA,NA,NA,31,308,3,NA,NA,0
"AUSTINDAVIS","QB","Austin Davis","STL",41,304,40,143,84,643,5,4,6,21,0,NA,NA,NA,NA,NA,0
"CHRISOWUSU","WR","Chris Owusu","TB",93,304,40,NA,NA,NA,NA,NA,NA,NA,NA,31,353,2,NA,NA,0
"DAVIDNELSON","WR","David Nelson","NYJ",93,304,40,NA,NA,NA,NA,NA,NA,NA,NA,38,430,1,NA,NA,0
"JACOBYJONES","WR","Jacoby Jones","BAL",93,304,40,NA,NA,NA,NA,NA,NA,NA,NA,24,358,2,NA,NA,0
"BRANDONGIBSON","WR","Brandon Gibson","MIA",93,304,40,NA,NA,NA,NA,NA,NA,NA,NA,34,431,1,NA,NA,0
"ALFREDBLUE","RB","Alfred Blue","HOU",69,309,39,NA,NA,NA,NA,NA,74,321,2,7,55,0,NA,NA,0
"MARCELREECE","RB","Marcel Reece","OAK",69,309,39,NA,NA,NA,NA,NA,38,167,3,21,206,0,NA,NA,0
"BRANDONLAFELL","WR","Brandon LaFell","NE",97,309,39,NA,NA,NA,NA,NA,NA,NA,NA,28,404,1,NA,NA,0
"AARONDOBSON","WR","Aaron Dobson","NE",97,309,39,NA,NA,NA,NA,NA,NA,NA,NA,24,297,3,NA,NA,0
"BRANDONMYERS","TE","Brandon Myers","TB",41,309,39,NA,NA,NA,NA,NA,NA,NA,NA,28,300,3,NA,NA,0
"ANTHONYFASANO","TE","Anthony Fasano","KC",42,314,38,NA,NA,NA,NA,NA,NA,NA,NA,25,278,3,NA,NA,0
"JACQUIZZRODGERS","RB","Jacquizz Rodgers","ATL",71,315,37,NA,NA,NA,NA,NA,68,256,0,23,171,2,NA,NA,1
"CHRISGIVENS","WR","Chris Givens","STL",99,315,37,NA,NA,NA,NA,NA,NA,NA,NA,27,334,2,NA,NA,0
"TEDGINN","WR","Ted Ginn","ARI",99,315,37,NA,NA,NA,NA,NA,NA,NA,NA,21,324,2,NA,NA,0
"LACHESEASTRUNK","RB","Lache Seastrunk","WAS",72,318,35,NA,NA,NA,NA,NA,72,303,2,4,51,0,NA,NA,0
"STEDMANBAILEY","WR","Stedman Bailey","STL",101,318,35,NA,NA,NA,NA,NA,NA,NA,NA,25,354,1,NA,NA,0
"JUNIORHEMINGWAY","WR","Junior Hemingway","KC",101,318,35,NA,NA,NA,NA,NA,NA,NA,NA,23,316,2,NA,NA,0
"JEFFCUMBERLAND","TE","Jeff Cumberland","NYJ",43,318,35,NA,NA,NA,NA,NA,NA,NA,NA,25,307,2,NA,NA,0
"EDDICKSON","TE","Ed Dickson","CAR",43,318,35,NA,NA,NA,NA,NA,NA,NA,NA,30,316,2,NA,NA,0
"DANIELTHOMAS","RB","Daniel Thomas","MIA",73,323,34,NA,NA,NA,NA,NA,73,290,2,6,42,0,NA,NA,0
"CHRISHOGAN","WR","Chris Hogan","BUF",103,324,33,NA,NA,NA,NA,NA,NA,NA,NA,22,296,2,NA,NA,0
"MIKEBROWN","WR","Mike Brown","JAC",103,324,33,NA,NA,NA,NA,NA,NA,NA,NA,26,349,1,NA,NA,0
"COLEBEASLEY","WR","Cole Beasley","DAL",103,324,33,NA,NA,NA,NA,NA,NA,NA,NA,26,302,2,NA,NA,0
"JUSTINBROWN","WR","Justin Brown","PIT",103,324,33,NA,NA,NA,NA,NA,NA,NA,NA,22,291,2,NA,NA,0
"STEPHENHILL","WR","Stephen Hill","NYJ",103,324,33,NA,NA,NA,NA,NA,NA,NA,NA,23,290,2,NA,NA,0
"BRANDONBOSTICK","TE","Brandon Bostick","GB",45,324,33,NA,NA,NA,NA,NA,NA,NA,NA,20,313,2,NA,NA,1
"MIKEJAMES","RB","Mike James","TB",74,330,32,NA,NA,NA,NA,NA,62,275,2,10,62,0,NA,NA,1
"DENARDROBINSON","RB","Denard Robinson","JAC",75,331,31,NA,NA,NA,NA,NA,77,333,1,6,51,0,NA,NA,1
"SHAUNDRAUGHN","RB","Shaun Draughn","CHI",75,331,31,NA,NA,NA,NA,NA,67,295,1,13,103,0,NA,NA,0
"MARLONBROWN","WR","Marlon Brown","BAL",108,331,31,NA,NA,NA,NA,NA,NA,NA,NA,25,321,1,NA,NA,0
"JASONAVANT","WR","Jason Avant","CAR",109,334,30,NA,NA,NA,NA,NA,NA,NA,NA,25,286,2,NA,NA,1
"BRANDONLLOYD","WR","Brandon Lloyd","SF",109,334,30,NA,NA,NA,NA,NA,NA,NA,NA,21,262,2,NA,NA,0
"EDDIEROYAL","WR","Eddie Royal","SD",109,334,30,NA,NA,NA,NA,NA,NA,NA,NA,32,370,0,NA,NA,0
"MARTAVISBRYANT","WR","Martavis Bryant","PIT",109,334,30,NA,NA,NA,NA,NA,NA,NA,NA,16,262,2,NA,NA,0
"BENJARVUSGREENELLIS","RB","BenJarvus Green-Ellis","CIN",77,338,29,NA,NA,NA,NA,NA,68,261,2,5,30,0,NA,NA,1
"BRENTONBERSIN","WR","Brenton Bersin","CAR",113,338,29,NA,NA,NA,NA,NA,NA,NA,NA,15,319,1,NA,NA,0
"DUJUANHARRIS","RB","DuJuan Harris","GB",78,340,28,NA,NA,NA,NA,NA,63,267,1,13,87,0,NA,NA,0
"TREMASON","RB","Tre Mason","STL",78,340,28,NA,NA,NA,NA,NA,66,307,1,5,30,0,NA,NA,1
"CJANDERSON","RB","C.J. Anderson","DEN",80,342,27,NA,NA,NA,NA,NA,68,277,1,4,45,0,NA,NA,0
"BILALPOWELL","RB","Bilal Powell","NYJ",80,342,27,NA,NA,NA,NA,NA,64,250,0,14,101,1,NA,NA,0
"LATAVIUSMURRAY","RB","Latavius Murray","OAK",80,342,27,NA,NA,NA,NA,NA,56,217,2,5,34,0,NA,NA,0
"PEYTONHILLIS","RB","Peyton Hillis","NYG",80,342,27,NA,NA,NA,NA,NA,66,243,1,14,82,0,NA,NA,0
"JALENSAUNDERS","WR","Jalen Saunders","NYJ",114,342,27,NA,NA,NA,NA,NA,NA,NA,NA,18,230,2,NA,NA,0
"ALLENROBINSON","WR","Allen Robinson","JAC",114,342,27,NA,NA,NA,NA,NA,NA,NA,NA,22,305,1,NA,NA,1
"AUSTINPETTIS","WR","Austin Pettis","STL",114,342,27,NA,NA,NA,NA,NA,NA,NA,NA,27,301,1,NA,NA,0
"GREGLITTLE","WR","Greg Little","OAK",114,342,27,NA,NA,NA,NA,NA,NA,NA,NA,22,293,1,NA,NA,0
"JOSHHUFF","WR","Josh Huff","PHI",114,342,27,NA,NA,NA,NA,NA,NA,NA,NA,16,274,1,NA,NA,0
"SANTANAMOSS","WR","Santana Moss","WAS",114,342,27,NA,NA,NA,NA,NA,NA,NA,NA,19,237,2,NA,NA,0
"THEORIDDICK","RB","Theo Riddick","DET",84,352,26,NA,NA,NA,NA,NA,61,242,1,12,68,0,NA,NA,0
"CHRISPOLK","RB","Chris Polk","PHI",84,352,26,NA,NA,NA,NA,NA,51,233,2,6,43,0,NA,NA,1
"MARCUSLATTIMORE","RB","Marcus Lattimore","SF",84,352,26,NA,NA,NA,NA,NA,52,208,2,2,8,0,NA,NA,0
"DANHERRON","RB","Dan Herron","IND",84,352,26,NA,NA,NA,NA,NA,77,295,1,3,25,0,NA,NA,1
"TRAVARISCADET","RB","Travaris Cadet","NO",84,352,26,NA,NA,NA,NA,NA,38,167,0,23,189,1,NA,NA,0
"CHARLESJOHNSON","WR","Charles Johnson","CLE",120,352,26,NA,NA,NA,NA,NA,NA,NA,NA,20,281,1,NA,NA,0
"ANTHONYDIXON","RB","Anthony Dixon","BUF",89,358,24,NA,NA,NA,NA,NA,31,136,3,2,12,0,NA,NA,0
"MARQUESSWILSON","WR","Marquess Wilson","CHI",121,358,24,NA,NA,NA,NA,NA,NA,NA,NA,18,256,1,NA,NA,0
"MARQUISEGOODWIN","WR","Marquise Goodwin","BUF",121,358,24,NA,NA,NA,NA,NA,NA,NA,NA,15,245,1,NA,NA,0
"JOEMORGAN","WR","Joe Morgan","NO",121,358,24,NA,NA,NA,NA,NA,NA,NA,NA,12,206,2,NA,NA,0
"ROBERTMEACHEM","WR","Robert Meachem","NO",121,358,24,NA,NA,NA,NA,NA,NA,NA,NA,15,269,1,NA,NA,0
"TIMWRIGHT","TE","Timothy Wright","TB",46,358,24,NA,NA,NA,NA,NA,NA,NA,NA,22,260,1,NA,NA,0
"KESHAWNMARTIN","WR","Keshawn Martin","HOU",125,364,23,NA,NA,NA,NA,NA,NA,NA,NA,20,247,1,NA,NA,0
"DREWDAVIS","WR","Drew Davis","ATL",125,364,23,NA,NA,NA,NA,NA,NA,NA,NA,25,319,0,NA,NA,0
"RYANBROYLES","WR","Ryan Broyles","DET",125,364,23,NA,NA,NA,NA,NA,NA,NA,NA,23,253,1,NA,NA,0
"MIKEGLENNON","QB","Mike Glennon","TB",42,367,22,58,34,493,2,2,12,40,0,NA,NA,NA,NA,NA,0
"TRAVISBENJAMIN","WR","Travis Benjamin","CLE",128,367,22,NA,NA,NA,NA,NA,NA,NA,NA,16,240,1,NA,NA,1
"JOSEPHFAURIA","TE","Joseph Fauria","DET",47,367,22,NA,NA,NA,NA,NA,NA,NA,NA,16,192,2,NA,NA,1
"RICARDOLOCKETTE","WR","Ricardo Lockette","SEA",129,370,21,NA,NA,NA,NA,NA,NA,NA,NA,18,231,1,NA,NA,0
"JARIUSWRIGHT","WR","Jarius Wright","MIN",129,370,21,NA,NA,NA,NA,NA,NA,NA,NA,17,226,1,NA,NA,0
"JUSTINFORSETT","RB","Justin Forsett","BAL",90,372,20,NA,NA,NA,NA,NA,65,283,0,1,4,0,NA,NA,0
"ANDRECALDWELL","WR","Andre Caldwell","DEN",131,372,20,NA,NA,NA,NA,NA,NA,NA,NA,21,223,1,NA,NA,0
"DAVIDAUSBERRY","TE","David Ausberry","OAK",48,372,20,NA,NA,NA,NA,NA,NA,NA,NA,17,213,1,NA,NA,0
"JORDANTODMAN","RB","Jordan Todman","JAC",91,375,19,NA,NA,NA,NA,NA,54,218,0,19,144,0,NA,NA,1
"MARCUSHARRIS","WR","Marcus Harris","NYG",132,375,19,NA,NA,NA,NA,NA,NA,NA,NA,11,154,2,NA,NA,0
"ROBHOUSLER","TE","Rob Housler","ARI",49,375,19,NA,NA,NA,NA,NA,NA,NA,NA,13,156,2,NA,NA,0
"DARRELYOUNG","RB","Darrel Young","WAS",92,378,18,NA,NA,NA,NA,NA,12,50,2,10,82,0,NA,NA,0
"KEVINNORWOOD","WR","Kevin Norwood","SEA",133,378,18,NA,NA,NA,NA,NA,NA,NA,NA,14,193,1,NA,NA,0
"ALDRICKROBINSON","WR","Aldrick Robinson","WAS",133,378,18,NA,NA,NA,NA,NA,NA,NA,NA,11,199,1,NA,NA,0
"TEVINREESE","WR","Tevin Reese","SD",133,378,18,NA,NA,NA,NA,NA,NA,NA,NA,15,196,1,NA,NA,0
"BRYCEBROWN","RB","Bryce Brown","BUF",93,382,17,NA,NA,NA,NA,NA,46,201,1,3,20,0,NA,NA,1
"DAMIANWILLIAMS","WR","Damian Williams","MIA",136,382,17,NA,NA,NA,NA,NA,NA,NA,NA,20,251,0,NA,NA,0
"JIMMYCLAUSEN","QB","Jimmy Clausen","CHI",43,384,16,70,39,505,1,2,2,3,0,NA,NA,NA,NA,NA,0
"DEANTHONYTHOMAS","RB","De'Anthony Thomas","KC",94,384,16,NA,NA,NA,NA,NA,27,141,1,11,88,0,NA,NA,0
"ISAIAHCROWELL","RB","Isaiah Crowell","CLE",95,386,15,NA,NA,NA,NA,NA,52,210,0,5,37,0,NA,NA,0
"KRISDURHAM","WR","Kris Durham","DET",137,386,15,NA,NA,NA,NA,NA,NA,NA,NA,14,172,1,NA,NA,0
"RISHARDMATTHEWS","WR","Rishard Matthews","MIA",137,386,15,NA,NA,NA,NA,NA,NA,NA,NA,13,164,1,NA,NA,0
"JONATHANDWYER","RB","Jonathan Dwyer","ARI",96,389,14,NA,NA,NA,NA,NA,58,215,0,2,10,0,NA,NA,0
"LORENZOTALIAFERRO","RB","Lorenzo Taliaferro","BAL",96,389,14,NA,NA,NA,NA,NA,34,150,1,4,20,0,NA,NA,0
"VINCENTBROWN","WR","Vincent Brown","SD",139,389,14,NA,NA,NA,NA,NA,NA,NA,NA,16,221,0,NA,NA,0
"KADEEMCAREY","RB","Ka'Deem Carey","CHI",98,392,13,NA,NA,NA,NA,NA,46,195,0,5,27,0,NA,NA,0
"CHARLIEWHITEHURST","QB","Charlie Whitehurst","TEN",44,393,12,75,40,405,2,3,15,35,0,NA,NA,NA,NA,NA,2
"MIKEGILLISLEE","RB","Mike Gillislee","MIA",99,393,12,NA,NA,NA,NA,NA,51,206,0,3,15,0,NA,NA,0
"ROBERTHERRON","WR","Robert Herron","TB",140,393,12,NA,NA,NA,NA,NA,NA,NA,NA,13,140,1,NA,NA,0
"LOUISMURPHY","WR","Louis Murphy","TB",140,393,12,NA,NA,NA,NA,NA,NA,NA,NA,15,206,0,NA,NA,0
"AJJENKINS","WR","A.J. Jenkins","KC",142,397,11,NA,NA,NA,NA,NA,NA,NA,NA,11,121,1,NA,NA,0
"DONTEMONCRIEF","WR","Donte Moncrief","IND",142,397,11,NA,NA,NA,NA,NA,NA,NA,NA,11,186,0,NA,NA,0
"ANTHONYSHERMAN","RB","Anthony Sherman","KC",100,399,10,NA,NA,NA,NA,NA,2,2,0,14,109,1,NA,NA,0
"MATTASIATA","RB","Matt Asiata","MIN",100,399,10,NA,NA,NA,NA,NA,31,108,1,2,8,0,NA,NA,0
"ANTONESMITH","RB","Antone Smith","ATL",100,399,10,NA,NA,NA,NA,NA,22,91,1,0,0,0,NA,NA,0
"ERIKLORIG","RB","Erik Lorig","NO",100,399,10,NA,NA,NA,NA,NA,5,17,0,9,64,1,NA,NA,0
"KYLEJUSZCZYK","RB","Kyle Juszczyk","BAL",104,403,9,NA,NA,NA,NA,NA,10,39,0,9,53,1,NA,NA,0
"DANESANZENBACHER","WR","Dane Sanzenbacher","CIN",144,403,9,NA,NA,NA,NA,NA,NA,NA,NA,14,167,0,NA,NA,0
"JOHNKUHN","RB","John Kuhn","GB",105,405,8,NA,NA,NA,NA,NA,11,40,1,6,41,0,NA,NA,0
"JOSEPHRANDLE","RB","Joseph Randle","DAL",105,405,8,NA,NA,NA,NA,NA,41,155,0,5,25,0,NA,NA,0
"DERRICKCOLEMAN","RB","Derrick Coleman","SEA",105,405,8,NA,NA,NA,NA,NA,1,3,0,7,54,1,NA,NA,0
"MARKSANCHEZ","QB","Mark Sanchez","PHI",45,408,7,10,7,86,1,0,4,1,0,NA,NA,NA,NA,NA,0
"JEDCOLLINS","RB","Jed Collins","DET",108,408,7,NA,NA,NA,NA,NA,3,8,1,9,35,0,NA,NA,0
"BRANDONBOLDEN","RB","Brandon Bolden","NE",108,408,7,NA,NA,NA,NA,NA,37,156,0,0,0,0,NA,NA,0
"JARONBROWN","WR","Jaron Brown","ARI",145,408,7,NA,NA,NA,NA,NA,NA,NA,NA,10,150,0,NA,NA,0
"GRIFFWHALEN","WR","Griff Whalen","IND",145,408,7,NA,NA,NA,NA,NA,NA,NA,NA,13,156,0,NA,NA,0
"CEDRICPEERMAN","RB","Cedric Peerman","CIN",110,413,6,NA,NA,NA,NA,NA,15,73,0,10,79,0,NA,NA,0
"DARYLRICHARDSON","RB","Daryl Richardson","NYJ",110,413,6,NA,NA,NA,NA,NA,15,65,0,10,77,0,NA,NA,0
"CHRISOGBONNAYA","RB","Chris Ogbonnaya","CLE",110,413,6,NA,NA,NA,NA,NA,24,95,0,12,81,0,NA,NA,1
"TJJONES","WR","T.J. Jones","DET",147,413,6,NA,NA,NA,NA,NA,NA,NA,NA,9,131,0,NA,NA,0
"KYLEWILLIAMS","WR","Kyle Williams","KC",147,413,6,NA,NA,NA,NA,NA,NA,NA,NA,8,140,0,NA,NA,0
"BRUCEMILLER","RB","Bruce Miller","SF",113,418,5,NA,NA,NA,NA,NA,6,22,0,14,94,0,NA,NA,0
"KENJONBARNER","RB","Kenjon Barner","PHI",113,418,5,NA,NA,NA,NA,NA,26,113,0,0,0,0,NA,NA,0
"BRUCEELLINGTON","WR","Bruce Ellington","SF",149,418,5,NA,NA,NA,NA,NA,NA,NA,NA,9,117,0,NA,NA,0
"STORMJOHNSON","RB","Storm Johnson","JAC",115,421,4,NA,NA,NA,NA,NA,21,92,0,2,15,0,NA,NA,0
"FRANKSUMMERS","RB","Frank Summers","BUF",115,421,4,NA,NA,NA,NA,NA,9,35,0,9,69,0,NA,NA,0
"ADAMTHIELEN","WR","Adam Thielen","MIN",150,421,4,NA,NA,NA,NA,NA,NA,NA,NA,9,110,0,NA,NA,0
"RYANWHALEN","WR","Ryan Whalen","CIN",150,421,4,NA,NA,NA,NA,NA,NA,NA,NA,8,99,0,NA,NA,0
"LEONARDHANKERSON","WR","Leonard Hankerson","WAS",150,421,4,NA,NA,NA,NA,NA,NA,NA,NA,7,90,0,NA,NA,0
"LAVELLEHAWKINS","WR","Lavelle Hawkins","TB",150,421,4,NA,NA,NA,NA,NA,NA,NA,NA,9,99,0,NA,NA,0
"DWAYNEHARRIS","WR","Dwayne Harris","DAL",150,421,4,NA,NA,NA,NA,NA,NA,NA,NA,10,104,0,NA,NA,0
"DARRIUSHEYWARDBEY","WR","Darrius Heyward-Bey","PIT",150,421,4,NA,NA,NA,NA,NA,NA,NA,NA,9,129,0,NA,NA,1
"MARIOMANNINGHAM","WR","Mario Manningham","NYG",156,429,3,NA,NA,NA,NA,NA,NA,NA,NA,7,67,0,NA,NA,0
"DEVINHESTER","WR","Devin Hester","ATL",156,429,3,NA,NA,NA,NA,NA,NA,NA,NA,3,55,0,NA,NA,0
"LEONWASHINGTON","RB","Leon Washington","TEN",117,431,2,NA,NA,NA,NA,NA,5,25,0,3,27,0,NA,NA,0
"LAMICHAELJAMES","RB","LaMichael James","SF",117,431,2,NA,NA,NA,NA,NA,11,41,0,4,27,0,NA,NA,0
"EDWINBAKER","RB","Edwin Baker","CLE",117,431,2,NA,NA,NA,NA,NA,12,55,0,0,0,0,NA,NA,0
"JACKIEBATTLE","RB","Jackie Battle","TEN",117,431,2,NA,NA,NA,NA,NA,14,54,0,0,0,0,NA,NA,0
"CYRUSGRAY","RB","Cyrus Gray","KC",117,431,2,NA,NA,NA,NA,NA,6,26,0,3,22,0,NA,NA,0
"TOMMYBOHANON","RB","Tommy Bohanon","NYJ",117,431,2,NA,NA,NA,NA,NA,2,7,0,9,54,0,NA,NA,0
"PATRICKDIMARCO","RB","Patrick DiMarco","ATL",117,431,2,NA,NA,NA,NA,NA,2,6,0,9,48,0,NA,NA,0
"JEROMEFELTON","RB","Jerome Felton","MIN",117,431,2,NA,NA,NA,NA,NA,2,6,0,6,49,0,NA,NA,0
"MYLESWHITE","WR","Myles White","GB",158,431,2,NA,NA,NA,NA,NA,NA,NA,NA,4,51,0,NA,NA,0
"JURONCRINER","WR","Juron Criner","OAK",158,431,2,NA,NA,NA,NA,NA,NA,NA,NA,5,55,0,NA,NA,0
"JASONCAMPBELL","QB","Jason Campbell","CIN",46,441,1,35,19,246,0,1,1,2,0,NA,NA,NA,NA,NA,0
"BRANDONWEEDEN","QB","Brandon Weeden","DAL",46,441,1,35,20,208,0,1,0,0,0,NA,NA,NA,NA,NA,0
"MIGUELMAYSONET","RB","Miguel Maysonet","PIT",125,441,1,NA,NA,NA,NA,NA,9,38,0,1,4,0,NA,NA,0
"TONYFIAMMETTA","RB","Tony Fiammetta","CHI",125,441,1,NA,NA,NA,NA,NA,0,0,0,6,44,0,NA,NA,0
"STANLEYHAVILI","RB","Stanley Havili","IND",125,441,1,NA,NA,NA,NA,NA,2,4,0,7,41,0,NA,NA,0
"WILLTAUFOOU","RB","Will Ta'ufo'ou","JAC",125,441,1,NA,NA,NA,NA,NA,0,0,0,7,29,0,NA,NA,0
"JAMESDEVELIN","RB","James Develin","NE",125,441,1,NA,NA,NA,NA,NA,2,5,0,4,23,0,NA,NA,0
"WILLJOHNSON","RB","Will Johnson","PIT",125,441,1,NA,NA,NA,NA,NA,0,0,0,8,47,0,NA,NA,0
"LONNIEPRYOR","RB","Lonnie Pryor","TB",125,441,1,NA,NA,NA,NA,NA,3,9,0,4,21,0,NA,NA,0
"HENRYHYNOSKI","RB","Henry Hynoski","NYG",125,441,1,NA,NA,NA,NA,NA,1,2,0,6,35,0,NA,NA,0
"JORVORSKIELANE","RB","Jorvorskie Lane","TB",125,441,1,NA,NA,NA,NA,NA,5,13,0,4,24,0,NA,NA,0
"JEFFMAEHL","WR","Jeff Maehl","PHI",160,441,1,NA,NA,NA,NA,NA,NA,NA,NA,3,40,0,NA,NA,0
"MICHAELPRESTON","WR","Michael Preston","TEN",160,441,1,NA,NA,NA,NA,NA,NA,NA,NA,5,45,0,NA,NA,0
"COLLINMOONEY","RB","Collin Mooney","TEN",134,454,0,NA,NA,NA,NA,NA,1,2,0,3,12,0,NA,NA,0
"JAYPROSCH","RB","Jay Prosch","HOU",134,454,0,NA,NA,NA,NA,NA,3,13,0,2,9,0,NA,NA,0
"SPENCERWARE","RB","Spencer Ware","SEA",134,454,0,NA,NA,NA,NA,NA,3,10,0,0,0,0,NA,NA,0
"TYLERCLUTTS","RB","Tyler Clutts","DAL",134,454,0,NA,NA,NA,NA,NA,0,0,0,3,10,0,NA,NA,0
"QUINTONPATTON","WR","Quinton Patton","SF",162,454,0,NA,NA,NA,NA,NA,NA,NA,NA,5,42,0,NA,NA,1
