"name","name_fs","pos","team_fs","positionRank_fs","overallRank_fs","passAtt_fs","passComp_fs","passYds_fs","passTds_fs","passInt_fs","rushYds_fs","rushTds_fs","rec_fs","recYds_fs","recTds_fs","twoPts_fs","fumbles_fs","pts_fs"
"PEYTONMANNING","Peyton Manning","QB","DEN",1,1,NA,403,5008,46,12,0,1,0,0,0,NA,5,418
"NICKFOLES","Nick Foles","QB","PHI",2,2,NA,350,4350,38,9,355,4,0,0,0,NA,6,407
"DREWBREES","Drew Brees","QB","NOS",3,3,NA,396,4849,37,14,40,2,0,0,0,NA,1,390
"AARONRODGERS","Aaron Rodgers","QB","GBP",4,4,NA,344,4350,34,10,244,2,0,0,0,NA,4,371
"MATTHEWSTAFFORD","Matthew Stafford","QB","DET",5,5,NA,407,4802,32,18,96,3,0,0,0,NA,4,369
"ANDREWLUCK","Andrew Luck","QB","IND",6,6,NA,362,4373,25,17,341,5,0,0,0,NA,4,357
"COLINKAEPERNICK","Colin Kaepernick","QB","SFO",7,7,NA,257,3465,22,9,702,6,0,0,0,NA,3,352
"CAMNEWTON","Cam Newton","QB","CAR",8,8,NA,264,3400,22,15,664,7,0,0,0,NA,2,347
"TOMBRADY","Tom Brady","QB","NEP",9,9,NA,372,4425,30,9,23,2,0,0,0,NA,2,342
"JAYCUTLER","Jay Cutler","QB","CHI",9,9,NA,358,4251,31,16,242,1,0,0,0,NA,4,342
"ROBERTGRIFFINIII","Robert Griffin III","QB","WAS",9,9,NA,297,3500,23,12,675,5,0,0,0,NA,5,342
"RUSSELLWILSON","Russell Wilson","QB","SEA",12,12,NA,261,3417,27,7,525,4,0,0,0,NA,4,339
"MATTRYAN","Matt Ryan","QB","ATL",13,13,NA,410,4584,29,18,75,0,0,0,0,NA,4,326
"BENROETHLISBERGER","Ben Roethlisberger","QB","PIT",14,14,NA,358,4067,30,13,102,1,0,0,0,NA,4,318
"ANDYDALTON","Andy Dalton","QB","CIN",15,15,NA,324,3751,27,18,170,4,0,0,0,NA,3,312
"TONYROMO","Tony Romo","QB","DAL",15,15,NA,365,4151,30,19,47,1,0,0,0,NA,3,312
"ALEXSMITH","Alex Smith","QB","KCC",15,15,NA,305,3332,26,7,515,1,0,0,0,NA,4,312
"SAMBRADFORD","Sam Bradford","QB","STL",18,18,NA,337,3750,27,13,95,1,0,0,0,NA,2,293
"PHILIPRIVERS","Philip Rivers","QB","SDC",19,19,NA,332,3872,29,13,62,0,0,0,0,NA,5,292
"CARSONPALMER","Carson Palmer","QB","ARI",20,20,NA,364,4265,25,21,9,0,0,0,0,NA,3,286
"JOEFLACCO","Joe Flacco","QB","BAL",21,21,NA,320,3700,25,15,85,2,0,0,0,NA,3,284
"RYANFITZPATRICK","Ryan Fitzpatrick","QB","HOU",22,22,NA,327,3687,20,19,217,3,0,0,0,NA,3,278
"JOHNNYMANZIEL","Johnny Manziel","QB","CLE",23,23,NA,275,3375,23,19,225,3,0,0,0,NA,2,277
"JOSHMCCOWN","Josh McCown","QB","TBB",24,24,NA,301,3483,25,7,97,1,0,0,0,NA,4,274
"JAMAALCHARLES","Jamaal Charles","RB","KCC",1,25,NA,0,0,0,0,1350,10,52,485,6,NA,3,273
"RYANTANNEHILL","Ryan Tannehill","QB","MIA",25,26,NA,323,3631,20,16,232,2,0,0,0,NA,4,272
"EJMANUEL","E.J. Manuel","QB","BUF",26,27,NA,297,3395,20,15,249,3,0,0,0,NA,6,264
"LESEANMCCOY","LeSean McCoy","RB","PHI",2,27,NA,0,0,0,0,1462,8,59,502,4,NA,2,264
"MATTSCHAUB","Matt Schaub","QB","OAK",27,29,NA,319,3634,19,22,273,1,0,0,0,NA,3,262
"ADRIANPETERSON","Adrian Peterson","RB","MIN",3,30,NA,0,0,0,0,1699,11,34,179,1,NA,3,252
"DEMARYIUSTHOMAS","Demaryius Thomas","WR","DEN",1,31,NA,0,0,0,0,0,0,95,1450,18,NA,1,251
"GENOSMITH","Geno Smith","QB","NYJ",28,32,NA,258,3150,14,19,324,5,0,0,0,NA,5,246
"ELIMANNING","Eli Manning","QB","NYG",29,33,NA,302,3525,22,17,28,0,0,0,0,NA,2,245
"MATTFORTE","Matt Forte","RB","CHI",4,34,NA,0,0,0,0,1263,8,62,489,3,NA,2,236
"EDDIELACY","Eddie Lacy","RB","GBP",5,35,NA,0,0,0,0,1350,12,40,283,0,NA,1,233
"MARSHAWNLYNCH","Marshawn Lynch","RB","SEA",6,36,NA,0,0,0,0,1250,13,24,212,2,NA,2,232
"BRANDONMARSHALL","Brandon Marshall","WR","CHI",2,37,NA,0,0,0,0,0,0,116,1488,13,NA,0,226
"DEZBRYANT","Dez Bryant","WR","DAL",3,38,NA,0,0,0,0,0,0,99,1367,15,NA,1,224
"ANDREELLINGTON","Andre Ellington","RB","ARI",7,39,NA,0,0,0,0,1100,9,45,430,2,NA,2,215
"KNOWSHONMORENO","Knowshon Moreno","RB","MIA",8,40,NA,0,0,0,0,1064,8,48,423,3,NA,0,214
"JAKELOCKER","Jake Locker","QB","TEN",30,41,NA,233,2657,15,17,305,3,0,0,0,NA,5,213
"MONTEEBALL","Montee Ball","RB","DEN",9,41,NA,0,0,0,0,1200,7,48,411,2,NA,1,213
"JULIOJONES","Julio Jones","WR","ATL",4,43,NA,0,0,0,0,26,0,105,1464,11,NA,1,212
"ZACSTACY","Zac Stacy","RB","STL",10,44,NA,0,0,0,0,1276,10,39,224,1,NA,2,211
"DEMARCOMURRAY","DeMarco Murray","RB","DAL",11,45,NA,0,0,0,0,1165,9,56,381,1,NA,2,210
"ARIANFOSTER","Arian Foster","RB","HOU",12,46,NA,0,0,0,0,1189,9,42,288,2,NA,2,208
"AJGREEN","A.J. Green","WR","CIN",5,46,NA,0,0,0,0,13,0,96,1373,12,NA,1,208
"CALVINJOHNSON","Calvin Johnson","WR","DET",5,46,NA,0,0,0,0,0,0,86,1525,10,NA,2,208
"DOUGMARTIN","Doug Martin","RB","TBB",13,49,NA,0,0,0,0,1150,9,40,337,1,NA,2,204
"TOBYGERHART","Toby Gerhart","RB","JAC",14,50,NA,0,0,0,0,1225,7,40,328,2,NA,3,202
"CJSPILLER","C.J. Spiller","RB","BUF",15,51,NA,0,0,0,0,1212,6,42,339,2,NA,2,198
"CHRISJOHNSON","Chris Johnson","RB","NYJ",16,52,NA,0,0,0,0,1101,6,34,257,4,NA,2,191
"VINCENTJACKSON","Vincent Jackson","WR","TBB",7,53,NA,0,0,0,0,0,0,78,1342,9,NA,0,188
"LEVEONBELL","Le'Veon Bell","RB","PIT",17,54,NA,0,0,0,0,1017,8,48,414,0,NA,2,186
"ANDREJOHNSON","Andre Johnson","WR","HOU",8,55,NA,0,0,0,0,0,0,98,1375,8,NA,0,185
"BISHOPSANKEY","Bishop Sankey","RB","TEN",18,56,NA,0,0,0,0,1055,6,42,294,3,NA,2,184
"FRANKGORE","Frank Gore","RB","SFO",19,57,NA,0,0,0,0,1095,9,18,180,1,NA,2,183
"CHADHENNE","Chad Henne","QB","JAC",31,58,NA,237,2600,13,12,83,1,0,0,0,NA,1,182
"JORDYNELSON","Jordy Nelson","WR","GBP",9,58,NA,0,0,0,0,1,0,89,1246,10,NA,1,182
"ANTONIOBROWN","Antonio Brown","WR","PIT",10,60,NA,0,0,0,0,8,0,102,1358,8,NA,1,181
"ALSHONJEFFERY","Alshon Jeffery","WR","CHI",10,60,NA,0,0,0,0,64,0,78,1295,8,NA,1,181
"FREDJACKSON","Fred Jackson","RB","BUF",20,62,NA,0,0,0,0,839,8,50,374,2,NA,1,178
"REGGIEBUSH","Reggie Bush","RB","DET",21,63,NA,0,0,0,0,780,6,51,474,4,NA,4,177
"RASHADJENNINGS","Rashad Jennings","RB","NYG",21,63,NA,0,0,0,0,1100,7,35,277,0,NA,1,177
"CORDARRELLEPATTERSON","Cordarrelle Patterson","WR","MIN",12,63,NA,0,0,0,0,78,2,82,1165,7,NA,0,177
"JIMMYGRAHAM","Jimmy Graham","TE","NOS",1,66,NA,0,0,0,0,0,0,79,1041,12,NA,0,176
"RAYRICE","Ray Rice","RB","BAL",23,67,NA,0,0,0,0,942,7,57,388,1,NA,3,174
"ALFREDMORRIS","Alfred Morris","RB","WAS",24,68,NA,0,0,0,0,1250,8,9,73,0,NA,4,172
"VICTORCRUZ","Victor Cruz","WR","NYG",13,69,NA,0,0,0,0,9,1,85,1225,7,NA,0,170
"STEVENJACKSON","Steven Jackson","RB","ATL",25,70,NA,0,0,0,0,852,8,47,305,1,NA,0,169
"ERICDECKER","Eric Decker","WR","NYJ",14,71,NA,0,0,0,0,8,0,75,1250,7,NA,0,167
"WESWELKER","Wes Welker","WR","DEN",15,72,NA,0,0,0,0,0,0,91,1051,10,NA,0,165
"GIOVANIBERNARD","Giovani Bernard","RB","CIN",26,73,NA,0,0,0,0,780,6,58,507,1,NA,3,164
"BENTATE","Ben Tate","RB","CLE",26,73,NA,0,0,0,0,1075,6,36,179,1,NA,1,164
"ROBGRONKOWSKI","Rob Gronkowski","TE","NEP",2,73,NA,0,0,0,0,2,0,70,1100,9,NA,0,164
"DEANGELOWILLIAMS","DeAngelo Williams","RB","CAR",28,76,NA,0,0,0,0,844,7,21,295,2,NA,2,163
"MICHAELCRABTREE","Michael Crabtree","WR","SFO",16,77,NA,0,0,0,0,10,0,78,1150,8,NA,1,162
"RYANMATHEWS","Ryan Mathews","RB","SDC",29,78,NA,0,0,0,0,1080,5,30,202,1,NA,2,160
"KEENANALLEN","Keenan Allen","WR","SDC",17,79,NA,0,0,0,0,0,0,78,1157,8,NA,2,159
"LARRYFITZGERALD","Larry Fitzgerald","WR","ARI",18,80,NA,0,0,0,0,5,0,87,1050,9,NA,1,157
"RODDYWHITE","Roddy White","WR","ATL",18,80,NA,0,0,0,0,0,0,78,1116,8,NA,1,157
"TORREYSMITH","Torrey Smith","WR","BAL",20,82,NA,0,0,0,0,0,0,75,1200,6,NA,0,156
"RANDALLCOBB","Randall Cobb","WR","GBP",21,83,NA,0,0,0,0,30,0,83,979,9,NA,0,154
"JULIANEDELMAN","Julian Edelman","WR","NEP",21,83,NA,0,0,0,0,8,0,110,1125,7,NA,0,154
"VERNONDAVIS","Vernon Davis","TE","SFO",3,85,NA,0,0,0,0,0,0,53,825,12,NA,1,152
"MAURICEJONESDREW","Maurice Jones-Drew","RB","OAK",30,86,NA,0,0,0,0,833,6,44,340,0,NA,1,151
"TRENTRICHARDSON","Trent Richardson","RB","IND",31,87,NA,0,0,0,0,705,7,36,281,2,NA,1,150
"SAMMYWATKINS","Sammy Watkins","WR","BUF",23,87,NA,0,0,0,0,12,0,76,1094,7,NA,1,150
"PIERREGARCON","Pierre Garcon","WR","WAS",24,89,NA,0,0,0,0,14,0,98,1185,5,NA,1,147
"JEREMYMACLIN","Jeremy Maclin","WR","PHI",24,89,NA,0,0,0,0,3,0,76,1010,8,NA,1,147
"TEDDYBRIDGEWATER","Teddy Bridgewater","QB","MIN",32,91,NA,145,1650,13,9,135,1,0,0,0,NA,0,144
"JAMESJONES","James Jones","WR","OAK",26,91,NA,0,0,0,0,1,0,79,1106,6,NA,1,144
"MIKEWALLACE","Mike Wallace","WR","MIA",26,91,NA,0,0,0,0,25,0,76,960,8,NA,1,144
"KYLERUDOLPH","Kyle Rudolph","TE","MIN",4,94,NA,0,0,0,0,0,0,76,775,11,NA,0,143
"DESEANJACKSON","DeSean Jackson","WR","WAS",28,94,NA,0,0,0,0,2,0,72,1075,6,NA,0,143
"CECILSHORTS","Cecil Shorts","WR","JAC",29,96,NA,0,0,0,0,0,0,73,957,8,NA,1,141
"REGGIEWAYNE","Reggie Wayne","WR","IND",30,97,NA,0,0,0,0,0,0,82,1120,5,NA,1,140
"JULIUSTHOMAS","Julius Thomas","TE","DEN",5,98,NA,0,0,0,0,0,0,76,861,9,NA,1,138
"DENNISPITTA","Dennis Pitta","TE","BAL",6,99,NA,0,0,0,0,0,0,78,825,9,NA,0,136
"DANNYWOODHEAD","Danny Woodhead","RB","SDC",32,100,NA,0,0,0,0,411,3,62,481,5,NA,1,135
"DARRENMCFADDEN","Darren McFadden","RB","OAK",33,101,NA,0,0,0,0,550,5,62,439,1,NA,0,134
"STEVANRIDLEY","Stevan Ridley","RB","NEP",34,102,NA,0,0,0,0,826,8,12,72,0,NA,2,133
"MARQUESCOLSTON","Marques Colston","WR","NOS",31,102,NA,0,0,0,0,0,0,71,995,6,NA,1,133
"JOIQUEBELL","Joique Bell","RB","DET",35,104,NA,0,0,0,0,530,6,51,491,0,NA,3,132
"PERCYHARVIN","Percy Harvin","WR","SEA",32,104,NA,0,0,0,0,44,0,65,883,7,NA,1,132
"HAKEEMNICKS","Hakeem Nicks","WR","IND",32,104,NA,0,0,0,0,3,0,59,962,6,NA,0,132
"ROBERTWOODS","Robert Woods","WR","BUF",32,104,NA,0,0,0,0,13,0,60,1015,5,NA,0,132
"PIERRETHOMAS","Pierre Thomas","RB","NOS",36,108,NA,0,0,0,0,593,3,55,375,3,NA,1,130
"JORDANCAMERON","Jordan Cameron","TE","CLE",7,108,NA,0,0,0,0,0,0,72,828,8,NA,0,130
"MICHAELFLOYD","Michael Floyd","WR","ARI",35,108,NA,0,0,0,0,1,0,69,1005,5,NA,0,130
"TYHILTON","T.Y. Hilton","WR","IND",35,108,NA,0,0,0,0,20,0,54,806,8,NA,0,130
"JASONWITTEN","Jason Witten","TE","DAL",8,112,NA,0,0,0,0,0,0,89,938,6,NA,0,129
"KENNYSTILLS","Kenny Stills","WR","NOS",37,113,NA,0,0,0,0,0,0,51,841,7,NA,0,126
"KENDALLWRIGHT","Kendall Wright","WR","TEN",37,113,NA,0,0,0,0,3,0,93,1047,4,NA,1,126
"JORDANREED","Jordan Reed","TE","WAS",9,115,NA,0,0,0,0,9,0,82,915,6,NA,1,125
"NATEWASHINGTON","Nate Washington","WR","TEN",39,115,NA,0,0,0,0,0,0,57,898,6,NA,0,125
"DWAYNEBOWE","Dwayne Bowe","WR","KCC",40,117,NA,0,0,0,0,1,0,69,900,6,NA,1,124
"RILEYCOOPER","Riley Cooper","WR","PHI",41,118,NA,0,0,0,0,1,0,48,757,8,NA,0,123
"GREGOLSEN","Greg Olsen","TE","CAR",10,119,NA,0,0,0,0,0,0,68,801,7,NA,0,122
"BRIANHARTLINE","Brian Hartline","WR","MIA",42,120,NA,0,0,0,0,0,0,65,925,5,NA,1,120
"ODELLBECKHAM","Odell Beckham","WR","NYG",43,121,NA,0,0,0,0,0,0,52,795,7,NA,1,119
"GREGJENNINGS","Greg Jennings","WR","MIN",43,121,NA,0,0,0,0,3,0,71,837,6,NA,0,119
"DOUGBALDWIN","Doug Baldwin","WR","SEA",45,123,NA,0,0,0,0,5,0,55,825,6,NA,0,118
"EMMANUELSANDERS","Emmanuel Sanders","WR","DEN",45,123,NA,0,0,0,0,0,0,70,900,5,NA,1,118
"JERRICHOCOTCHERY","Jerricho Cotchery","WR","CAR",47,125,NA,0,0,0,0,2,0,65,875,5,NA,0,117
"MATTCASSEL","Matt Cassel","QB","MIN",33,126,NA,130,1550,9,8,70,1,0,0,0,NA,2,114
"CHRISIVORY","Chris Ivory","RB","NYJ",37,127,NA,0,0,0,0,770,5,10,62,0,NA,0,113
"JEREMYHILL","Jeremy Hill","RB","CIN",38,128,NA,0,0,0,0,650,4,21,199,1,NA,1,112
"SHANEVEREEN","Shane Vereen","RB","NEP",39,129,NA,0,0,0,0,350,2,52,475,3,NA,1,110
"CHARLESCLAY","Charles Clay","TE","MIA",11,129,NA,0,0,0,0,10,1,64,674,6,NA,0,110
"GOLDENTATE","Golden Tate","WR","DET",48,129,NA,0,0,0,0,0,0,65,800,5,NA,0,110
"ERICEBRON","Eric Ebron","TE","DET",12,132,NA,0,0,0,0,0,0,60,750,6,NA,1,109
"AARONDOBSON","Aaron Dobson","WR","NEP",49,132,NA,0,0,0,0,2,0,50,678,7,NA,0,109
"MARVINJONES","Marvin Jones","WR","CIN",49,132,NA,0,0,0,0,55,0,57,741,5,NA,0,109
"ZACHERTZ","Zach Ertz","TE","PHI",13,135,NA,0,0,0,0,0,0,53,624,8,NA,1,108
"BRANDINCOOKS","Brandin Cooks","WR","NOS",51,135,NA,0,0,0,0,0,0,64,725,6,NA,0,108
"TEDGINNJR","Ted Ginn Jr.","WR","ARI",51,135,NA,0,0,0,0,21,0,39,706,6,NA,0,108
"LADARIUSGREEN","Ladarius Green","TE","SDC",14,138,NA,0,0,0,0,0,0,38,675,7,NA,1,107
"GARRETTGRAHAM","Garrett Graham","TE","HOU",15,139,NA,0,0,0,0,0,0,65,725,6,NA,1,106
"MARKUSWHEATON","Markus Wheaton","WR","PIT",53,139,NA,0,0,0,0,7,0,60,727,6,NA,1,106
"ANTONIOGATES","Antonio Gates","TE","SDC",16,141,NA,0,0,0,0,0,0,59,650,7,NA,1,105
"STEVESMITH","Steve Smith","WR","BAL",54,141,NA,0,0,0,0,0,0,55,759,5,NA,0,105
"STEPFANTAYLOR","Stepfan Taylor","RB","ARI",40,143,NA,0,0,0,0,468,4,26,303,1,NA,1,104
"DWAYNEALLEN","Dwayne Allen","TE","IND",17,143,NA,0,0,0,0,5,0,53,625,7,NA,0,104
"JAREDCOOK","Jared Cook","TE","STL",17,143,NA,0,0,0,0,0,0,49,643,7,NA,1,104
"DENARIUSMOORE","Denarius Moore","WR","OAK",55,146,NA,0,0,0,0,3,0,52,731,5,NA,0,103
"TERRANCEWILLIAMS","Terrance Williams","WR","DAL",55,146,NA,0,0,0,0,7,0,49,772,5,NA,2,103
"DARRENSPROLES","Darren Sproles","RB","PHI",41,148,NA,0,0,0,0,195,3,55,490,3,NA,1,102
"DELANIEWALKER","Delanie Walker","TE","TEN",19,148,NA,0,0,0,0,0,0,62,625,7,NA,1,102
"JOSHGORDON","Josh Gordon","WR","CLE",57,148,NA,0,0,0,0,14,0,44,733,5,NA,1,102
"ANQUANBOLDIN","Anquan Boldin","WR","SFO",58,151,NA,0,0,0,0,6,0,64,775,4,NA,0,101
"HEATHMILLER","Heath Miller","TE","PIT",20,152,NA,0,0,0,0,0,0,67,729,5,NA,1,100
"MALCOMFLOYD","Malcom Floyd","WR","SDC",59,152,NA,0,0,0,0,17,0,43,714,5,NA,1,100
"CHRISGIVENS","Chris Givens","WR","STL",59,152,NA,0,0,0,0,7,0,50,721,5,NA,1,100
"DEANDREHOPKINS","DeAndre Hopkins","WR","HOU",59,152,NA,0,0,0,0,0,0,58,845,3,NA,1,100
"MIKEWILLIAMS","Mike Williams","WR","BUF",62,156,NA,0,0,0,0,11,0,49,620,6,NA,0,99
"MIKEEVANS","Mike Evans","WR","TBB",63,157,NA,0,0,0,0,0,0,47,622,6,NA,0,98
"MARQISELEE","Marqise Lee","WR","JAC",64,158,NA,0,0,0,0,5,0,65,750,4,NA,1,97
"ADRIENROBINSON","Adrien Robinson","TE","NYG",21,159,NA,0,0,0,0,0,0,54,607,6,NA,0,96
"KELVINBENJAMIN","Kelvin Benjamin","WR","CAR",65,159,NA,0,0,0,0,30,0,50,650,5,NA,1,96
"DAVIDNELSON","David Nelson","WR","NYJ",66,161,NA,0,0,0,0,3,0,53,679,5,NA,1,95
"TERRANCEWEST","Terrance West","RB","CLE",42,162,NA,0,0,0,0,525,3,26,193,1,NA,1,93
"MILESAUSTIN","Miles Austin","WR","CLE",67,162,NA,0,0,0,0,1,0,60,650,5,NA,1,93
"DANNYAMENDOLA","Danny Amendola","WR","NEP",68,164,NA,0,0,0,0,0,0,60,825,2,NA,1,92
"JARRETTBOYKIN","Jarrett Boykin","WR","GBP",68,164,NA,0,0,0,0,3,0,51,682,4,NA,0,92
"DAVIDAUSBERRY","David Ausberry","TE","OAK",22,166,NA,0,0,0,0,0,0,57,611,5,NA,0,91
"JUSTINHUNTER","Justin Hunter","WR","TEN",70,166,NA,0,0,0,0,0,0,32,550,6,NA,0,91
"JEREMYKERLEY","Jeremy Kerley","WR","NYJ",71,168,NA,0,0,0,0,18,0,50,671,4,NA,1,90
"CJANDERSON","C.J. Anderson","RB","DEN",43,169,NA,0,0,0,0,584,2,23,171,1,NA,2,89
"JACQUIZZRODGERS","Jacquizz Rodgers","RB","ATL",43,169,NA,0,0,0,0,386,2,50,355,1,NA,1,89
"TYLEREIFERT","Tyler Eifert","TE","CIN",23,171,NA,0,0,0,0,0,0,48,525,6,NA,0,88
"MARKINGRAM","Mark Ingram","RB","NOS",45,172,NA,0,0,0,0,550,4,19,119,0,NA,2,86
"MARTELLUSBENNETT","Martellus Bennett","TE","CHI",24,172,NA,0,0,0,0,0,0,56,644,4,NA,1,86
"MARCEDESLEWIS","Marcedes Lewis","TE","JAC",24,172,NA,0,0,0,0,0,0,43,524,6,NA,1,86
"LEGARRETTEBLOUNT","LeGarrette Blount","RB","PIT",46,175,NA,0,0,0,0,625,3,9,60,0,NA,1,84
"SCOTTCHANDLER","Scott Chandler","TE","BUF",26,175,NA,0,0,0,0,0,0,48,626,4,NA,1,84
"ROYHELU","Roy Helu","RB","WAS",47,177,NA,0,0,0,0,350,2,38,305,1,NA,0,83
"JERMAINEGRESHAM","Jermaine Gresham","TE","CIN",27,177,NA,0,0,0,0,0,0,49,532,6,NA,3,83
"TAVONAUSTIN","Tavon Austin","WR","STL",72,179,NA,0,0,0,0,61,1,43,482,4,NA,1,82
"JASONCAMPBELL","Jason Campbell","QB","CIN",34,180,NA,77,929,8,2,77,0,0,0,0,NA,1,81
"RODSTREATER","Rod Streater","WR","OAK",73,180,NA,0,0,0,0,0,0,48,635,3,NA,0,81
"JARIUSWRIGHT","Jarius Wright","WR","MIN",73,180,NA,0,0,0,0,19,2,29,500,3,NA,0,81
"JONATHANSTEWART","Jonathan Stewart","RB","CAR",48,183,NA,0,0,0,0,454,2,26,170,1,NA,0,80
"ALLENROBINSON","Allen Robinson","WR","JAC",75,183,NA,0,0,0,0,0,0,45,525,5,NA,1,80
"KNILEDAVIS","Knile Davis","RB","KCC",49,185,NA,0,0,0,0,309,5,21,150,1,NA,1,79
"JACEAMARO","Jace Amaro","TE","NYJ",28,185,NA,0,0,0,0,0,0,42,550,4,NA,0,79
"AUSTINSEFERIANJENKINS","Austin Seferian-Jenkins","TE","TBB",28,185,NA,0,0,0,0,1,0,48,494,5,NA,0,79
"DONNIEAVERY","Donnie Avery","WR","KCC",76,185,NA,0,0,0,0,9,0,37,576,4,NA,1,79
"JORDANMATTHEWS","Jordan Matthews","WR","PHI",76,185,NA,0,0,0,0,0,0,45,578,4,NA,1,79
"KHIRYROBINSON","Khiry Robinson","RB","NOS",50,190,NA,0,0,0,0,450,2,7,50,3,NA,1,78
"NATEBURLESON","Nate Burleson","WR","CLE",78,190,NA,0,0,0,0,8,0,52,625,3,NA,1,78
"JAMESSTARKS","James Starks","RB","GBP",51,192,NA,0,0,0,0,502,2,8,80,1,NA,0,76
"ANDREROBERTS","Andre Roberts","WR","WAS",79,192,NA,0,0,0,0,4,0,43,522,4,NA,0,76
"EDDIEROYAL","Eddie Royal","WR","SDC",79,192,NA,0,0,0,0,22,0,38,527,4,NA,1,76
"MARCELREECE","Marcel Reece","RB","OAK",52,195,NA,0,0,0,0,158,2,37,365,2,NA,0,75
"SHONNGREENE","Shonn Greene","RB","TEN",53,196,NA,0,0,0,0,410,5,6,37,0,NA,0,74
"TIQUANUNDERWOOD","Tiquan Underwood","WR","CAR",81,196,NA,0,0,0,0,11,0,40,550,3,NA,0,74
"AHMADBRADSHAW","Ahmad Bradshaw","RB","IND",54,198,NA,0,0,0,0,319,4,14,144,1,NA,1,73
"JOSEPHFAURIA","Joseph Fauria","TE","DET",30,198,NA,0,0,0,0,0,0,27,315,7,NA,0,73
"MARTAVISBRYANT","Martavis Bryant","WR","PIT",82,198,NA,0,0,0,0,3,0,34,495,4,NA,0,73
"BLAKEBORTLES","Blake Bortles","QB","JAC",35,201,NA,90,1000,8,10,1,0,0,0,0,NA,0,72
"AUSTINPETTIS","Austin Pettis","WR","STL",83,201,NA,0,0,0,0,0,0,44,422,5,NA,0,72
"RYANGRIFFIN","Ryan Griffin","TE","HOU",31,203,NA,0,0,0,0,0,0,39,465,4,NA,0,70
"ZACHMILLER","Zach Miller","TE","SEA",31,203,NA,0,0,0,0,0,0,38,422,5,NA,1,70
"BRANDONBOLDEN","Brandon Bolden","RB","NEP",55,205,NA,0,0,0,0,324,2,25,185,1,NA,0,68
"LAMARMILLER","Lamar Miller","RB","MIA",55,205,NA,0,0,0,0,435,2,14,94,1,NA,1,68
"ANDREWHAWKINS","Andrew Hawkins","WR","CLE",84,205,NA,0,0,0,0,20,0,40,500,3,NA,1,68
"HARRYDOUGLAS","Harry Douglas","WR","ATL",85,208,NA,0,0,0,0,3,0,43,570,2,NA,1,67
"STEVIEJOHNSON","Stevie Johnson","WR","SFO",86,209,NA,0,0,0,0,12,0,45,495,3,NA,1,66
"BERNARDPIERCE","Bernard Pierce","RB","BAL",57,210,NA,0,0,0,0,467,2,14,75,0,NA,0,65
"CHARLESSIMS","Charles Sims","RB","TBB",58,211,NA,0,0,0,0,285,2,25,180,1,NA,0,64
"ANTHONYFASANO","Anthony Fasano","TE","KCC",33,211,NA,0,0,0,0,0,0,36,340,5,NA,0,64
"ANDREWQUARLESS","Andrew Quarless","TE","GBP",33,211,NA,0,0,0,0,0,0,42,405,4,NA,0,64
"JERMAINEKEARSE","Jermaine Kearse","WR","SEA",87,211,NA,0,0,0,0,0,0,24,364,5,NA,1,64
"ANDREBROWN","Andre Brown","RB","HOU",59,215,NA,0,0,0,0,370,2,17,120,1,NA,2,63
"JERMICHAELFINLEY","Jermichael Finley","TE","GBP",35,215,NA,0,0,0,0,0,0,40,450,3,NA,0,63
"MOHAMEDSANU","Mohamed Sanu","WR","CIN",88,215,NA,0,0,0,0,36,0,37,424,3,NA,0,63
"LANCEDUNBAR","Lance Dunbar","RB","DAL",60,218,NA,0,0,0,0,226,1,30,245,2,NA,1,62
"JEFFCUMBERLAND","Jeff Cumberland","TE","NYJ",36,218,NA,0,0,0,0,0,0,29,383,4,NA,0,62
"BRANDONPETTIGREW","Brandon Pettigrew","TE","DET",36,218,NA,0,0,0,0,0,0,35,345,5,NA,1,62
"PEYTONHILLIS","Peyton Hillis","RB","NYG",61,221,NA,0,0,0,0,339,4,10,84,0,NA,2,61
"RISHARDMATTHEWS","Rishard Matthews","WR","MIA",89,221,NA,0,0,0,0,1,0,42,497,2,NA,0,61
"MATTFLYNN","Matt Flynn","QB","GBP",36,223,NA,74,846,6,4,29,0,0,0,0,NA,2,60
"BRANDONBOSTICK","Brandon Bostick","TE","GBP",38,223,NA,0,0,0,0,0,0,34,425,3,NA,0,60
"RUEBENRANDLE","Rueben Randle","WR","NYG",90,223,NA,0,0,0,0,0,0,35,425,3,NA,0,60
"KENNYBRITT","Kenny Britt","WR","STL",91,226,NA,0,0,0,0,0,0,42,475,2,NA,0,59
"LANCEMOORE","Lance Moore","WR","PIT",91,226,NA,0,0,0,0,0,0,31,414,3,NA,0,59
"NICKTOON","Nick Toon","WR","NOS",91,226,NA,0,0,0,0,4,0,38,475,2,NA,0,59
"ROBERTHOUSLER","Robert Housler","TE","ARI",39,229,NA,0,0,0,0,0,0,53,529,1,NA,0,58
"LUKEWILLSON","Luke Willson","TE","SEA",39,229,NA,0,0,0,0,0,0,35,345,4,NA,0,58
"BRANDONLAFELL","Brandon LaFell","WR","NEP",94,229,NA,0,0,0,0,1,0,38,460,2,NA,0,58
"MARQUESSWILSON","Marquess Wilson","WR","CHI",94,229,NA,0,0,0,0,10,0,28,270,5,NA,0,58
"CHRISTINEMICHAEL","Christine Michael","RB","SEA",62,233,NA,0,0,0,0,325,0,9,78,3,NA,0,57
"VICKBALLARD","Vick Ballard","RB","IND",63,234,NA,0,0,0,0,345,3,5,48,0,NA,0,56
"OWENDANIELS","Owen Daniels","TE","BAL",41,234,NA,0,0,0,0,0,0,40,385,3,NA,0,56
"JARVISLANDRY","Jarvis Landry","WR","MIA",96,234,NA,0,0,0,0,2,0,35,440,2,NA,0,56
"KADEEMCAREY","Ka'Deem Carey","RB","CHI",64,237,NA,0,0,0,0,262,3,7,75,1,NA,1,55
"MIKETOLBERT","Mike Tolbert","RB","CAR",64,237,NA,0,0,0,0,182,3,23,195,0,NA,0,55
"JEROMESIMPSON","Jerome Simpson","WR","MIN",97,237,NA,0,0,0,0,0,0,33,450,2,NA,1,55
"ACESANDERS","Ace Sanders","WR","JAC",98,240,NA,0,0,0,0,3,0,51,489,1,NA,0,54
"KRISDURHAM","Kris Durham","WR","DET",99,241,NA,0,0,0,0,15,0,35,445,2,NA,2,53
"LEONARDHANKERSON","Leonard Hankerson","WR","WAS",99,241,NA,0,0,0,0,7,0,24,297,4,NA,0,53
"CARLOSHYDE","Carlos Hyde","RB","SFO",66,243,NA,0,0,0,0,398,2,6,38,0,NA,1,52
"BRIANQUICK","Brian Quick","WR","STL",101,243,NA,0,0,0,0,1,0,22,345,3,NA,0,52
"RONNIEHILLMAN","Ronnie Hillman","RB","DEN",67,245,NA,0,0,0,0,199,2,15,143,1,NA,0,51
"MIKEJAMES","Mike James","RB","TBB",67,245,NA,0,0,0,0,365,2,9,33,0,NA,0,51
"DEXTERMCCLUSTER","Dexter McCluster","RB","TEN",69,247,NA,0,0,0,0,19,0,44,375,2,NA,0,50
"ANDREHOLMES","Andre Holmes","WR","OAK",102,247,NA,0,0,0,0,6,0,26,381,2,NA,0,50
"COBYFLEENER","Coby Fleener","TE","IND",42,249,NA,0,0,0,0,0,0,35,365,2,NA,0,48
"DONALDBROWN","Donald Brown","RB","SDC",70,250,NA,0,0,0,0,280,2,15,75,0,NA,0,47
"BENJARVUSGREENELLIS","BenJarvus Green-Ellis","RB","CIN",70,250,NA,0,0,0,0,350,2,2,8,0,NA,0,47
"JORDANTODMAN","Jordan Todman","RB","JAC",70,250,NA,0,0,0,0,250,2,8,66,1,NA,1,47
"LAVONBRAZILL","LaVon Brazill","WR","IND",103,250,NA,0,0,0,0,1,0,18,296,3,NA,0,47
"ROBERTTURBIN","Robert Turbin","RB","SEA",73,254,NA,0,0,0,0,350,0,14,137,0,NA,1,46
"LANCEKENDRICKS","Lance Kendricks","TE","STL",43,254,NA,0,0,0,0,0,0,26,225,4,NA,0,46
"LOGANPAULSEN","Logan Paulsen","TE","WAS",43,254,NA,0,0,0,0,1,0,26,247,4,NA,1,46
"BENWATSON","Ben Watson","TE","NOS",43,254,NA,0,0,0,0,0,0,26,287,3,NA,0,46
"COLEBEASLEY","Cole Beasley","WR","DAL",104,254,NA,0,0,0,0,1,0,33,348,2,NA,0,46
"JERRELJERNIGAN","Jerrel Jernigan","WR","NYG",104,254,NA,0,0,0,0,0,0,33,423,1,NA,1,46
"BRANDONMYERS","Brandon Myers","TE","TBB",46,260,NA,0,0,0,0,0,0,25,275,3,NA,0,45
"BRANDONLLOYD","Brandon Lloyd","WR","SFO",106,260,NA,0,0,0,0,2,0,24,335,2,NA,0,45
"SANTANAMOSS","Santana Moss","WR","WAS",106,260,NA,0,0,0,0,10,0,34,380,1,NA,0,45
"SIDNEYRICE","Sidney Rice","WR","SEA",106,260,NA,0,0,0,0,0,0,22,350,2,NA,1,45
"AJJENKINS","A.J. Jenkins","WR","KCC",109,264,NA,0,0,0,0,3,0,21,321,2,NA,0,44
"TRAVARISCADET","Travaris Cadet","RB","NOS",74,265,NA,0,0,0,0,185,0,24,215,1,NA,1,43
"CHARLIEWHITEHURST","Charlie Whitehurst","QB","TEN",37,266,NA,62,650,3,4,25,0,0,0,0,NA,0,42
"BRYCEBROWN","Bryce Brown","RB","BUF",75,266,NA,0,0,0,0,270,1,5,30,1,NA,0,42
"CHRISPOLK","Chris Polk","RB","PHI",75,266,NA,0,0,0,0,130,4,4,50,0,NA,0,42
"DAVANTEADAMS","Davante Adams","WR","GBP",110,266,NA,0,0,0,0,3,0,25,325,2,NA,1,42
"DEREKCARR","Derek Carr","QB","OAK",38,270,NA,55,625,4,6,4,0,0,0,0,NA,0,41
"MIKELLESHOURE","Mikel Leshoure","RB","DET",77,271,NA,0,0,0,0,220,3,4,23,0,NA,1,40
"LEVINETOILOLO","Levine Toilolo","TE","ATL",47,271,NA,0,0,0,0,0,0,29,282,2,NA,0,40
"MICHAELVICK","Michael Vick","QB","NYJ",39,273,NA,25,386,2,1,94,1,0,0,0,NA,1,39
"KENDALLHUNTER","Kendall Hunter","RB","SFO",78,273,NA,0,0,0,0,230,2,4,41,0,NA,0,39
"JURONCRINER","Juron Criner","WR","OAK",111,273,NA,0,0,0,0,2,0,28,335,1,NA,0,39
"TERRELLEPRYOR","Terrelle Pryor","QB","SEA",40,276,NA,34,388,3,2,114,0,0,0,0,NA,1,38
"TONYMOEAKI","Tony Moeaki","TE","BUF",48,276,NA,0,0,0,0,0,0,24,265,2,NA,0,38
"MARLONBROWN","Marlon Brown","WR","BAL",112,276,NA,0,0,0,0,3,0,26,324,1,NA,0,38
"SHAQEVANS","Shaq Evans","WR","NYJ",112,276,NA,0,0,0,0,0,0,24,325,1,NA,0,38
"DENNISJOHNSON","Dennis Johnson","RB","HOU",79,280,NA,0,0,0,0,265,0,7,56,1,NA,0,37
"GRIFFWHALEN","Griff Whalen","WR","IND",114,280,NA,0,0,0,0,3,0,24,254,2,NA,0,37
"KELLENCLEMENS","Kellen Clemens","QB","SDC",41,282,NA,41,469,4,3,19,0,0,0,0,NA,1,35
"TREMASON","Tre Mason","RB","STL",80,282,NA,0,0,0,0,251,1,9,65,0,NA,1,35
"DAVIDWILSON","David Wilson","RB","NYG",80,282,NA,0,0,0,0,215,1,12,85,0,NA,0,35
"BRENTCELEK","Brent Celek","TE","PHI",49,282,NA,0,0,0,0,0,0,19,237,2,NA,0,35
"JACOBTAMME","Jacob Tamme","TE","DEN",49,282,NA,0,0,0,0,0,0,24,238,2,NA,0,35
"CHRISOGBONNAYA","Chris Ogbonnaya","RB","CLE",82,287,NA,0,0,0,0,67,0,25,180,2,NA,1,34
"SEANMCGRATH","Sean McGrath","TE","KCC",51,287,NA,0,0,0,0,0,0,27,280,1,NA,0,34
"MARQUISEGOODWIN","Marquise Goodwin","WR","BUF",115,287,NA,0,0,0,0,28,0,17,225,2,NA,1,34
"JOHNKUHN","John Kuhn","RB","GBP",83,290,NA,0,0,0,0,51,3,15,120,0,NA,1,33
"MYCHALRIVERA","Mychal Rivera","TE","OAK",52,290,NA,0,0,0,0,0,0,24,270,1,NA,0,33
"PAULRICHARDSON","Paul Richardson","WR","SEA",116,290,NA,0,0,0,0,0,0,20,275,1,NA,0,33
"MATTASIATA","Matt Asiata","RB","MIN",84,293,NA,0,0,0,0,136,2,14,98,0,NA,1,32
"TIMWRIGHT","Tim Wright","TE","TBB",53,293,NA,0,0,0,0,1,0,25,260,1,NA,0,32
"DWAYNEHARRIS","Dwayne Harris","WR","DAL",117,293,NA,0,0,0,0,3,0,15,164,3,NA,1,32
"LOUISMURPHY","Louis Murphy","WR","TBB",117,293,NA,0,0,0,0,4,0,24,263,1,NA,0,32
"TOMSAVAGE","Tom Savage","QB","HOU",42,297,NA,40,450,3,5,25,0,0,0,0,NA,0,31
"EDDICKSON","Ed Dickson","TE","CAR",54,297,NA,0,0,0,0,0,0,22,250,1,NA,0,31
"GAVINESCOBAR","Gavin Escobar","TE","DAL",54,297,NA,0,0,0,0,0,0,13,135,3,NA,0,31
"JONATHANDWYER","Jonathan Dwyer","RB","ARI",85,300,NA,0,0,0,0,225,0,12,86,0,NA,0,30
"QUINTONPATTON","Quinton Patton","WR","SFO",119,300,NA,0,0,0,0,2,0,25,325,0,NA,1,30
"BENNYCUNNINGHAM","Benny Cunningham","RB","STL",86,302,NA,0,0,0,0,210,1,5,41,0,NA,1,29
"CLAYHARBOR","Clay Harbor","TE","JAC",56,302,NA,0,0,0,0,0,0,20,196,2,NA,1,29
"JOHNATHANFRANKLIN","Johnathan Franklin","RB","GBP",87,304,NA,0,0,0,0,106,3,7,48,0,NA,2,28
"TAVARRESKING","Tavarres King","WR","CAR",120,304,NA,0,0,0,0,0,0,20,225,1,NA,0,28
"LATAVIUSMURRAY","Latavius Murray","RB","OAK",88,306,NA,0,0,0,0,150,1,8,63,0,NA,0,27
"BOBBYRAINEY","Bobby Rainey","RB","TBB",88,306,NA,0,0,0,0,125,1,7,55,1,NA,1,27
"GARYBARNIDGE","Gary Barnidge","TE","CLE",57,306,NA,0,0,0,0,0,0,10,95,3,NA,0,27
"GREGLITTLE","Greg Little","WR","OAK",121,306,NA,0,0,0,0,0,0,19,214,1,NA,0,27
"KESHAWNMARTIN","Keshawn Martin","WR","HOU",121,306,NA,0,0,0,0,5,0,15,152,2,NA,0,27
"ANTONESMITH","Antone Smith","RB","ATL",90,311,NA,0,0,0,0,79,2,14,73,0,NA,0,26
"JIMDRAY","Jim Dray","TE","CLE",58,311,NA,0,0,0,0,0,0,20,167,2,NA,1,26
"MICHAELPRESTON","Michael Preston","WR","TEN",123,311,NA,0,0,0,0,0,0,16,146,2,NA,0,26
"BRANDONWEEDEN","Brandon Weeden","QB","DAL",43,314,NA,25,321,3,2,11,0,0,0,0,NA,1,25
"LAMICHAELJAMES","LaMichael James","RB","SFO",91,314,NA,0,0,0,0,155,1,7,60,0,NA,1,25
"DEVIERPOSEY","DeVier Posey","WR","HOU",124,314,NA,0,0,0,0,6,0,24,255,0,NA,0,25
"JACKIEBATTLE","Jackie Battle","RB","TEN",92,317,NA,0,0,0,0,89,1,5,40,1,NA,0,24
"DIONSIMS","Dion Sims","TE","MIA",59,317,NA,0,0,0,0,0,0,15,120,2,NA,0,24
"JUNIORHEMINGWAY","Junior Hemingway","WR","KCC",125,317,NA,0,0,0,0,0,0,14,145,2,NA,1,24
"KIRKCOUSINS","Kirk Cousins","QB","WAS",44,320,NA,26,309,3,2,5,0,0,0,0,NA,1,23
"BRIANHOYER","Brian Hoyer","QB","CLE",44,320,NA,32,310,3,2,6,0,0,0,0,NA,1,23
"CEDRICPEERMAN","Cedric Peerman","RB","CIN",93,320,NA,0,0,0,0,123,1,5,50,0,NA,0,23
"CJFIEDOROWICZ","C.J. Fiedorowicz","TE","HOU",60,320,NA,0,0,0,0,0,0,15,175,1,NA,0,23
"RYANBROYLES","Ryan Broyles","WR","DET",126,320,NA,0,0,0,0,5,0,10,111,2,NA,0,23
"DARIUSJOHNSON","Darius Johnson","WR","ATL",126,320,NA,0,0,0,0,0,0,15,175,1,NA,0,23
"JOSEPHRANDLE","Joseph Randle","RB","DAL",94,326,NA,0,0,0,0,175,0,6,56,0,NA,0,22
"JOHNCARLSON","John Carlson","TE","ARI",61,326,NA,0,0,0,0,0,0,17,183,1,NA,1,22
"MICHAELHOOMANAWANUI","Michael Hoomanawanui","TE","NEP",61,326,NA,0,0,0,0,0,0,12,165,1,NA,0,22
"KEVINOGLETREE","Kevin Ogletree","WR","DET",128,326,NA,0,0,0,0,3,0,8,106,2,NA,0,22
"CHRISOWUSU","Chris Owusu","WR","TBB",128,326,NA,0,0,0,0,11,0,23,210,0,NA,0,22
"THADDEUSLEWIS","Thaddeus Lewis","QB","BUF",46,331,NA,27,348,1,1,14,0,0,0,0,NA,0,21
"JONATHANGRIMES","Jonathan Grimes","RB","HOU",95,331,NA,0,0,0,0,89,1,9,110,0,NA,2,21
"STEPHENHILL","Stephen Hill","WR","NYJ",130,331,NA,0,0,0,0,5,0,14,170,1,NA,1,21
"JOSHHUFF","Josh Huff","WR","PHI",131,334,NA,0,0,0,0,5,0,19,225,0,NA,1,20
"DANIELTHOMAS","Daniel Thomas","RB","MIA",96,335,NA,0,0,0,0,87,1,6,47,0,NA,0,18
"CRAIGSTEVENS","Craig Stevens","TE","TEN",63,335,NA,0,0,0,0,0,0,11,120,1,NA,0,18
"RHETTELLISON","Rhett Ellison","TE","MIN",64,337,NA,0,0,0,0,0,0,13,118,1,NA,0,17
"ROBERTHERRON","Robert Herron","WR","TBB",132,337,NA,0,0,0,0,1,0,18,195,0,NA,1,17
"DANESANZENBACHER","Dane Sanzenbacher","WR","CIN",132,337,NA,0,0,0,0,2,0,11,116,1,NA,0,17
"JOELDREESSEN","Joel Dreessen","TE","DEN",65,340,NA,0,0,0,0,4,0,14,108,1,NA,0,16
"TROYNIKLAS","Troy Niklas","TE","ARI",65,340,NA,0,0,0,0,0,0,13,129,1,NA,1,16
"KYLEORTON","Kyle Orton","QB","DAL",47,342,NA,14,168,2,1,3,0,0,0,0,NA,0,15
"DRIARCHER","Dri Archer","RB","PIT",97,342,NA,0,0,0,0,103,0,8,76,0,NA,1,15
"JOSHMORGAN","Josh Morgan","WR","CHI",134,342,NA,0,0,0,0,4,0,15,151,0,NA,0,15
"KENBRELLTHOMPKINS","Kenbrell Thompkins","WR","NEP",134,342,NA,0,0,0,0,0,0,12,150,0,NA,0,15
"MATTMCGLOIN","Matt McGloin","QB","OAK",48,346,NA,19,250,1,2,6,0,0,0,0,NA,0,14
"CHRISTIANPONDER","Christian Ponder","QB","MIN",48,346,NA,25,220,1,2,10,0,0,0,0,NA,0,14
"JEREMYSTEWART","Jeremy Stewart","RB","OAK",98,346,NA,0,0,0,0,54,1,5,36,0,NA,0,14
"RYANWILLIAMS","Ryan Williams","RB","DAL",98,346,NA,0,0,0,0,140,0,4,27,0,NA,1,14
"CHASEDANIEL","Chase Daniel","QB","KCC",50,350,NA,15,152,1,1,39,0,0,0,0,NA,0,13
"JAMESWHITE","James White","RB","NEP",100,350,NA,0,0,0,0,22,1,5,75,0,NA,1,13
"VANCEMCDONALD","Vance McDonald","TE","SFO",67,350,NA,0,0,0,0,0,0,9,132,0,NA,0,13
"JOSHBOYCE","Josh Boyce","WR","NEP",136,350,NA,0,0,0,0,0,0,10,135,0,NA,0,13
"TARVARISJACKSON","Tarvaris Jackson","QB","SEA",51,354,NA,4,59,1,0,0,1,0,0,0,NA,0,12
"MARCUSLATTIMORE","Marcus Lattimore","RB","SFO",101,354,NA,0,0,0,0,14,1,6,54,0,NA,0,12
"DENARDROBINSON","Denard Robinson","RB","JAC",101,354,NA,0,0,0,0,145,0,2,9,0,NA,1,12
"MARCUSTHIGPEN","Marcus Thigpen","RB","MIA",101,354,NA,0,0,0,0,14,0,5,76,1,NA,1,12
"STEDMANBAILEY","Stedman Bailey","WR","STL",137,354,NA,0,0,0,0,0,0,8,128,0,NA,0,12
"TRAVISBENJAMIN","Travis Benjamin","WR","CLE",137,354,NA,0,0,0,0,29,0,2,40,1,NA,0,12
"DARICKROGERS","Da'Rick Rogers","WR","IND",137,354,NA,0,0,0,0,0,0,7,121,0,NA,0,12
"JAMESCASEY","James Casey","TE","PHI",68,361,NA,0,0,0,0,0,0,6,54,1,NA,0,11
"BEARPASCOE","Bear Pascoe","TE","ATL",68,361,NA,0,0,0,0,1,0,9,57,1,NA,0,11
"MATTSPAETH","Matt Spaeth","TE","PIT",68,361,NA,0,0,0,0,0,0,7,56,1,NA,0,11
"JARONBROWN","Jaron Brown","WR","ARI",140,361,NA,0,0,0,0,0,0,8,112,0,NA,0,11
"ALVESTERALEXANDER","Alvester Alexander","RB","PIT",104,365,NA,0,0,0,0,6,0,6,46,1,NA,0,10
"CYRUSGRAY","Cyrus Gray","RB","KCC",104,365,NA,0,0,0,0,59,0,6,58,0,NA,0,10
"JONASGRAY","Jonas Gray","RB","NEP",104,365,NA,0,0,0,0,7,1,4,42,0,NA,0,10
"DUJUANHARRIS","DuJuan Harris","RB","GBP",104,365,NA,0,0,0,0,47,1,0,0,0,NA,0,10
"EVANROYSTER","Evan Royster","RB","WAS",104,365,NA,0,0,0,0,9,1,8,47,0,NA,0,10
"LEESMITH","Lee Smith","TE","BUF",71,365,NA,0,0,0,0,0,0,5,45,1,NA,0,10
"JOEMCKNIGHT","Joe McKnight","RB","KCC",109,371,NA,0,0,0,0,2,0,6,36,1,NA,0,9
"BRUCEMILLER","Bruce Miller","RB","SFO",109,371,NA,0,0,0,0,0,0,13,97,0,NA,0,9
"KELLENDAVIS","Kellen Davis","TE","NYG",72,371,NA,0,0,0,0,1,0,5,33,1,NA,0,9
"ANDRECALDWELL","Andre Caldwell","WR","DEN",141,371,NA,0,0,0,0,7,0,2,32,1,NA,0,9
"DREWDAVIS","Drew Davis","WR","ATL",141,371,NA,0,0,0,0,0,0,4,31,1,NA,0,9
"ROBERTMEACHEM","Robert Meachem","WR","NOS",141,371,NA,0,0,0,0,0,0,5,90,0,NA,0,9
"BILALPOWELL","Bilal Powell","RB","NYJ",111,377,NA,0,0,0,0,85,0,5,29,0,NA,1,8
"CHRISRAINEY","Chris Rainey","RB","IND",111,377,NA,0,0,0,0,22,1,5,22,0,NA,1,8
"NILESPAUL","Niles Paul","TE","WAS",73,377,NA,0,0,0,0,0,0,2,26,1,NA,0,8
"BRITTANGOLDEN","Brittan Golden","WR","ARI",144,377,NA,0,0,0,0,0,0,4,86,0,NA,0,8
"JACOBYJONES","Jacoby Jones","WR","BAL",144,377,NA,0,0,0,0,0,0,10,80,0,NA,0,8
"JEFFKING","Jeff King","TE","ARI",74,382,NA,0,0,0,0,0,0,6,71,0,NA,0,7
"MICHAELWILLIAMS","Michael Williams","TE","DET",74,382,NA,0,0,0,0,0,0,2,18,1,NA,0,7
"NICKKASA","Nick Kasa","TE","OAK",76,384,NA,0,0,0,0,0,0,1,1,1,NA,0,6
"MATTHEWMULLIGAN","Matthew Mulligan","TE","CHI",76,384,NA,0,0,0,0,0,0,1,8,1,NA,0,6
"DEREKMOYE","Derek Moye","WR","PIT",146,384,NA,0,0,0,0,0,0,1,1,1,NA,0,6
"GREGSALAS","Greg Salas","WR","NYJ",146,384,NA,0,0,0,0,0,0,5,67,0,NA,0,6
"DEONTETHOMPSON","Deonte Thompson","WR","BAL",146,384,NA,0,0,0,0,0,0,5,65,0,NA,0,6
"MIKEGOODSON","Mike Goodson","RB","NYJ",113,389,NA,0,0,0,0,37,0,3,22,0,NA,0,5
"CIERREWOOD","Cierre Wood","RB","BAL",113,389,NA,0,0,0,0,34,0,5,20,0,NA,0,5
"DAVIDPAULSON","David Paulson","TE","PIT",78,389,NA,0,0,0,0,0,0,7,70,0,NA,1,5
"TYRODTAYLOR","Tyrod Taylor","QB","BAL",52,392,NA,4,33,0,1,48,0,0,0,0,NA,0,4
"DIONLEWIS","Dion Lewis","RB","CLE",115,392,NA,0,0,0,0,22,0,2,21,0,NA,0,4
"DARYLRICHARDSON","Daryl Richardson","RB","NYJ",115,392,NA,0,0,0,0,12,0,4,39,0,NA,0,4
"PHILLIPTANNER","Phillip Tanner","RB","DAL",115,392,NA,0,0,0,0,28,0,2,24,0,NA,0,4
"MICHAELEGNEW","Michael Egnew","TE","MIA",79,392,NA,0,0,0,0,0,0,5,48,0,NA,0,4
"ZACHSUDFELD","Zach Sudfeld","TE","NYJ",79,392,NA,0,0,0,0,0,0,3,40,0,NA,0,4
"JOSHCOOPER","Josh Cooper","WR","CLE",149,392,NA,0,0,0,0,0,0,4,47,0,NA,0,4
"ANTHONYDIXON","Anthony Dixon","RB","BUF",118,399,NA,0,0,0,0,12,0,3,29,0,NA,0,3
"TONYFIAMMETTA","Tony Fiammetta","RB","CHI",118,399,NA,0,0,0,0,0,0,3,35,0,NA,0,3
"JUSTINFORSETT","Justin Forsett","RB","BAL",118,399,NA,0,0,0,0,4,0,6,30,0,NA,0,3
"JERICKMCKINNON","Jerick McKinnon","RB","MIN",118,399,NA,0,0,0,0,3,0,4,33,0,NA,0,3
"JAKEBALLARD","Jake Ballard","TE","ARI",81,399,NA,0,0,0,0,0,0,2,34,0,NA,0,3
"PATRICKEDWARDS","Patrick Edwards","WR","DET",150,399,NA,0,0,0,0,0,0,4,38,0,NA,0,3
"CODYLATIMER","Cody Latimer","WR","DEN",150,399,NA,0,0,0,0,3,0,5,51,0,NA,1,3
"ERICPAGE","Eric Page","WR","TBB",150,399,NA,0,0,0,0,0,0,2,30,0,NA,0,3
"BROCKOSWEILER","Brock Osweiler","QB","DEN",53,407,NA,5,48,0,0,0,0,0,0,0,NA,0,2
"BRADYQUINN","Brady Quinn","QB","STL",53,407,NA,7,72,0,1,4,0,0,0,0,NA,0,2
"MIKEGILLISLEE","Mike Gillislee","RB","MIA",122,407,NA,0,0,0,0,27,0,1,2,0,NA,0,2
"MARIONGRICE","Marion Grice","RB","SDC",122,407,NA,0,0,0,0,5,0,2,22,0,NA,0,2
"ISAIAHPEAD","Isaiah Pead","RB","STL",122,407,NA,0,0,0,0,28,0,3,22,0,NA,1,2
"JOSHVAUGHAN","Josh Vaughan","RB","ATL",122,407,NA,0,0,0,0,2,0,6,29,0,NA,0,2
"CHASEFORD","Chase Ford","TE","MIN",82,407,NA,0,0,0,0,0,0,2,22,0,NA,0,2
"DANTEROSARIO","Dante Rosario","TE","CHI",82,407,NA,0,0,0,0,0,0,3,26,0,NA,0,2
"TAYLORTHOMPSON","Taylor Thompson","TE","TEN",82,407,NA,0,0,0,0,0,0,4,22,0,NA,0,2
"KELLENWINSLOW","Kellen Winslow","TE","NYJ",82,407,NA,0,0,0,0,0,0,2,25,0,NA,0,2
"VINCENTBROWN","Vincent Brown","WR","SDC",153,407,NA,0,0,0,0,1,0,3,29,0,NA,0,2
"BRADSMITH","Brad Smith","WR","PHI",153,407,NA,0,0,0,0,3,0,2,28,0,NA,0,2
"MATTBARKLEY","Matt Barkley","QB","PHI",55,419,NA,3,29,0,0,0,0,0,0,0,NA,0,1
"BLAINEGABBERT","Blaine Gabbert","QB","SFO",55,419,NA,2,24,0,0,0,0,0,0,0,NA,0,1
"MATTHASSELBECK","Matt Hasselbeck","QB","IND",55,419,NA,2,31,0,0,0,0,0,0,0,NA,0,1
"CASEKEENUM","Case Keenum","QB","HOU",55,419,NA,2,33,0,0,2,0,0,0,0,NA,0,1
"MATTMOORE","Matt Moore","QB","MIA",55,419,NA,3,42,0,1,0,0,0,0,0,NA,0,1
"JORDANPALMER","Jordan Palmer","QB","CHI",55,419,NA,2,20,0,0,0,0,0,0,0,NA,0,1
"JOEBANYARD","Joe Banyard","RB","MIN",126,419,NA,0,0,0,0,0,0,2,17,0,NA,0,1
"MICHAELFORD","Michael Ford","RB","CHI",126,419,NA,0,0,0,0,10,0,0,0,0,NA,0,1
"ZACHLINE","Zach Line","RB","MIN",126,419,NA,0,0,0,0,0,0,2,14,0,NA,0,1
"MIGUELMAYSONET","Miguel Maysonet","RB","PIT",126,419,NA,0,0,0,0,0,0,1,16,0,NA,0,1
"TAURENPOOLE","Tauren Poole","RB","PIT",126,419,NA,0,0,0,0,0,0,1,13,0,NA,0,1
"LARODSTEPHENSHOWLING","LaRod Stephens-Howling","RB","PIT",126,419,NA,0,0,0,0,0,0,1,11,0,NA,0,1
"COLTLYERLA","Colt Lyerla","TE","GBP",86,419,NA,0,0,0,0,0,0,3,19,0,NA,0,1
"JOHNPHILLIPS","John Phillips","TE","SDC",86,419,NA,0,0,0,0,0,0,2,13,0,NA,0,1
"BRANDONWILLIAMS","Brandon Williams","TE","CAR",86,419,NA,0,0,0,0,0,0,1,12,0,NA,0,1
"SEYIAJIROTUTU","Seyi Ajirotutu","WR","SDC",155,419,NA,0,0,0,0,0,0,2,19,0,NA,0,1
"BRANDONTATE","Brandon Tate","WR","CIN",155,419,NA,0,0,0,0,0,0,2,14,0,NA,0,1
"DAMIANWILLIAMS","Damian Williams","WR","MIA",155,419,NA,0,0,0,0,0,0,4,34,0,NA,1,1
"DEREKANDERSON","Derek Anderson","QB","CAR",61,437,NA,1,10,0,0,0,0,0,0,0,NA,0,0
"TYLERBRAY","Tyler Bray","QB","KCC",61,437,NA,0,0,0,0,0,0,0,0,0,NA,0,0
"AUSTINDAVIS","Austin Davis","QB","STL",61,437,NA,0,0,0,0,0,0,0,0,0,NA,0,0
"DOMINIQUEDAVIS","Dominique Davis","QB","ATL",61,437,NA,1,8,0,0,0,0,0,0,0,NA,0,0
"ZACDYSERT","Zac Dysert","QB","DEN",61,437,NA,0,0,0,0,0,0,0,0,0,NA,0,0
"MIKEGLENNON","Mike Glennon","QB","TBB",61,437,NA,5,39,0,1,0,0,0,0,0,NA,0,0
"BRUCEGRADKOWSKI","Bruce Gradkowski","QB","PIT",61,437,NA,1,13,0,0,0,0,0,0,0,NA,0,0
"LANDRYJONES","Landry Jones","QB","PIT",61,437,NA,0,0,0,0,0,0,0,0,0,NA,0,0
"MIKEKAFKA","Mike Kafka","QB","TBB",61,437,NA,0,0,0,0,0,0,0,0,0,NA,0,0
"RYANLINDLEY","Ryan Lindley","QB","ARI",61,437,NA,0,0,0,0,0,0,0,0,0,NA,0,0
"COLTMCCOY","Colt McCoy","QB","WAS",61,437,NA,0,1,0,0,0,0,0,0,0,NA,0,0
"ZACHMETTENBERGER","Zach Mettenberger","QB","TEN",61,437,NA,0,0,0,0,0,0,0,0,0,NA,0,0
"KELLENMOORE","Kellen Moore","QB","DET",61,437,NA,0,0,0,0,0,0,0,0,0,NA,0,0
"RYANNASSIB","Ryan Nassib","QB","NYG",61,437,NA,0,0,0,0,0,0,0,0,0,NA,0,0
"DANORLOVSKY","Dan Orlovsky","QB","DET",61,437,NA,0,0,0,0,0,0,0,0,0,NA,0,0
"SEANRENFREE","Sean Renfree","QB","ATL",61,437,NA,0,0,0,0,0,0,0,0,0,NA,0,0
"MARKSANCHEZ","Mark Sanchez","QB","PHI",61,437,NA,3,25,0,1,4,0,0,0,0,NA,0,0
"MATTSIMMS","Matt Simms","QB","NYJ",61,437,NA,0,0,0,0,0,0,0,0,0,NA,0,0
"BRADSORENSEN","Brad Sorensen","QB","SDC",61,437,NA,0,0,0,0,0,0,0,0,0,NA,0,0
"DREWSTANTON","Drew Stanton","QB","ARI",61,437,NA,0,2,0,0,0,0,0,0,0,NA,0,0
"SCOTTTOLZIEN","Scott Tolzien","QB","GBP",61,437,NA,0,0,0,0,0,0,0,0,0,NA,0,0
"JEFFTUEL","Jeff Tuel","QB","BUF",61,437,NA,0,1,0,0,0,0,0,0,0,NA,0,0
"EDWINBAKER","Edwin Baker","RB","CLE",132,437,NA,0,0,0,0,0,0,0,0,0,NA,0,0
"KENJONBARNER","Kenjon Barner","RB","CAR",132,437,NA,0,0,0,0,6,0,1,4,0,NA,0,0
"REXBURKHEAD","Rex Burkhead","RB","CIN",132,437,NA,0,0,0,0,0,0,1,4,0,NA,0,0
"MICHAELCOX","Michael Cox","RB","NYG",132,437,NA,0,0,0,0,3,0,0,0,0,NA,0,0
"ISAIAHCROWELL","Isaiah Crowell","RB","CLE",132,437,NA,0,0,0,0,0,0,0,0,0,NA,0,0
"DAVIDFLUELLEN","David Fluellen","RB","PHI",132,437,NA,0,0,0,0,0,0,0,2,0,NA,0,0
"MONTELLOWENS","Montell Owens","RB","DET",132,437,NA,0,0,0,0,0,0,1,5,0,NA,0,0
"THEORIDDICK","Theo Riddick","RB","DET",132,437,NA,0,0,0,0,0,0,1,2,0,NA,0,0
"LACHESEASTRUNK","Lache Seastrunk","RB","WAS",132,437,NA,0,0,0,0,0,0,0,1,0,NA,0,0
"CHRISTHOMPSON","Chris Thompson","RB","WAS",132,437,NA,0,0,0,0,0,0,0,0,0,NA,0,0
"MATTHEWTUCKER","Matthew Tucker","RB","PHI",132,437,NA,0,0,0,0,0,0,0,2,0,NA,0,0
"SPENCERWARE","Spencer Ware","RB","SEA",132,437,NA,0,0,0,0,15,0,1,15,0,NA,1,0
"LEONWASHINGTON","Leon Washington","RB","TEN",132,437,NA,0,0,0,0,0,0,2,3,0,NA,0,0
"ANDREWILLIAMS","Andre Williams","RB","NYG",132,437,NA,0,0,0,0,1,0,2,8,0,NA,0,0
"KERWYNNWILLIAMS","Kerwynn Williams","RB","SDC",132,437,NA,0,0,0,0,0,0,1,3,0,NA,0,0
"RONNIEWINGO","Ronnie Wingo","RB","BUF",132,437,NA,0,0,0,0,0,0,0,0,0,NA,0,0
"GARRETTCELEK","Garrett Celek","TE","SFO",89,437,NA,0,0,0,0,0,0,1,6,0,NA,0,0
"CHASECOFFMAN","Chase Coffman","TE","ATL",89,437,NA,0,0,0,0,0,0,1,1,0,NA,0,0
"FREDDAVIS","Fred Davis","TE","WAS",89,437,NA,0,0,0,0,0,0,0,0,0,NA,0,0
"LARRYDONNELL","Larry Donnell","TE","NYG",89,437,NA,0,0,0,0,0,0,1,3,0,NA,0,0
"CROCKETTGILLMORE","Crockett Gillmore","TE","BAL",89,437,NA,0,0,0,0,0,0,0,0,0,NA,0,0
"CHRISGRAGG","Chris Gragg","TE","BUF",89,437,NA,0,0,0,0,0,0,0,0,0,NA,0,0
"JAMESHANNA","James Hanna","TE","DAL",89,437,NA,0,0,0,0,0,0,2,9,0,NA,0,0
"TRAVISKELCE","Travis Kelce","TE","KCC",89,437,NA,0,0,0,0,0,0,0,0,0,NA,0,0
"LUKESTOCKER","Luke Stocker","TE","TBB",89,437,NA,0,0,0,0,0,0,1,2,0,NA,0,0
"DJWILLIAMS","D.J. Williams","TE","NEP",89,437,NA,0,0,0,0,0,0,0,0,0,NA,0,0
"KRISADAMS","Kris Adams","WR","NYG",158,437,NA,0,0,0,0,0,0,0,0,0,NA,0,0
"DANARIOALEXANDER","Danario Alexander","WR","SDC",158,437,NA,0,0,0,0,0,0,0,0,0,NA,0,0
"JONBALDWIN","Jon Baldwin","WR","SFO",158,437,NA,0,0,0,0,0,0,0,0,0,NA,0,0
"JUSTINBLACKMON","Justin Blackmon","WR","JAC",158,437,NA,0,0,0,0,0,0,0,0,0,NA,0,0
"JOHNBROWN","John Brown","WR","ARI",158,437,NA,0,0,0,0,0,0,0,0,0,NA,0,0
"MIKEBROWN","Mike Brown","WR","JAC",158,437,NA,0,0,0,0,0,0,0,0,0,NA,0,0
"BRICEBUTLER","Brice Butler","WR","OAK",158,437,NA,0,0,0,0,0,0,0,0,0,NA,0,0
"LARONBYRD","LaRon Byrd","WR","DAL",158,437,NA,0,0,0,0,0,0,0,0,0,NA,0,0
"DANNYCOALE","Danny Coale","WR","PIT",158,437,NA,0,0,0,0,0,0,0,0,0,NA,0,0
"TANDONDOSS","Tandon Doss","WR","JAC",158,437,NA,0,0,0,0,0,0,0,0,0,NA,0,0
"BRUCEELLINGTON","Bruce Ellington","WR","SFO",158,437,NA,0,0,0,0,0,0,0,0,0,NA,0,0
"KEVINELLIOTT","Kevin Elliott","WR","BUF",158,437,NA,0,0,0,0,2,0,0,0,0,NA,0,0
"JACOBYFORD","Jacoby Ford","WR","NYJ",158,437,NA,0,0,0,0,0,0,0,0,0,NA,0,0
"BRANDONGIBSON","Brandon Gibson","WR","MIA",158,437,NA,0,0,0,0,0,0,0,0,0,NA,0,0
"TJGRAHAM","T.J. Graham","WR","BUF",158,437,NA,0,0,0,0,0,0,2,7,0,NA,0,0
"COBIHAMILTON","Cobi Hamilton","WR","CIN",158,437,NA,0,0,0,0,0,0,0,0,0,NA,0,0
"CHRISHARPER","Chris Harper","WR","GBP",158,437,NA,0,0,0,0,0,0,0,0,0,NA,0,0
"DARRIUSHEYWARDBEY","Darrius Heyward-Bey","WR","PIT",158,437,NA,0,0,0,0,0,0,0,0,0,NA,0,0
"CHRISHOGAN","Chris Hogan","WR","BUF",158,437,NA,0,0,0,0,2,0,0,0,0,NA,0,0
"TRINDONHOLLIDAY","Trindon Holliday","WR","NYG",158,437,NA,0,0,0,0,0,0,1,7,0,NA,0,0
"LESTARJEAN","Lestar Jean","WR","MIN",158,437,NA,0,0,0,0,0,0,1,9,0,NA,0,0
"CHARLESJOHNSON","Charles Johnson","WR","CLE",158,437,NA,0,0,0,0,0,0,0,0,0,NA,0,0
"DAMARISJOHNSON","Damaris Johnson","WR","PHI",158,437,NA,0,0,0,0,0,0,1,20,0,NA,1,0
"RICARDOLOCKETTE","Ricardo Lockette","WR","SEA",158,437,NA,0,0,0,0,0,0,0,0,0,NA,0,0
"MARIOMANNINGHAM","Mario Manningham","WR","NYG",158,437,NA,0,0,0,0,2,0,0,2,0,NA,0,0
"MARVINMCNUTT","Marvin McNutt","WR","CAR",158,437,NA,0,0,0,0,3,0,0,2,0,NA,0,0
"CARLTONMITCHELL","Carlton Mitchell","WR","DAL",158,437,NA,0,0,0,0,2,0,1,6,0,NA,0,0
"JOSEPHMORGAN","Joseph Morgan","WR","NOS",158,437,NA,0,0,0,0,2,0,0,2,0,NA,0,0
"JORDANNORWOOD","Jordan Norwood","WR","DEN",158,437,NA,0,0,0,0,0,0,0,0,0,NA,0,0
"TOBAISPALMER","Tobais Palmer","WR","SDC",158,437,NA,0,0,0,0,0,0,0,0,0,NA,0,0
"DAVIDREED","David Reed","WR","SFO",158,437,NA,0,0,0,0,0,0,0,0,0,NA,0,0
"TOMMYSTREETER","Tommy Streeter","WR","TBB",158,437,NA,0,0,0,0,0,0,0,0,0,NA,0,0
"JULIANTALLEY","Julian Talley","WR","NYG",158,437,NA,0,0,0,0,0,0,0,0,0,NA,0,0
"ANDYTANNER","Andy Tanner","WR","NOS",158,437,NA,0,0,0,0,0,0,0,0,0,NA,0,0
"KERRYTAYLOR","Kerry Taylor","WR","JAC",158,437,NA,0,0,0,0,0,0,0,0,0,NA,0,0
"MIKETHOMAS","Mike Thomas","WR","HOU",158,437,NA,0,0,0,0,0,0,1,1,0,NA,0,0
"TERRENCETOLIVER","Terrence Toliver","WR","CHI",158,437,NA,0,0,0,0,0,0,0,0,0,NA,0,0
"ROBERTOWALLACE","Roberto Wallace","WR","TEN",158,437,NA,0,0,0,0,0,0,0,0,0,NA,0,0
"ERICWEEMS","Eric Weems","WR","CHI",158,437,NA,0,0,0,0,1,0,1,7,0,NA,0,0
"MYLESWHITE","Myles White","WR","GBP",158,437,NA,0,0,0,0,0,0,0,0,0,NA,0,0
"TEDDYWILLIAMS","Teddy Williams","WR","ARI",158,437,NA,0,0,0,0,0,0,0,2,0,NA,0,0
"RYANMALLETT","Ryan Mallett","QB","NEP",83,526,NA,0,2,0,1,0,0,0,0,0,NA,0,-1
"CURTISPAINTER","Curtis Painter","QB","NYG",83,526,NA,3,18,0,1,0,0,0,0,0,NA,0,-1
"JEREMIAHJOHNSON","Jeremiah Johnson","RB","DEN",148,528,NA,0,0,0,0,4,0,0,0,0,NA,1,-2
"KEVINDORSEY","Kevin Dorsey","WR","GBP",199,528,NA,0,0,0,0,0,0,0,0,0,NA,1,-2
"DEVINHESTER","Devin Hester","WR","ATL",199,528,NA,0,0,0,0,0,0,0,0,0,NA,1,-2
"MARCMARIANI","Marc Mariani","WR","TEN",199,528,NA,0,0,0,0,0,0,1,6,0,NA,1,-2
"KEALOHAPILARES","Kealoha Pilares","WR","CAR",199,528,NA,0,0,0,0,0,0,0,0,0,NA,1,-2
"RUSSELLSHEPARD","Russell Shepard","WR","TBB",199,528,NA,0,0,0,0,0,0,0,0,0,NA,1,-2
