"name","name_fftoday","pos","team_fftoday","positionRank_fftoday","overallRank_fftoday","passYds_fftoday","passTds_fftoday","passInt_fftoday","rushYds_fftoday","rushTds_fftoday","rec_fftoday","recYds_fftoday","recTds_fftoday","twoPts_fftoday","fumbles_fftoday","pts_fftoday"
"PEYTONMANNING","Peyton Manning","QB","DEN",1,1,5152,47,12,-11,0,NA,NA,NA,NA,NA,444.5
"DREWBREES","Drew Brees","QB","NO",2,2,4988,40,13,39,0,NA,NA,NA,NA,NA,413.3
"AARONRODGERS","Aaron Rodgers","QB","GB",3,3,4460,37,11,228,2,NA,NA,NA,NA,NA,405.8
"NICKFOLES","Nick Foles","QB","PHI",4,4,4075,28,11,313,3,NA,NA,NA,NA,NA,365.1
"CAMNEWTON","Cam Newton","QB","CAR",5,5,3350,22,13,672,7,NA,NA,NA,NA,NA,364.7
"ANDREWLUCK","Andrew Luck","QB","IND",6,6,4255,25,12,299,3,NA,NA,NA,NA,NA,360.7
"MATTRYAN","Matt Ryan","QB","ATL",7,7,4720,27,16,76,1,NA,NA,NA,NA,NA,357.6
"ROBERTGRIFFIN","Robert Griffin III","QB","WAS",8,8,3642,21,14,672,4,NA,NA,NA,NA,NA,357.3
"MATTHEWSTAFFORD","Matthew Stafford","QB","DET",9,9,4504,27,16,69,1,NA,NA,NA,NA,NA,346.1
"COLINKAEPERNICK","Colin Kaepernick","QB","SF",10,10,3558,23,11,549,3,NA,NA,NA,NA,NA,342.8
"RUSSELLWILSON","Russell Wilson","QB","SEA",11,11,3401,26,12,501,2,NA,NA,NA,NA,NA,336.2
"PHILIPRIVERS","Philip Rivers","QB","SD",12,12,4259,29,14,49,0,NA,NA,NA,NA,NA,333.9
"TONYROMO","Tony Romo","QB","DAL",13,13,4129,29,14,50,1,NA,NA,NA,NA,NA,333.5
"TOMBRADY","Tom Brady","QB","NE",14,14,4441,27,12,22,0,NA,NA,NA,NA,NA,332.3
"JAYCUTLER","Jay Cutler","QB","CHI",15,15,3924,27,15,177,1,NA,NA,NA,NA,NA,327.9
"BENROETHLISBERGER","Ben Roethlisberger","QB","PIT",16,16,4182,26,13,84,1,NA,NA,NA,NA,NA,327.5
"ALEXSMITH","Alex Smith","QB","KC",17,17,3579,25,10,389,1,NA,NA,NA,NA,NA,323.9
"ANDYDALTON","Andy Dalton","QB","CIN",18,18,3755,25,14,164,1,NA,NA,NA,NA,NA,310.2
"RYANTANNEHILL","Ryan Tannehill","QB","MIA",19,19,3750,22,16,229,1,NA,NA,NA,NA,NA,304.4
"CARSONPALMER","Carson Palmer","QB","ARI",20,20,4150,23,17,17,0,NA,NA,NA,NA,NA,301.2
"JOEFLACCO","Joe Flacco","QB","BAL",21,21,3914,22,16,84,1,NA,NA,NA,NA,NA,298.1
"ELIMANNING","Eli Manning","QB","NYG",22,22,4011,23,18,33,0,NA,NA,NA,NA,NA,295.9
"EJMANUEL","EJ Manuel","QB","BUF",23,23,3528,17,15,285,2,NA,NA,NA,NA,NA,284.9
"SAMBRADFORD","Sam Bradford","QB","STL",24,24,3640,20,16,79,1,NA,NA,NA,NA,NA,275.9
"MATTSCHAUB","Matt Schaub","QB","OAK",25,25,3540,22,17,46,0,NA,NA,NA,NA,NA,269.6
"JAMAALCHARLES","Jamaal Charles","RB","KC",1,26,NA,NA,NA,1194,11,73,589,4,NA,NA,268.3
"LESEANMCCOY","LeSean McCoy","RB","PHI",2,27,NA,NA,NA,1426,10,53,444,2,NA,NA,259
"ADRIANPETERSON","Adrian Peterson","RB","MIN",3,28,NA,NA,NA,1426,11,38,216,1,NA,NA,236.2
"MATTFORTE","Matt Forte","RB","CHI",4,29,NA,NA,NA,1220,7,70,545,2,NA,NA,230.5
"DEMARYIUSTHOMAS","Demaryius Thomas","WR","DEN",1,30,NA,NA,NA,0,0,96,1449,13,NA,NA,222.9
"JOSHMCCOWN","Josh McCown","QB","TB",26,31,2759,16,14,129,1,NA,NA,NA,NA,NA,220.9
"TOBYGERHART","Toby Gerhart","RB","JAC",5,32,NA,NA,NA,1139,9,49,385,2,NA,NA,218.4
"CALVINJOHNSON","Calvin Johnson","WR","DET",2,33,NA,NA,NA,0,0,93,1477,11,NA,NA,213.7
"DOUGMARTIN","Doug Martin","RB","TB",6,34,NA,NA,NA,1145,8,50,387,2,NA,NA,213.2
"ARIANFOSTER","Arian Foster","RB","HOU",7,35,NA,NA,NA,1244,7,59,406,1,NA,NA,213
"DEMARCOMURRAY","DeMarco Murray","RB","DAL",8,36,NA,NA,NA,1115,9,58,411,1,NA,NA,212.6
"MONTEEBALL","Montee Ball","RB","DEN",9,37,NA,NA,NA,1106,8,52,404,2,NA,NA,211
"BISHOPSANKEY","Bishop Sankey","RB","TEN",10,38,NA,NA,NA,1160,8,48,344,2,NA,NA,210.4
"JULIOJONES","Julio Jones","WR","ATL",3,39,NA,NA,NA,52,0,93,1429,10,NA,NA,208.1
"MARSHAWNLYNCH","Marshawn Lynch","RB","SEA",11,40,NA,NA,NA,1184,10,29,222,1,NA,NA,206.6
"EDDIELACY","Eddie Lacy","RB","GB",11,40,NA,NA,NA,1110,10,42,296,1,NA,NA,206.6
"LEVEONBELL","Le'Veon Bell","RB","PIT",13,42,NA,NA,NA,1080,7,57,436,2,NA,NA,205.6
"RYANFITZPATRICK","Ryan Fitzpatrick","QB","HOU",27,43,2365,15,14,204,1,NA,NA,NA,NA,NA,204.7
"ZACSTACY","Zac Stacy","RB","STL",14,44,NA,NA,NA,1159,10,33,214,1,NA,NA,203.3
"GIOVANIBERNARD","Giovani Bernard","RB","CIN",15,45,NA,NA,NA,937,6,72,537,3,NA,NA,201.4
"DEZBRYANT","Dez Bryant","WR","DAL",4,46,NA,NA,NA,0,0,86,1226,12,NA,NA,194.6
"AJGREEN","A.J. Green","WR","CIN",5,47,NA,NA,NA,0,0,93,1307,10,NA,NA,190.7
"JAKELOCKER","Jake Locker","QB","TEN",28,48,2249,11,13,262,1,NA,NA,NA,NA,NA,188.7
"RASHADJENNINGS","Rashad Jennings","RB","NYG",16,49,NA,NA,NA,969,8,40,314,2,NA,NA,188.3
"ANDREELLINGTON","Andre Ellington","RB","ARI",17,50,NA,NA,NA,1046,5,49,387,2,NA,NA,185.3
"ALFREDMORRIS","Alfred Morris","RB","WAS",18,51,NA,NA,NA,1222,9,10,74,0,NA,NA,183.6
"RAYRICE","Ray Rice","RB","BAL",19,52,NA,NA,NA,956,6,50,387,2,NA,NA,182.3
"CHRISJOHNSON","Chris Johnson","RB","NYJ",20,53,NA,NA,NA,965,7,44,314,2,NA,NA,181.9
"JIMMYGRAHAM","Jimmy Graham","TE","NO",1,54,NA,NA,NA,NA,NA,92,1146,11,NA,NA,180.6
"ANTONIOBROWN","Antonio Brown","WR","PIT",6,55,NA,NA,NA,34,0,95,1280,8,NA,NA,179.4
"CHADHENNE","Chad Henne","QB","JAC",29,56,2456,13,11,34,0,NA,NA,NA,NA,NA,178.2
"TRENTRICHARDSON","Trent Richardson","RB","IND",21,57,NA,NA,NA,977,6,50,377,1,NA,NA,177.4
"BRANDONMARSHALL","Brandon Marshall","WR","CHI",7,57,NA,NA,NA,0,0,91,1174,10,NA,NA,177.4
"GENOSMITH","Geno Smith","QB","NYJ",30,59,1910,11,12,241,2,NA,NA,NA,NA,NA,175.6
"MATTCASSEL","Matt Cassel","QB","MIN",31,60,2145,15,12,81,0,NA,NA,NA,NA,NA,175.4
"ALSHONJEFFERY","Alshon Jeffery","WR","CHI",8,60,NA,NA,NA,77,0,79,1197,8,NA,NA,175.4
"FRANKGORE","Frank Gore","RB","SF",22,62,NA,NA,NA,1089,8,23,179,0,NA,NA,174.8
"JOIQUEBELL","Joique Bell","RB","DET",23,63,NA,NA,NA,887,6,40,335,2,NA,NA,170.2
"JORDYNELSON","Jordy Nelson","WR","GB",9,64,NA,NA,NA,0,0,78,1159,9,NA,NA,169.9
"PERCYHARVIN","Percy Harvin","WR","SEA",10,65,NA,NA,NA,145,1,94,1067,7,NA,NA,169.2
"WESWELKER","Wes Welker","WR","DEN",11,66,NA,NA,NA,0,0,98,1067,10,NA,NA,166.7
"RANDALLCOBB","Randall Cobb","WR","GB",12,67,NA,NA,NA,66,0,86,1145,7,NA,NA,163.1
"KEENANALLEN","Keenan Allen","WR","SD",13,68,NA,NA,NA,0,0,81,1129,8,NA,NA,160.9
"VINCENTJACKSON","Vincent Jackson","WR","TB",13,68,NA,NA,NA,0,0,71,1189,7,NA,NA,160.9
"RYANMATHEWS","Ryan Mathews","RB","SD",24,70,NA,NA,NA,1133,5,21,167,0,NA,NA,160
"RODDYWHITE","Roddy White","WR","ATL",15,71,NA,NA,NA,0,0,90,1179,7,NA,NA,159.9
"CORDARRELLEPATTERSON","Cordarrelle Patterson","WR","MIN",16,72,NA,NA,NA,127,1,79,989,7,NA,NA,159.6
"BRIANHOYER","Brian Hoyer","QB","CLE",32,73,2125,11,7,88,0,NA,NA,NA,NA,NA,159.1
"JEREMYMACLIN","Jeremy Maclin","WR","PHI",17,74,NA,NA,NA,0,0,78,1140,7,NA,NA,156
"JULIUSTHOMAS","Julius Thomas","TE","DEN",2,75,NA,NA,NA,NA,NA,78,895,11,NA,NA,155.5
"VICTORCRUZ","Victor Cruz","WR","NYG",18,76,NA,NA,NA,0,0,83,1126,7,NA,NA,154.6
"MICHAELFLOYD","Michael Floyd","WR","ARI",19,77,NA,NA,NA,0,0,77,1177,6,NA,NA,153.7
"CJSPILLER","C.J. Spiller","RB","BUF",25,78,NA,NA,NA,956,6,30,214,0,NA,NA,153
"MICHAELCRABTREE","Michael Crabtree","WR","SF",20,79,NA,NA,NA,0,0,77,1096,7,NA,NA,151.6
"JOHNNYMANZIEL","Johnny Manziel","QB","CLE",33,80,1644,8,7,313,1,NA,NA,NA,NA,NA,151.5
"TYHILTON","T.Y. Hilton","WR","IND",21,81,NA,NA,NA,33,0,76,1095,6,NA,NA,148.8
"MARQUESCOLSTON","Marques Colston","WR","NO",22,82,NA,NA,NA,0,0,81,1067,7,NA,NA,148.7
"TORREYSMITH","Torrey Smith","WR","BAL",23,83,NA,NA,NA,21,0,76,1097,6,NA,NA,147.8
"LARRYFITZGERALD","Larry Fitzgerald","WR","ARI",24,84,NA,NA,NA,0,0,85,1044,7,NA,NA,146.4
"SHANEVEREEN","Shane Vereen","RB","NE",26,85,NA,NA,NA,614,2,65,545,3,NA,NA,145.9
"ANDREJOHNSON","Andre Johnson","WR","HOU",25,86,NA,NA,NA,0,0,81,1089,6,NA,NA,144.9
"REGGIEBUSH","Reggie Bush","RB","DET",27,87,NA,NA,NA,667,4,51,419,2,NA,NA,144.6
"BENTATE","Ben Tate","RB","CLE",28,88,NA,NA,NA,845,5,29,217,1,NA,NA,142.2
"PIERREGARCON","Pierre Garcon","WR","WAS",26,89,NA,NA,NA,0,0,85,1120,5,NA,NA,142
"STEVANRIDLEY","Stevan Ridley","RB","NE",29,90,NA,NA,NA,878,8,9,57,0,NA,NA,141.5
"MAURICEJONESDREW","Maurice Jones-Drew","RB","OAK",30,91,NA,NA,NA,789,5,36,245,1,NA,NA,139.4
"PIERRETHOMAS","Pierre Thomas","RB","NO",31,92,NA,NA,NA,533,4,70,478,2,NA,NA,137.1
"MIKEWALLACE","Mike Wallace","WR","MIA",27,93,NA,NA,NA,46,0,70,960,6,NA,NA,136.6
"FREDJACKSON","Fred Jackson","RB","BUF",32,94,NA,NA,NA,735,5,33,229,1,NA,NA,132.4
"DESEANJACKSON","DeSean Jackson","WR","WAS",28,95,NA,NA,NA,22,0,61,940,6,NA,NA,132.2
"MICHAELVICK","Michael Vick","QB","NYJ",34,96,1475,6,4,276,1,NA,NA,NA,NA,NA,131.4
"JULIANEDELMAN","Julian Edelman","WR","NE",29,97,NA,NA,NA,0,0,84,946,6,NA,NA,130.6
"STEVENJACKSON","Steven Jackson","RB","ATL",33,98,NA,NA,NA,715,4,43,275,1,NA,NA,129
"KHIRYROBINSON","Khiry Robinson","RB","NO",34,99,NA,NA,NA,845,6,12,84,0,NA,NA,128.9
"BRIANHARTLINE","Brian Hartline","WR","MIA",30,99,NA,NA,NA,0,0,72,989,5,NA,NA,128.9
"KENDALLWRIGHT","Kendall Wright","WR","TEN",31,101,NA,NA,NA,0,0,83,1025,4,NA,NA,126.5
"VERNONDAVIS","Vernon Davis","TE","SF",3,102,NA,NA,NA,NA,NA,58,777,8,NA,NA,125.7
"DEANGELOWILLIAMS","DeAngelo Williams","RB","CAR",35,103,NA,NA,NA,767,3,26,235,1,NA,NA,124.2
"JAMESJONES","James Jones","WR","OAK",32,104,NA,NA,NA,0,0,64,876,6,NA,NA,123.6
"LAMARMILLER","Lamar Miller","RB","MIA",36,105,NA,NA,NA,740,5,28,187,0,NA,NA,122.7
"CECILSHORTS","Cecil Shorts","WR","JAC",33,106,NA,NA,NA,0,0,67,915,5,NA,NA,121.5
"JORDANCAMERON","Jordan Cameron","TE","CLE",4,107,NA,NA,NA,NA,NA,75,845,6,NA,NA,120.5
"JORDANREED","Jordan Reed","TE","WAS",4,107,NA,NA,NA,NA,NA,68,785,7,NA,NA,120.5
"KNOWSHONMORENO","Knowshon Moreno","RB","MIA",37,109,NA,NA,NA,647,4,33,255,1,NA,NA,120.2
"TAVONAUSTIN","Tavon Austin","WR","STL",34,110,NA,NA,NA,139,1,61,682,5,NA,NA,118.1
"DANNYAMENDOLA","Danny Amendola","WR","NE",35,111,NA,NA,NA,0,0,74,878,5,NA,NA,117.8
"GREGOLSEN","Greg Olsen","TE","CAR",6,112,NA,NA,NA,NA,NA,71,814,6,NA,NA,117.4
"KENNYSTILLS","Kenny Stills","WR","NO",36,113,NA,NA,NA,0,0,55,797,6,NA,NA,115.7
"DANNYWOODHEAD","Danny Woodhead","RB","SD",38,114,NA,NA,NA,322,1,71,589,3,NA,NA,115.1
"CHARLIEWHITEHURST","Charlie Whitehurst","QB","TEN",35,115,1355,9,5,111,0,NA,NA,NA,NA,NA,114.9
"DARRENMCFADDEN","Darren McFadden","RB","OAK",39,116,NA,NA,NA,629,5,32,211,0,NA,NA,114
"MARVINJONES","Marvin Jones","WR","CIN",37,116,NA,NA,NA,44,0,54,736,6,NA,NA,114
"DWAYNEBOWE","Dwayne Bowe","WR","KC",38,118,NA,NA,NA,0,0,63,814,5,NA,NA,111.4
"KYLERUDOLPH","Kyle Rudolph","TE","MIN",7,119,NA,NA,NA,NA,NA,70,745,6,NA,NA,110.5
"JASONWITTEN","Jason Witten","TE","DAL",8,120,NA,NA,NA,NA,NA,68,744,6,NA,NA,110.4
"SAMMYWATKINS","Sammy Watkins","WR","BUF",39,121,NA,NA,NA,0,0,62,822,4,NA,NA,106.2
"DEANDREHOPKINS","DeAndre Hopkins","WR","HOU",40,122,NA,NA,NA,0,0,54,757,5,NA,NA,105.7
"ERICDECKER","Eric Decker","WR","NYJ",41,123,NA,NA,NA,0,0,57,747,5,NA,NA,104.7
"AARONDOBSON","Aaron Dobson","WR","NE",42,124,NA,NA,NA,0,0,54,745,5,NA,NA,104.5
"DENNISPITTA","Dennis Pitta","TE","BAL",9,124,NA,NA,NA,NA,NA,63,685,6,NA,NA,104.5
"JARRETTBOYKIN","Jarrett Boykin","WR","GB",43,126,NA,NA,NA,0,0,48,677,6,NA,NA,103.7
"ANQUANBOLDIN","Anquan Boldin","WR","SF",43,126,NA,NA,NA,0,0,54,737,5,NA,NA,103.7
"RUEBENRANDLE","Rueben Randle","WR","NYG",45,128,NA,NA,NA,0,0,56,787,4,NA,NA,102.7
"KELVINBENJAMIN","Kelvin Benjamin","WR","CAR",46,129,NA,NA,NA,0,0,55,724,5,NA,NA,102.4
"TEDDYBRIDGEWATER","Teddy Bridgewater","QB","MIN",36,130,1295,6,7,134,0,NA,NA,NA,NA,NA,102.2
"HARRYDOUGLAS","Harry Douglas","WR","ATL",47,131,NA,NA,NA,0,0,61,775,4,NA,NA,101.5
"MARTELLUSBENNETT","Martellus Bennett","TE","CHI",10,132,NA,NA,NA,NA,NA,68,712,5,NA,NA,101.2
"DARRENSPROLES","Darren Sproles","RB","PHI",40,133,NA,NA,NA,286,1,63,545,2,NA,NA,101.1
"CHARLESCLAY","Charles Clay","TE","MIA",11,134,NA,NA,NA,NA,NA,62,707,5,NA,NA,100.7
"TERRANCEWEST","Terrance West","RB","CLE",41,135,NA,NA,NA,596,4,27,166,0,NA,NA,100.2
"ANTONIOGATES","Antonio Gates","TE","SD",12,135,NA,NA,NA,NA,NA,62,702,5,NA,NA,100.2
"RILEYCOOPER","Riley Cooper","WR","PHI",48,137,NA,NA,NA,0,0,46,698,5,NA,NA,99.8
"ROBGRONKOWSKI","Rob Gronkowski","TE","NE",13,138,NA,NA,NA,NA,NA,45,637,6,NA,NA,99.7
"GREGJENNINGS","Greg Jennings","WR","MIN",49,139,NA,NA,NA,0,0,61,747,4,NA,NA,98.7
"LANCEDUNBAR","Lance Dunbar","RB","DAL",42,140,NA,NA,NA,445,3,36,299,1,NA,NA,98.4
"HEATHMILLER","Heath Miller","TE","PIT",14,141,NA,NA,NA,NA,NA,64,682,5,NA,NA,98.2
"ZACHERTZ","Zach Ertz","TE","PHI",15,142,NA,NA,NA,NA,NA,48,611,6,NA,NA,97.1
"BERNARDPIERCE","Bernard Pierce","RB","BAL",43,143,NA,NA,NA,566,4,25,157,0,NA,NA,96.3
"REGGIEWAYNE","Reggie Wayne","WR","IND",50,144,NA,NA,NA,0,0,55,714,4,NA,NA,95.4
"ROBERTWOODS","Robert Woods","WR","BUF",51,145,NA,NA,NA,21,0,49,685,4,NA,NA,94.6
"LANCEMOORE","Lance Moore","WR","PIT",52,146,NA,NA,NA,0,0,47,645,5,NA,NA,94.5
"JONATHANSTEWART","Jonathan Stewart","RB","CAR",44,147,NA,NA,NA,585,3,23,176,0,NA,NA,94.1
"DELANIEWALKER","Delanie Walker","TE","TEN",16,148,NA,NA,NA,NA,NA,61,636,5,NA,NA,93.6
"TERRANCEWILLIAMS","Terrance Williams","WR","DAL",53,149,NA,NA,NA,0,0,47,695,4,NA,NA,93.5
"JEREMYHILL","Jeremy Hill","RB","CIN",45,150,NA,NA,NA,576,5,8,49,0,NA,NA,92.5
"GOLDENTATE","Golden Tate","WR","DET",54,150,NA,NA,NA,0,0,50,685,4,NA,NA,92.5
"CHRISIVORY","Chris Ivory","RB","NYJ",46,152,NA,NA,NA,641,4,6,37,0,NA,NA,91.8
"DWAYNEALLEN","Dwayne Allen","TE","IND",17,153,NA,NA,NA,NA,NA,55,613,5,NA,NA,91.3
"LADARIUSGREEN","Ladarius Green","TE","SD",18,154,NA,NA,NA,NA,NA,49,584,5,NA,NA,88.4
"JAREDCOOK","Jared Cook","TE","STL",18,154,NA,NA,NA,NA,NA,53,644,4,NA,NA,88.4
"BLAKEBORTLES","Blake Bortles","QB","JAC",37,156,1129,6,6,75,0,NA,NA,NA,NA,NA,88
"SHONNGREENE","Shonn Greene","RB","TEN",47,157,NA,NA,NA,488,5,13,89,0,NA,NA,87.7
"EMMANUELSANDERS","Emmanuel Sanders","WR","DEN",55,158,NA,NA,NA,0,0,46,635,4,NA,NA,87.5
"MIKEEVANS","Mike Evans","WR","TB",56,159,NA,NA,NA,0,0,39,566,5,NA,NA,86.6
"SCOTTCHANDLER","Scott Chandler","TE","BUF",20,160,NA,NA,NA,NA,NA,57,622,4,NA,NA,86.2
"ODELLBECKHAM","Odell Beckham Jr.","WR","NYG",57,161,NA,NA,NA,21,0,47,645,3,NA,NA,84.6
"MILESAUSTIN","Miles Austin","WR","CLE",58,162,NA,NA,NA,0,0,48,645,3,NA,NA,82.5
"ROBERTHOUSLER","Robert Housler","TE","ARI",21,163,NA,NA,NA,NA,NA,54,576,4,NA,NA,81.6
"MIKETOLBERT","Mike Tolbert","RB","CAR",48,164,NA,NA,NA,321,4,26,193,1,NA,NA,81.4
"ANDREWHAWKINS","Andrew Hawkins","WR","CLE",59,165,NA,NA,NA,45,0,51,588,3,NA,NA,81.3
"DOUGBALDWIN","Doug Baldwin","WR","SEA",60,166,NA,NA,NA,0,0,37,512,5,NA,NA,81.2
"NATEWASHINGTON","Nate Washington","WR","TEN",61,167,NA,NA,NA,0,0,40,620,3,NA,NA,80
"CJANDERSON","C.J. Anderson","RB","DEN",49,168,NA,NA,NA,445,4,17,113,0,NA,NA,79.8
"JACEAMARO","Jace Amaro","TE","NYJ",22,169,NA,NA,NA,NA,NA,52,556,4,NA,NA,79.6
"GARRETTGRAHAM","Garrett Graham","TE","HOU",23,170,NA,NA,NA,NA,NA,56,555,4,NA,NA,79.5
"HAKEEMNICKS","Hakeem Nicks","WR","IND",62,171,NA,NA,NA,0,0,38,550,4,NA,NA,79
"BRENTCELEK","Brent Celek","TE","PHI",24,172,NA,NA,NA,NA,NA,39,486,5,NA,NA,78.6
"CASEKEENUM","Case Keenum","QB","HOU",38,173,1022,5,5,67,0,NA,NA,NA,NA,NA,77.8
"TYLEREIFERT","Tyler Eifert","TE","CIN",25,174,NA,NA,NA,NA,NA,51,531,4,NA,NA,77.1
"NATEBURLESON","Nate Burleson","WR","CLE",63,175,NA,NA,NA,0,0,44,575,3,NA,NA,75.5
"RODSTREATER","Rod Streater","WR","OAK",63,175,NA,NA,NA,0,0,39,515,4,NA,NA,75.5
"JUSTINHUNTER","Justin Hunter","WR","TEN",65,177,NA,NA,NA,0,0,33,511,4,NA,NA,75.1
"JERRICHOCOTCHERY","Jerricho Cotchery","WR","CAR",66,178,NA,NA,NA,0,0,39,496,4,NA,NA,73.6
"MARCELREECE","Marcel Reece","RB","OAK",50,179,NA,NA,NA,229,1,36,314,2,NA,NA,72.3
"DENARDROBINSON","Denard Robinson","RB","JAC",51,180,NA,NA,NA,345,2,25,195,1,NA,NA,72
"BRANDINCOOKS","Brandin Cooks","WR","NO",67,181,NA,NA,NA,0,0,31,477,4,NA,NA,71.7
"DONNIEAVERY","Donnie Avery","WR","KC",68,182,NA,NA,NA,0,0,36,529,3,NA,NA,70.9
"CHRISGIVENS","Chris Givens","WR","STL",69,183,NA,NA,NA,0,0,33,515,3,NA,NA,69.5
"MARCEDESLEWIS","Marcedes Lewis","TE","JAC",26,184,NA,NA,NA,NA,NA,48,510,3,NA,NA,69
"SIDNEYRICE","Sidney Rice","WR","SEA",70,185,NA,NA,NA,0,0,34,499,3,NA,NA,67.9
"KNILEDAVIS","Knile Davis","RB","KC",52,186,NA,NA,NA,395,3,13,101,0,NA,NA,67.6
"JACQUIZZRODGERS","Jacquizz Rodgers","RB","ATL",53,187,NA,NA,NA,287,1,40,266,1,NA,NA,67.3
"RONNIEHILLMAN","Ronnie Hillman","RB","DEN",54,188,NA,NA,NA,277,2,32,212,1,NA,NA,66.9
"ACESANDERS","Ace Sanders","WR","JAC",71,188,NA,NA,NA,0,0,47,549,2,NA,NA,66.9
"GAVINESCOBAR","Gavin Escobar","TE","DAL",27,188,NA,NA,NA,NA,NA,44,489,3,NA,NA,66.9
"MALCOMFLOYD","Malcom Floyd","WR","SD",72,191,NA,NA,NA,0,0,31,425,4,NA,NA,66.5
"ERICEBRON","Eric Ebron","TE","DET",28,191,NA,NA,NA,NA,NA,46,485,3,NA,NA,66.5
"KENDALLHUNTER","Kendall Hunter","RB","SF",55,193,NA,NA,NA,395,3,13,88,0,NA,NA,66.3
"LEGARRETTEBLOUNT","LeGarrette Blount","RB","PIT",56,194,NA,NA,NA,396,4,3,17,0,NA,NA,65.3
"JEREMYKERLEY","Jeremy Kerley","WR","NYJ",73,195,NA,NA,NA,0,0,37,469,3,NA,NA,64.9
"ANDREBROWN","Andre Brown","RB","HOU",57,196,NA,NA,NA,424,3,6,39,0,NA,NA,64.3
"ZACHMILLER","Zach Miller","TE","SEA",29,197,NA,NA,NA,NA,NA,38,395,4,NA,NA,63.5
"MIKEWILLIAMS","Mike Williams","WR","BUF",74,198,NA,NA,NA,0,0,33,453,3,NA,NA,63.3
"BRANDONPETTIGREW","Brandon Pettigrew","TE","DET",30,199,NA,NA,NA,NA,NA,46,445,3,NA,NA,62.5
"DEXTERMCCLUSTER","Dexter McCluster","WR","TEN",75,200,NA,NA,NA,149,0,38,355,2,NA,NA,62.4
"MIKEGLENNON","Mike Glennon","QB","TB",39,201,788,5,5,19,0,NA,NA,NA,NA,NA,61.3
"MARKUSWHEATON","Markus Wheaton","WR","PIT",76,202,NA,NA,NA,17,0,27,415,3,NA,NA,61.2
"DEVONTAFREEMAN","Devonta Freeman","RB","ATL",58,203,NA,NA,NA,367,2,20,121,0,NA,NA,60.8
"DONALDBROWN","Donald Brown","RB","SD",59,204,NA,NA,NA,415,2,10,69,0,NA,NA,60.4
"ANDREROBERTS","Andre Roberts","WR","WAS",77,205,NA,NA,NA,0,0,38,422,3,NA,NA,60.2
"DAVIDWILSON","David Wilson","RB","NYG",60,206,NA,NA,NA,349,2,16,128,0,NA,NA,59.7
"TRAVISKELCE","Travis Kelce","TE","KC",31,207,NA,NA,NA,NA,NA,39,416,3,NA,NA,59.6
"JACOBYJONES","Jacoby Jones","WR","BAL",78,208,NA,NA,NA,0,0,37,475,2,NA,NA,59.5
"DAVIDAUSBERRY","David Ausberry","TE","OAK",32,208,NA,NA,NA,NA,NA,35,415,3,NA,NA,59.5
"ANDREHOLMES","Andre Holmes","WR","OAK",79,210,NA,NA,NA,0,0,27,411,3,NA,NA,59.1
"BILALPOWELL","Bilal Powell","RB","NYJ",61,211,NA,NA,NA,282,2,26,185,0,NA,NA,58.7
"ROYHELU","Roy Helu","RB","WAS",62,212,NA,NA,NA,329,0,33,244,0,NA,NA,57.3
"STEPFANTAYLOR","Stepfan Taylor","RB","ARI",63,213,NA,NA,NA,345,2,15,102,0,NA,NA,56.7
"EDDIEROYAL","Eddie Royal","WR","SD",80,214,NA,NA,NA,0,0,40,446,2,NA,NA,56.6
"COBYFLEENER","Coby Fleener","TE","IND",33,215,NA,NA,NA,NA,NA,35,385,3,NA,NA,56.5
"AHMADBRADSHAW","Ahmad Bradshaw","RB","IND",64,216,NA,NA,NA,355,2,12,87,0,NA,NA,56.2
"JAMESSTARKS","James Starks","RB","GB",65,217,NA,NA,NA,345,2,14,94,0,NA,NA,55.9
"JOEMORGAN","Joe Morgan","WR","NO",81,218,NA,NA,NA,0,0,20,361,3,NA,NA,54.1
"MARKINGRAM","Mark Ingram","RB","NO",66,219,NA,NA,NA,279,2,20,131,0,NA,NA,53
"CHRISOWUSU","Chris Owusu","WR","TB",82,220,NA,NA,NA,0,0,38,407,2,NA,NA,52.7
"BENJARVUSGREENELLIS","BenJarvus Green-Ellis","RB","CIN",67,221,NA,NA,NA,312,3,5,31,0,NA,NA,52.3
"KADEEMCAREY","Ka'Deem Carey","RB","CHI",68,222,NA,NA,NA,324,1,19,135,0,NA,NA,51.9
"JERMAINEGRESHAM","Jermaine Gresham","TE","CIN",34,223,NA,NA,NA,NA,NA,37,388,2,NA,NA,50.8
"STEVEJOHNSON","Steve Johnson","WR","SF",83,224,NA,NA,NA,0,0,30,386,2,NA,NA,50.6
"CHRISPOLK","Chris Polk","RB","PHI",69,225,NA,NA,NA,381,2,0,0,0,NA,NA,50.1
"TEDGINN","Ted Ginn Jr.","WR","ARI",84,226,NA,NA,NA,21,0,27,357,2,NA,NA,49.8
"JERMICHAELFINLEY","Jermichael Finley","TE","FA",35,227,NA,NA,NA,NA,NA,27,314,3,NA,NA,49.4
"LEVINETOILOLO","Levine Toilolo","TE","ATL",36,228,NA,NA,NA,NA,NA,37,367,2,NA,NA,48.7
"MARQISELEE","Marqise Lee","WR","JAC",85,229,NA,NA,NA,0,0,29,365,2,NA,NA,48.5
"JUNIORHEMINGWAY","Junior Hemingway","WR","KC",86,230,NA,NA,NA,0,0,27,356,2,NA,NA,47.6
"STEPHENHILL","Stephen Hill","WR","NYJ",86,230,NA,NA,NA,0,0,26,356,2,NA,NA,47.6
"JOSHGORDON","Josh Gordon","WR","CLE",88,232,NA,NA,NA,0,0,22,350,2,NA,NA,47
"BRANDONGIBSON","Brandon Gibson","WR","MIA",88,232,NA,NA,NA,0,0,26,350,2,NA,NA,47
"AUSTINPETTIS","Austin Pettis","WR","STL",90,234,NA,NA,NA,0,0,31,349,2,NA,NA,46.9
"BRANDONMYERS","Brandon Myers","TE","TB",37,235,NA,NA,NA,NA,NA,33,344,2,NA,NA,46.4
"BENNYCUNNINGHAM","Benny Cunningham","RB","STL",70,236,NA,NA,NA,319,1,12,84,0,NA,NA,46.3
"MOHAMEDSANU","Mohamed Sanu","WR","CIN",91,237,NA,NA,NA,0,0,30,389,1,NA,NA,44.9
"BRIANQUICK","Brian Quick","WR","STL",91,237,NA,NA,NA,0,0,22,329,2,NA,NA,44.9
"ADRIENROBINSON","Adrien Robinson","TE","NYG",38,239,NA,NA,NA,NA,NA,28,324,2,NA,NA,44.4
"MARQUESSWILSON","Marquess Wilson","WR","CHI",93,240,NA,NA,NA,0,0,24,375,1,NA,NA,43.5
"MYCHALRIVERA","Mychal Rivera","TE","OAK",39,241,NA,NA,NA,NA,NA,28,300,2,NA,NA,42
"CHRISTINEMICHAEL","Christine Michael","RB","SEA",71,242,NA,NA,NA,276,2,2,14,0,NA,NA,41
"LANCEKENDRICKS","Lance Kendricks","TE","STL",40,243,NA,NA,NA,NA,NA,25,286,2,NA,NA,40.6
"CARLOSHYDE","Carlos Hyde","RB","SF",72,244,NA,NA,NA,329,1,2,13,0,NA,NA,40.2
"MARQUISEGOODWIN","Marquise Goodwin","WR","BUF",94,244,NA,NA,NA,0,0,26,342,1,NA,NA,40.2
"AJJENKINS","A.J. Jenkins","WR","KC",95,246,NA,NA,NA,0,0,21,279,2,NA,NA,39.9
"MIKEJAMES","Mike James","RB","TB",73,247,NA,NA,NA,269,1,11,67,0,NA,NA,39.6
"BENWATSON","Ben Watson","TE","NO",41,248,NA,NA,NA,NA,NA,26,275,2,NA,NA,39.5
"TREMASON","Tre Mason","RB","STL",74,249,NA,NA,NA,285,1,4,29,0,NA,NA,37.4
"KELLENDAVIS","Kellen Davis","TE","NYG",42,249,NA,NA,NA,NA,NA,23,254,2,NA,NA,37.4
"TIQUANUNDERWOOD","Tiquan Underwood","WR","CAR",96,251,NA,NA,NA,0,0,22,311,1,NA,NA,37.1
"ANDRECALDWELL","Andre Caldwell","WR","DEN",97,252,NA,NA,NA,0,0,18,244,2,NA,NA,36.4
"KIRKCOUSINS","Kirk Cousins","QB","WAS",40,253,449,3,2,15,0,NA,NA,NA,NA,NA,36
"JORDANMATTHEWS","Jordan Matthews","WR","PHI",98,254,NA,NA,NA,0,0,22,289,1,NA,NA,34.9
"LUKEWILLSON","Luke Willson","TE","SEA",43,254,NA,NA,NA,NA,NA,20,229,2,NA,NA,34.9
"ANTHONYFASANO","Anthony Fasano","TE","KC",43,254,NA,NA,NA,NA,NA,25,229,2,NA,NA,34.9
"OWENDANIELS","Owen Daniels","TE","BAL",45,257,NA,NA,NA,NA,NA,21,228,2,NA,NA,34.8
"DENARIUSMOORE","Denarius Moore","WR","OAK",99,258,NA,NA,NA,0,0,19,287,1,NA,NA,34.7
"JEROMESIMPSON","Jerome Simpson","WR","MIN",99,258,NA,NA,NA,0,0,20,287,1,NA,NA,34.7
"JERMAINEKEARSE","Jermaine Kearse","WR","SEA",99,258,NA,NA,NA,0,0,26,347,0,NA,NA,34.7
"MARTAVISBRYANT","Martavis Bryant","WR","PIT",102,261,NA,NA,NA,0,0,22,286,1,NA,NA,34.6
"BOBBYRAINEY","Bobby Rainey","RB","TB",75,262,NA,NA,NA,236,1,7,44,0,NA,NA,34
"BRYCEBROWN","Bryce Brown","RB","BUF",76,263,NA,NA,NA,267,1,1,11,0,NA,NA,33.8
"RICHARDRODGERS","Richard Rodgers","TE","GB",46,264,NA,NA,NA,NA,NA,20,215,2,NA,NA,33.5
"KRISDURHAM","Kris Durham","WR","DET",103,265,NA,NA,NA,0,0,25,320,0,NA,NA,32
"JASONAVANT","Jason Avant","WR","CAR",104,266,NA,NA,NA,0,0,19,245,1,NA,NA,30.5
"KESHAWNMARTIN","Keshawn Martin","WR","HOU",105,267,NA,NA,NA,0,0,18,244,1,NA,NA,30.4
"MYLESWHITE","Myles White","WR","GB",106,268,NA,NA,NA,0,0,14,241,1,NA,NA,30.1
"DARICKROGERS","Da'Rick Rogers","WR","IND",107,269,NA,NA,NA,0,0,14,216,1,NA,NA,27.6
"CLAYHARBOR","Clay Harbor","TE","JAC",47,270,NA,NA,NA,NA,NA,20,212,1,NA,NA,27.2
"JACOBTAMME","Jacob Tamme","TE","DEN",48,271,NA,NA,NA,NA,NA,14,146,2,NA,NA,26.6
"ANDREWILLIAMS","Andre Williams","RB","NYG",77,272,NA,NA,NA,197,1,0,3,0,NA,NA,26
"DRIARCHER","Dri Archer","RB","PIT",78,273,NA,NA,NA,86,0,22,168,0,NA,NA,25.4
"JACOBYFORD","Jacoby Ford","WR","NYJ",108,274,NA,NA,NA,0,0,13,189,1,NA,NA,24.9
"ANDREWQUARLESS","Andrew Quarless","TE","GB",49,275,NA,NA,NA,NA,NA,16,187,1,NA,NA,24.7
"MICHAELHOOMANAWANUI","Michael Hoomanawanui","TE","NE",50,276,NA,NA,NA,NA,NA,16,185,1,NA,NA,24.5
"JOHNCARLSON","John Carlson","TE","ARI",51,277,NA,NA,NA,NA,NA,18,179,1,NA,NA,23.9
"AUSTINSEFERIANJENKINS","Austin Seferian-Jenkins","TE","TB",52,278,NA,NA,NA,NA,NA,18,177,1,NA,NA,23.7
"ROBERTTURBIN","Robert Turbin","RB","SEA",79,279,NA,NA,NA,116,0,12,99,0,NA,NA,21.5
"JOSEPHFAURIA","Joseph Fauria","TE","DET",53,279,NA,NA,NA,NA,NA,10,95,2,NA,NA,21.5
"BRANDONLAFELL","Brandon LaFell","WR","NE",109,281,NA,NA,NA,0,0,15,209,0,NA,NA,20.9
"LOGANPAULSEN","Logan Paulsen","TE","WAS",54,282,NA,NA,NA,NA,NA,12,144,1,NA,NA,20.4
"JASONCAMPBELL","Jason Campbell","QB","CIN",41,283,313,1,1,4,0,NA,NA,NA,NA,NA,20.1
"DAVANTEADAMS","Davante Adams","WR","GB",110,284,NA,NA,NA,0,0,8,140,1,NA,NA,20
"JERICKMCKINNON","Jerick McKinnon","RB","MIN",80,285,NA,NA,NA,86,0,19,113,0,NA,NA,19.9
"TJGRAHAM","T.J. Graham","WR","BUF",111,286,NA,NA,NA,11,0,12,185,0,NA,NA,19.6
"SANTANAMOSS","Santana Moss","WR","WAS",112,287,NA,NA,NA,0,0,15,195,0,NA,NA,19.5
"RYANGRIFFIN","Ryan Griffin","TE","HOU",55,287,NA,NA,NA,NA,NA,13,135,1,NA,NA,19.5
"JOSEPHRANDLE","Joseph Randle","RB","DAL",81,289,NA,NA,NA,104,0,12,89,0,NA,NA,19.3
"KENNYBRITT","Kenny Britt","WR","STL",113,290,NA,NA,NA,0,0,9,119,1,NA,NA,17.9
"DEREKCARR","Derek Carr","QB","OAK",42,291,255,1,1,8,0,NA,NA,NA,NA,NA,17.6
"JOHNBROWN","John Brown","WR","ARI",114,291,NA,NA,NA,0,0,13,176,0,NA,NA,17.6
"CHASEDANIEL","Chase Daniel","QB","KC",43,293,249,1,1,8,0,NA,NA,NA,NA,NA,17.3
"DAMIANWILLIAMS","Damian Williams","WR","MIA",115,294,NA,NA,NA,0,0,8,112,1,NA,NA,17.2
"VINCENTBROWN","Vincent Brown","WR","SD",116,295,NA,NA,NA,0,0,8,111,1,NA,NA,17.1
"JONATHANDWYER","Jonathan Dwyer","RB","ARI",82,296,NA,NA,NA,96,1,2,11,0,NA,NA,16.7
"DIONLEWIS","Dion Lewis","RB","CLE",83,297,NA,NA,NA,144,0,3,22,0,NA,NA,16.6
"JORDANTODMAN","Jordan Todman","RB","JAC",84,298,NA,NA,NA,112,0,6,46,0,NA,NA,15.8
"BRANDONWEEDEN","Brandon Weeden","QB","DAL",44,299,231,1,1,0,0,NA,NA,NA,NA,NA,15.6
"DJWILLIAMS","D.J. Williams","TE","NE",56,300,NA,NA,NA,NA,NA,8,95,1,NA,NA,15.5
"CHRISOGBONNAYA","Chris Ogbonnaya","RB","CLE",85,301,NA,NA,NA,63,0,15,89,0,NA,NA,15.2
"DEANTHONYTHOMAS","De'Anthony Thomas","RB","KC",86,302,NA,NA,NA,62,0,14,87,0,NA,NA,14.9
"JERRELJERNIGAN","Jerrel Jernigan","WR","NYG",117,303,NA,NA,NA,0,0,12,146,0,NA,NA,14.6
"DAVIDPAULSON","David Paulson","TE","PIT",57,304,NA,NA,NA,NA,NA,13,136,0,NA,NA,13.6
"THADDEUSLEWIS","Thaddeus Lewis","QB","BUF",45,305,165,1,1,3,0,NA,NA,NA,NA,NA,12.6
"DENNISJOHNSON","Dennis Johnson","RB","HOU",87,306,NA,NA,NA,113,0,2,11,0,NA,NA,12.4
"MARLONBROWN","Marlon Brown","WR","BAL",118,307,NA,NA,NA,0,0,10,121,0,NA,NA,12.1
"LAVELLEHAWKINS","Lavelle Hawkins","WR","TB",119,308,NA,NA,NA,0,0,9,119,0,NA,NA,11.9
"JOHNATHANFRANKLIN","Johnathan Franklin","RB","GB",88,309,NA,NA,NA,84,0,5,34,0,NA,NA,11.8
"MIKELLESHOURE","Mikel Leshoure","RB","DET",89,310,NA,NA,NA,104,0,2,11,0,NA,NA,11.5
"JOSHMORGAN","Josh Morgan","WR","CHI",120,311,NA,NA,NA,0,0,9,114,0,NA,NA,11.4
"VICKBALLARD","Vick Ballard","RB","IND",90,312,NA,NA,NA,98,0,2,14,0,NA,NA,11.2
"JAMESWHITE","James White","RB","NE",91,313,NA,NA,NA,111,0,0,0,0,NA,NA,11.1
"JEFFCUMBERLAND","Jeff Cumberland","TE","NYJ",58,313,NA,NA,NA,NA,NA,11,111,0,NA,NA,11.1
"MARKSANCHEZ","Mark Sanchez","QB","PHI",46,315,214,0,0,2,0,NA,NA,NA,NA,NA,10.9
"MIKEGILLISLEE","Mike Gillislee","RB","MIA",92,316,NA,NA,NA,86,0,2,19,0,NA,NA,10.5
"JARVISLANDRY","Jarvis Landry","WR","MIA",121,317,NA,NA,NA,0,0,8,104,0,NA,NA,10.4
"JALENSAUNDERS","Jalen Saunders","WR","NYJ",121,317,NA,NA,NA,0,0,8,104,0,NA,NA,10.4
"CHARLESSIMS","Charles Sims","RB","TB",93,319,NA,NA,NA,97,0,1,4,0,NA,NA,10.1
"BRUCEGRADKOWSKI","Bruce Gradkowski","QB","PIT",47,320,185,0,0,0,0,NA,NA,NA,NA,NA,9.3
"DEVIERPOSEY","DeVier Posey","WR","HOU",123,321,NA,NA,NA,0,0,7,89,0,NA,NA,8.9
"NICKTOON","Nick Toon","WR","NO",124,322,NA,NA,NA,0,0,7,88,0,NA,NA,8.8
"VANCEMCDONALD","Vance McDonald","TE","SF",59,323,NA,NA,NA,NA,NA,8,86,0,NA,NA,8.6
"PEYTONHILLIS","Peyton Hillis","RB","NYG",94,324,NA,NA,NA,82,0,0,0,0,NA,NA,8.2
"JOHNKUHN","John Kuhn","RB","GB",95,325,NA,NA,NA,26,0,8,55,0,NA,NA,8.1
"DREWDAVIS","Drew Davis","WR","ATL",125,326,NA,NA,NA,0,0,6,77,0,NA,NA,7.7
"RISHARDMATTHEWS","Rishard Matthews","WR","MIA",125,326,NA,NA,NA,0,0,5,77,0,NA,NA,7.7
"TONYMOEAKI","Tony Moeaki","TE","BUF",60,326,NA,NA,NA,NA,NA,8,77,0,NA,NA,7.7
"EDDICKSON","Ed Dickson","TE","CAR",60,326,NA,NA,NA,NA,NA,7,77,0,NA,NA,7.7
"GARYBARNIDGE","Gary Barnidge","TE","CLE",60,326,NA,NA,NA,NA,NA,7,77,0,NA,NA,7.7
"DAMARISJOHNSON","Damaris Johnson","WR","PHI",127,331,NA,NA,NA,0,0,6,76,0,NA,NA,7.6
"JARIUSWRIGHT","Jarius Wright","WR","MIN",127,331,NA,NA,NA,0,0,6,76,0,NA,NA,7.6
"LEONARDHANKERSON","Leonard Hankerson","WR","WAS",127,331,NA,NA,NA,0,0,5,76,0,NA,NA,7.6
"TROYNIKLAS","Troy Niklas","TE","ARI",63,334,NA,NA,NA,NA,NA,6,69,0,NA,NA,6.9
"DARYLRICHARDSON","Daryl Richardson","RB","NYJ",96,335,NA,NA,NA,67,0,0,0,0,NA,NA,6.7
"CHARLESJOHNSON","Charles Johnson","WR","CLE",130,336,NA,NA,NA,0,0,5,64,0,NA,NA,6.4
"RYANWILLIAMS","Ryan Williams","RB","DAL",97,337,NA,NA,NA,63,0,0,0,0,NA,NA,6.3
"KYLEJUSZCZYK","Kyle Juszczyk","RB","BAL",98,338,NA,NA,NA,45,0,3,17,0,NA,NA,6.2
"DONTEMONCRIEF","Donte Moncrief","WR","IND",131,339,NA,NA,NA,0,0,4,58,0,NA,NA,5.8
"MATTFLYNN","Matt Flynn","QB","GB",48,340,104,0,1,0,0,NA,NA,NA,NA,NA,5.2
"SHAUNHILL","Shaun Hill","QB","STL",48,340,104,0,1,0,0,NA,NA,NA,NA,NA,5.2
"BROCKOSWEILER","Brock Osweiler","QB","DEN",50,342,89,0,0,0,0,NA,NA,NA,NA,NA,4.5
"MATTMOORE","Matt Moore","QB","MIA",51,343,66,0,0,0,0,NA,NA,NA,NA,NA,3.3
"CODYLATIMER","Cody Latimer","WR","DEN",132,344,NA,NA,NA,0,0,2,29,0,NA,NA,2.9
"MATTHASSELBECK","Matt Hasselbeck","QB","IND",52,345,45,0,0,0,0,NA,NA,NA,NA,NA,2.3
"DREWSTANTON","Drew Stanton","QB","ARI",53,346,42,0,0,0,0,NA,NA,NA,NA,NA,2.1
"DEREKANDERSON","Derek Anderson","QB","CAR",54,347,31,0,0,0,0,NA,NA,NA,NA,NA,1.6
"TJYATES","T.J. Yates","QB","ATL",55,348,22,0,0,2,0,NA,NA,NA,NA,NA,1.3
"RYANMALLETT","Ryan Mallett","QB","NE",56,349,17,0,0,0,0,NA,NA,NA,NA,NA,0.9
