"name","name_fbg3","pos","team_fbg3","overallRank_fbg3","passAtt_fbg3","passComp_fbg3","passYds_fbg3","passTds_fbg3","passInt_fbg3","rushYds_fbg3","rushTds_fbg3","rec_fbg3","recYds_fbg3","recTds_fbg3","twoPts_fbg3","fumbles_fbg3","pts_fbg3"
"PEYTONMANNING","Peyton Manning","QB","DEN",1,642,412,5082,41,15,22,1,NA,NA,NA,NA,NA,411.3
"AARONRODGERS","Aaron Rodgers","QB","GB",2,625,393,5130,32,18,168,1,NA,NA,NA,NA,NA,389.3
"DREWBREES","Drew Brees","QB","NO",3,643,415,4944,35,16,40,1,NA,NA,NA,NA,NA,381.2
"ANDREWLUCK","Andrew Luck","QB","IND",4,602,363,4355,29,15,303,3,NA,NA,NA,NA,NA,367.05
"MATTHEWSTAFFORD","Matthew Stafford","QB","DET",5,667,404,4973,31,21,66,1,NA,NA,NA,NA,NA,364.25
"NICKFOLES","Nick Foles","QB","PHI",6,511,320,4074,28,12,235,3,NA,NA,NA,NA,NA,345.2
"MATTRYAN","Matt Ryan","QB","ATL",7,643,423,4570,29,19,77,1,NA,NA,NA,NA,NA,339.2
"TOMBRADY","Tom Brady","QB","NE",8,641,396,4486,30,16,44,1,NA,NA,NA,NA,NA,338.7
"ROBERTGRIFFIN","Robert Griffin III","QB","WAS",9,562,347,4032,24,17,514,1,NA,NA,NA,NA,NA,338
"CAMNEWTON","Cam Newton","QB","CAR",10,474,291,3289,23,14,590,6,NA,NA,NA,NA,NA,337.45
"COLINKAEPERNICK","Colin Kaepernick","QB","SF",11,454,272,3576,25,12,429,3,NA,NA,NA,NA,NA,327.7
"TONYROMO","Tony Romo","QB","DAL",12,555,348,4182,29,14,50,1,NA,NA,NA,NA,NA,322.1
"PHILIPRIVERS","Philip Rivers","QB","SD",13,556,366,4321,26,15,72,1,NA,NA,NA,NA,NA,318.25
"JAYCUTLER","Jay Cutler","QB","CHI",14,568,355,4162,27,18,135,1,NA,NA,NA,NA,NA,317.6
"ANDYDALTON","Andy Dalton","QB","CIN",15,554,344,3923,27,18,144,2,NA,NA,NA,NA,NA,312.55
"RUSSELLWILSON","Russell Wilson","QB","SEA",16,420,266,3354,25,12,413,2,NA,NA,NA,NA,NA,309
"BENROETHLISBERGER","Ben Roethlisberger","QB","PIT",17,554,351,4040,25,15,111,1,NA,NA,NA,NA,NA,304.1
"ALEXSMITH","Alex Smith","QB","KC",18,547,336,3679,23,13,298,1,NA,NA,NA,NA,NA,298.75
"ELIMANNING","Eli Manning","QB","NYG",19,589,352,4138,25,23,59,1,NA,NA,NA,NA,NA,295.8
"RYANTANNEHILL","Ryan Tannehill","QB","MIA",20,546,332,3815,24,16,184,1,NA,NA,NA,NA,NA,295.15
"CARSONPALMER","Carson Palmer","QB","ARI",21,571,356,4148,24,20,27,1,NA,NA,NA,NA,NA,292.1
"JOHNNYMANZIEL","Johnny Manziel","QB","CLE",22,458,281,3130,20,15,455,3,NA,NA,NA,NA,NA,285
"JOEFLACCO","Joe Flacco","QB","BAL",23,574,344,3834,24,19,90,1,NA,NA,NA,NA,NA,283.7
"JOSHMCCOWN","Josh McCown","QB","TB",24,480,298,3626,22,12,116,1,NA,NA,NA,NA,NA,274.9
"JAKELOCKER","Jake Locker","QB","TEN",25,490,292,3318,19,16,366,2,NA,NA,NA,NA,NA,274.5
"EJMANUEL","EJ Manuel","QB","BUF",26,490,295,3351,19,15,277,3,NA,NA,NA,NA,NA,274.25
"JAMAALCHARLES","Jamaal Charles","RB","KC",27,NA,NA,NA,NA,NA,1187,9,72,640,5,NA,NA,266.7
"SAMBRADFORD","Sam Bradford","QB","STL",28,490,287,3354,21,14,167,2,NA,NA,NA,NA,NA,266.4
"LESEANMCCOY","LeSean McCoy","RB","PHI",29,NA,NA,NA,NA,NA,1473,9,39,377,1,NA,NA,245
"CALVINJOHNSON","Calvin Johnson","WR","DET",30,NA,NA,NA,NA,NA,0,0,102,1657,11,NA,NA,231.7
"ADRIANPETERSON","Adrian Peterson","RB","MIN",31,NA,NA,NA,NA,NA,1374,10,37,261,1,NA,NA,229.5
"MATTFORTE","Matt Forte","RB","CHI",32,NA,NA,NA,NA,NA,1230,8,62,451,2,NA,NA,228.1
"EDDIELACY","Eddie Lacy","RB","GB",33,NA,NA,NA,NA,NA,1189,10,39,322,1,NA,NA,217.1
"DEMARYIUSTHOMAS","Demaryius Thomas","WR","DEN",34,NA,NA,NA,NA,NA,0,0,94,1445,11,NA,NA,210.5
"MONTEEBALL","Montee Ball","RB","DEN",35,NA,NA,NA,NA,NA,1259,8,30,237,1,NA,NA,203.6
"MARSHAWNLYNCH","Marshawn Lynch","RB","SEA",36,NA,NA,NA,NA,NA,976,10,38,336,2,NA,NA,203.2
"DEMARCOMURRAY","DeMarco Murray","RB","DAL",37,NA,NA,NA,NA,NA,1106,8,51,376,1,NA,NA,202.2
"DEZBRYANT","Dez Bryant","WR","DAL",38,NA,NA,NA,NA,NA,6,0,98,1332,11,NA,NA,199.8
"ARIANFOSTER","Arian Foster","RB","HOU",39,NA,NA,NA,NA,NA,1066,8,51,316,2,NA,NA,198.2
"LEVEONBELL","LeVeon Bell","RB","PIT",40,NA,NA,NA,NA,NA,1027,8,51,411,1,NA,NA,197.8
"JULIOJONES","Julio Jones","WR","ATL",41,NA,NA,NA,NA,NA,5,0,89,1290,11,NA,NA,195.5
"AJGREEN","A.J. Green","WR","CIN",42,NA,NA,NA,NA,NA,4,0,99,1378,9,NA,NA,192.2
"GIOVANIBERNARD","Giovani Bernard","RB","CIN",43,NA,NA,NA,NA,NA,856,6,68,550,2,NA,NA,188.6
"RYANFITZPATRICK","Ryan Fitzpatrick","QB","HOU",44,373,230,2463,12,12,171,2,NA,NA,NA,NA,NA,188.25
"TEDDYBRIDGEWATER","Teddy Bridgewater","QB","MIN",45,373,224,2512,14,12,119,1,NA,NA,NA,NA,NA,187.5
"JIMMYGRAHAM","Jimmy Graham","TE","NO",46,NA,NA,NA,NA,NA,NA,NA,86,1121,12,NA,NA,184.1
"GENOSMITH","Geno Smith","QB","NYJ",47,298,178,2054,11,11,287,3,NA,NA,NA,NA,NA,182.4
"JORDYNELSON","Jordy Nelson","WR","GB",48,NA,NA,NA,NA,NA,0,0,85,1323,8,NA,NA,180.3
"BRANDONMARSHALL","Brandon Marshall","WR","CHI",49,NA,NA,NA,NA,NA,2,0,94,1189,10,NA,NA,179.1
"ALFREDMORRIS","Alfred Morris","RB","WAS",50,NA,NA,NA,NA,NA,1242,7,9,70,0,NA,NA,173.2
"ANTONIOBROWN","Antonio Brown","WR","PIT",50,NA,NA,NA,NA,NA,26,0,90,1226,8,NA,NA,173.2
"ALSHONJEFFERY","Alshon Jeffery","WR","CHI",52,NA,NA,NA,NA,NA,53,0,87,1244,7,NA,NA,171.7
"MATTSCHAUB","Matt Schaub","QB","OAK",53,372,227,2669,12,12,21,0,NA,NA,NA,NA,NA,171.55
"RYANMATHEWS","Ryan Mathews","RB","SD",54,NA,NA,NA,NA,NA,1092,6,26,194,1,NA,NA,170.6
"RANDALLCOBB","Randall Cobb","WR","GB",55,NA,NA,NA,NA,NA,49,0,80,1174,8,NA,NA,170.3
"ANDREELLINGTON","Andre Ellington","RB","ARI",56,NA,NA,NA,NA,NA,923,5,50,419,1,NA,NA,170.2
"DOUGMARTIN","Doug Martin","RB","TB",57,NA,NA,NA,NA,NA,976,6,34,300,1,NA,NA,169.6
"ZACSTACY","Zac Stacy","RB","STL",58,NA,NA,NA,NA,NA,1055,6,31,215,1,NA,NA,169
"RASHADJENNINGS","Rashad Jennings","RB","NYG",59,NA,NA,NA,NA,NA,886,6,48,364,1,NA,NA,167
"TOBYGERHART","Toby Gerhart","RB","JAX",60,NA,NA,NA,NA,NA,886,8,37,232,1,NA,NA,165.8
"CJSPILLER","C.J. Spiller","RB","BUF",61,NA,NA,NA,NA,NA,986,5,45,309,1,NA,NA,165.5
"VINCENTJACKSON","Vincent Jackson","WR","TB",62,NA,NA,NA,NA,NA,3,0,86,1274,6,NA,NA,163.7
"REGGIEBUSH","Reggie Bush","RB","DET",63,NA,NA,NA,NA,NA,775,4,56,493,2,NA,NA,162.8
"BISHOPSANKEY","Bishop Sankey","RB","TEN",64,NA,NA,NA,NA,NA,942,7,24,184,1,NA,NA,160.6
"KEENANALLEN","Keenan Allen","WR","SD",65,NA,NA,NA,NA,NA,0,0,80,1163,7,NA,NA,158.3
"JOIQUEBELL","Joique Bell","RB","DET",66,NA,NA,NA,NA,NA,619,6,56,520,1,NA,NA,155.9
"PIERREGARCON","Pierre Garcon","WR","WAS",67,NA,NA,NA,NA,NA,8,0,97,1166,6,NA,NA,153.4
"FRANKGORE","Frank Gore","RB","SF",68,NA,NA,NA,NA,NA,1000,7,13,104,0,NA,NA,152.4
"VICTORCRUZ","Victor Cruz","WR","NYG",68,NA,NA,NA,NA,NA,0,0,86,1164,6,NA,NA,152.4
"LARRYFITZGERALD","Larry Fitzgerald","WR","ARI",70,NA,NA,NA,NA,NA,4,0,88,1017,8,NA,NA,150.1
"CHRISJOHNSON","Chris Johnson","RB","NYJ",71,NA,NA,NA,NA,NA,809,6,27,211,2,NA,NA,150
"BENTATE","Ben Tate","RB","CLE",72,NA,NA,NA,NA,NA,989,4,33,200,1,NA,NA,148.9
"ANDREJOHNSON","Andre Johnson","WR","HOU",73,NA,NA,NA,NA,NA,0,0,100,1241,4,NA,NA,148.1
"RODDYWHITE","Roddy White","WR","ATL",74,NA,NA,NA,NA,NA,0,0,92,1093,6,NA,NA,145.3
"MICHAELFLOYD","Michael Floyd","WR","ARI",75,NA,NA,NA,NA,NA,0,0,76,1136,5,NA,NA,143.6
"MICHAELCRABTREE","Michael Crabtree","WR","SF",76,NA,NA,NA,NA,NA,0,0,74,1063,6,NA,NA,142.3
"LAMARMILLER","Lamar Miller","RB","MIA",77,NA,NA,NA,NA,NA,809,5,35,248,1,NA,NA,141.7
"PERCYHARVIN","Percy Harvin","WR","SEA",78,NA,NA,NA,NA,NA,103,0,70,888,7,NA,NA,141.1
"WESWELKER","Wes Welker","WR","DEN",79,NA,NA,NA,NA,NA,0,0,79,927,8,NA,NA,140.7
"TRENTRICHARDSON","Trent Richardson","RB","IND",80,NA,NA,NA,NA,NA,783,6,25,198,1,NA,NA,140.1
"CORDARRELLEPATTERSON","Cordarrelle Patterson","WR","MIN",81,NA,NA,NA,NA,NA,71,0,84,969,6,NA,NA,140
"STEVENJACKSON","Steven Jackson","RB","ATL",82,NA,NA,NA,NA,NA,679,6,43,289,1,NA,NA,138.8
"SHANEVEREEN","Shane Vereen","RB","NE",83,NA,NA,NA,NA,NA,462,3,70,565,3,NA,NA,138.7
"RAYRICE","Ray Rice","RB","BAL",84,NA,NA,NA,NA,NA,692,5,49,333,1,NA,NA,138.5
"DESEANJACKSON","DeSean Jackson","WR","WAS",85,NA,NA,NA,NA,NA,12,0,64,949,7,NA,NA,138.1
"MIKEWALLACE","Mike Wallace","WR","MIA",86,NA,NA,NA,NA,NA,9,0,77,1011,6,NA,NA,138
"TORREYSMITH","Torrey Smith","WR","BAL",87,NA,NA,NA,NA,NA,2,0,67,1075,5,NA,NA,137.7
"MARQUESCOLSTON","Marques Colston","WR","NO",88,NA,NA,NA,NA,NA,0,0,75,975,6,NA,NA,133.5
"JEREMYMACLIN","Jeremy Maclin","WR","PHI",89,NA,NA,NA,NA,NA,4,0,66,906,7,NA,NA,133
"MICHAELVICK","Michael Vick","QB","NYJ",90,181,107,1352,8,5,259,2,NA,NA,NA,NA,NA,132.5
"KENDALLWRIGHT","Kendall Wright","WR","TEN",91,NA,NA,NA,NA,NA,0,0,88,1022,5,NA,NA,132.2
"JULIUSTHOMAS","Julius Thomas","TE","DEN",92,NA,NA,NA,NA,NA,NA,NA,69,834,8,NA,NA,131.4
"TYHILTON","T.Y. Hilton","WR","IND",93,NA,NA,NA,NA,NA,6,0,74,942,6,NA,NA,130.8
"FREDJACKSON","Fred Jackson","RB","BUF",94,NA,NA,NA,NA,NA,657,5,39,289,1,NA,NA,130.6
"CHADHENNE","Chad Henne","QB","JAX",95,301,182,1979,9,9,43,0,NA,NA,NA,NA,NA,130.25
"TERRANCEWILLIAMS","Terrance Williams","WR","DAL",96,NA,NA,NA,NA,NA,11,0,62,930,6,NA,NA,130.1
"ROBGRONKOWSKI","Rob Gronkowski","TE","NE",97,NA,NA,NA,NA,NA,NA,NA,65,809,8,NA,NA,128.9
"GOLDENTATE","Golden Tate","WR","DET",98,NA,NA,NA,NA,NA,9,0,65,908,6,NA,NA,127.7
"ERICDECKER","Eric Decker","WR","NYJ",99,NA,NA,NA,NA,NA,2,0,66,972,5,NA,NA,127.4
"JORDANCAMERON","Jordan Cameron","TE","CLE",100,NA,NA,NA,NA,NA,NA,NA,76,847,7,NA,NA,126.7
"GREGOLSEN","Greg Olsen","TE","CAR",101,NA,NA,NA,NA,NA,NA,NA,79,831,7,NA,NA,125.1
"JULIANEDELMAN","Julian Edelman","WR","NE",102,NA,NA,NA,NA,NA,8,0,83,876,6,NA,NA,124.4
"RUEBENRANDLE","Rueben Randle","WR","NYG",103,NA,NA,NA,NA,NA,0,0,58,820,7,NA,NA,124
"PIERRETHOMAS","Pierre Thomas","RB","NO",104,NA,NA,NA,NA,NA,504,3,61,433,2,NA,NA,123.7
"EMMANUELSANDERS","Emmanuel Sanders","WR","DEN",104,NA,NA,NA,NA,NA,5,0,63,752,8,NA,NA,123.7
"DEANGELOWILLIAMS","DeAngelo Williams","RB","CAR",106,NA,NA,NA,NA,NA,723,4,23,209,1,NA,NA,123.2
"SAMMYWATKINS","Sammy Watkins","WR","BUF",107,NA,NA,NA,NA,NA,0,0,65,863,6,NA,NA,122.3
"VERNONDAVIS","Vernon Davis","TE","SF",107,NA,NA,NA,NA,NA,NA,NA,55,743,8,NA,NA,122.3
"JASONWITTEN","Jason Witten","TE","DAL",109,NA,NA,NA,NA,NA,NA,NA,68,795,7,NA,NA,121.5
"STEVANRIDLEY","Stevan Ridley","RB","NE",110,NA,NA,NA,NA,NA,808,6,6,45,0,NA,NA,121.3
"DWAYNEBOWE","Dwayne Bowe","WR","KC",111,NA,NA,NA,NA,NA,0,0,73,900,5,NA,NA,120
"CECILSHORTS","Cecil Shorts","WR","JAX",112,NA,NA,NA,NA,NA,0,0,61,893,5,NA,NA,119.3
"REGGIEWAYNE","Reggie Wayne","WR","IND",113,NA,NA,NA,NA,NA,0,0,70,890,5,NA,NA,119
"MAURICEJONESDREW","Maurice Jones-Drew","RB","OAK",114,NA,NA,NA,NA,NA,746,5,20,142,0,NA,NA,118.8
"BRIANHARTLINE","Brian Hartline","WR","MIA",115,NA,NA,NA,NA,NA,0,0,65,853,5,NA,NA,115.3
"BLAKEBORTLES","Blake Bortles","QB","JAX",116,227,135,1508,8,7,71,1,NA,NA,NA,NA,NA,113.5
"MIKEEVANS","Mike Evans","WR","TB",117,NA,NA,NA,NA,NA,3,0,60,820,5,NA,NA,112.3
"ANQUANBOLDIN","Anquan Boldin","WR","SF",118,NA,NA,NA,NA,NA,4,0,58,814,5,NA,NA,111.8
"MARVINJONES","Marvin Jones","WR","CIN",119,NA,NA,NA,NA,NA,24,0,54,733,6,NA,NA,111.7
"BRANDINCOOKS","Brandin Cooks","WR","NO",120,NA,NA,NA,NA,NA,2,0,56,745,6,NA,NA,110.7
"DEANDREHOPKINS","DeAndre Hopkins","WR","HOU",121,NA,NA,NA,NA,NA,0,0,66,919,3,NA,NA,109.9
"RILEYCOOPER","Riley Cooper","WR","PHI",122,NA,NA,NA,NA,NA,2,0,44,727,6,NA,NA,108.9
"KELVINBENJAMIN","Kelvin Benjamin","WR","CAR",123,NA,NA,NA,NA,NA,0,0,58,765,5,NA,NA,106.5
"BERNARDPIERCE","Bernard Pierce","RB","BAL",124,NA,NA,NA,NA,NA,613,4,21,150,1,NA,NA,106.3
"TAVONAUSTIN","Tavon Austin","WR","STL",124,NA,NA,NA,NA,NA,54,0,61,709,5,NA,NA,106.3
"JUSTINHUNTER","Justin Hunter","WR","TEN",126,NA,NA,NA,NA,NA,0,0,51,759,5,NA,NA,105.9
"KENNYSTILLS","Kenny Stills","WR","NO",127,NA,NA,NA,NA,NA,6,0,46,743,5,NA,NA,104.9
"DANNYWOODHEAD","Danny Woodhead","RB","SD",128,NA,NA,NA,NA,NA,259,2,61,475,3,NA,NA,103.4
"GREGJENNINGS","Greg Jennings","WR","MIN",129,NA,NA,NA,NA,NA,0,0,62,788,4,NA,NA,102.8
"JAMESJONES","James Jones","WR","OAK",130,NA,NA,NA,NA,NA,0,0,58,784,4,NA,NA,102.4
"JORDANREED","Jordan Reed","TE","WAS",131,NA,NA,NA,NA,NA,NA,NA,68,715,5,NA,NA,101.5
"JARRETTBOYKIN","Jarrett Boykin","WR","GB",132,NA,NA,NA,NA,NA,0,0,52,755,4,NA,NA,99.5
"HAKEEMNICKS","Hakeem Nicks","WR","IND",133,NA,NA,NA,NA,NA,0,0,52,739,4,NA,NA,97.9
"MARKUSWHEATON","Markus Wheaton","WR","PIT",134,NA,NA,NA,NA,NA,7,0,51,669,5,NA,NA,97.6
"STEVESMITH","Steve Smith","WR","BAL",135,NA,NA,NA,NA,NA,0,0,55,672,5,NA,NA,97.2
"DARRENSPROLES","Darren Sproles","RB","PHI",136,NA,NA,NA,NA,NA,342,2,51,448,1,NA,NA,97
"DENNISPITTA","Dennis Pitta","TE","BAL",137,NA,NA,NA,NA,NA,NA,NA,63,606,6,NA,NA,96.6
"DOUGBALDWIN","Doug Baldwin","WR","SEA",138,NA,NA,NA,NA,NA,5,0,41,653,5,NA,NA,95.8
"KYLERUDOLPH","Kyle Rudolph","TE","MIN",139,NA,NA,NA,NA,NA,NA,NA,62,594,6,NA,NA,95.4
"DARRENMCFADDEN","Darren McFadden","RB","OAK",140,NA,NA,NA,NA,NA,531,5,15,105,0,NA,NA,93.6
"TERRANCEWEST","Terrance West","RB","CLE",141,NA,NA,NA,NA,NA,416,3,36,275,1,NA,NA,93.1
"DANNYAMENDOLA","Danny Amendola","WR","NE",142,NA,NA,NA,NA,NA,4,0,56,685,4,NA,NA,92.9
"MARTELLUSBENNETT","Martellus Bennett","TE","CHI",143,NA,NA,NA,NA,NA,NA,NA,55,602,5,NA,NA,90.2
"JORDANMATTHEWS","Jordan Matthews","WR","PHI",144,NA,NA,NA,NA,NA,0,0,46,659,4,NA,NA,89.9
"ODELLBECKHAM","Odell Beckham Jr","WR","NYG",145,NA,NA,NA,NA,NA,0,0,49,649,4,NA,NA,88.9
"CHRISIVORY","Chris Ivory","RB","NYJ",146,NA,NA,NA,NA,NA,639,3,9,68,0,NA,NA,88.7
"MILESAUSTIN","Miles Austin","WR","CLE",147,NA,NA,NA,NA,NA,0,0,54,645,4,NA,NA,88.5
"AARONDOBSON","Aaron Dobson","WR","NE",148,NA,NA,NA,NA,NA,0,0,47,643,4,NA,NA,88.3
"KNOWSHONMORENO","Knowshon Moreno","RB","MIA",149,NA,NA,NA,NA,NA,438,3,23,196,1,NA,NA,87.4
"ANDREWHAWKINS","Andrew Hawkins","WR","CLE",150,NA,NA,NA,NA,NA,10,0,44,619,4,NA,NA,86.9
"CHARLESCLAY","Charles Clay","TE","MIA",151,NA,NA,NA,NA,NA,NA,NA,53,560,5,NA,NA,86
"ZACHERTZ","Zach Ertz","TE","PHI",152,NA,NA,NA,NA,NA,NA,NA,43,557,5,NA,NA,85.7
"HARRYDOUGLAS","Harry Douglas","WR","ATL",153,NA,NA,NA,NA,NA,0,0,51,669,3,NA,NA,84.9
"DELANIEWALKER","Delanie Walker","TE","TEN",154,NA,NA,NA,NA,NA,NA,NA,60,548,5,NA,NA,84.8
"LADARIUSGREEN","Ladarius Green","TE","SD",155,NA,NA,NA,NA,NA,NA,NA,46,607,4,NA,NA,84.7
"MARQISELEE","Marqise Lee","WR","JAX",156,NA,NA,NA,NA,NA,13,0,52,633,3,NA,NA,82.6
"JEREMYHILL","Jeremy Hill","RB","CIN",157,NA,NA,NA,NA,NA,519,4,9,66,0,NA,NA,82.5
"ROBERTWOODS","Robert Woods","WR","BUF",158,NA,NA,NA,NA,NA,6,0,45,626,3,NA,NA,81.2
"KENNYBRITT","Kenny Britt","WR","STL",159,NA,NA,NA,NA,NA,0,0,43,503,5,NA,NA,80.3
"HEATHMILLER","Heath Miller","TE","PIT",160,NA,NA,NA,NA,NA,NA,NA,56,561,4,NA,NA,80.1
"NATEBURLESON","Nate Burleson","WR","CLE",161,NA,NA,NA,NA,NA,2,0,43,554,4,NA,NA,79.6
"TYLEREIFERT","Tyler Eifert","TE","CIN",162,NA,NA,NA,NA,NA,NA,NA,51,553,4,NA,NA,79.3
"BRIANHOYER","Brian Hoyer","QB","CLE",163,153,93,1034,7,5,33,0,NA,NA,NA,NA,NA,78
"STEVEJOHNSON","Steve Johnson","WR","SF",164,NA,NA,NA,NA,NA,2,0,42,534,4,NA,NA,77.6
"RODSTREATER","Rod Streater","WR","OAK",165,NA,NA,NA,NA,NA,6,0,42,584,3,NA,NA,77
"JERRICHOCOTCHERY","Jerricho Cotchery","WR","CAR",166,NA,NA,NA,NA,NA,2,0,36,467,5,NA,NA,76.9
"ANTONIOGATES","Antonio Gates","TE","SD",167,NA,NA,NA,NA,NA,NA,NA,52,585,3,NA,NA,76.5
"ERICEBRON","Eric Ebron","TE","DET",168,NA,NA,NA,NA,NA,NA,NA,49,513,4,NA,NA,75.3
"SHONNGREENE","Shonn Greene","RB","TEN",169,NA,NA,NA,NA,NA,467,4,5,39,0,NA,NA,74.6
"MIKEWILLIAMS","Mike Williams","WR","BUF",169,NA,NA,NA,NA,NA,0,0,34,506,4,NA,NA,74.6
"DWAYNEALLEN","Dwayne Allen","TE","IND",171,NA,NA,NA,NA,NA,NA,NA,46,505,4,NA,NA,74.5
"MARKINGRAM","Mark Ingram","RB","NO",172,NA,NA,NA,NA,NA,476,3,11,88,0,NA,NA,74.4
"CARLOSHYDE","Carlos Hyde","RB","SF",173,NA,NA,NA,NA,NA,429,4,9,73,0,NA,NA,74.2
"ANDREWILLIAMS","Andre Williams","RB","NYG",174,NA,NA,NA,NA,NA,464,3,12,93,0,NA,NA,73.7
"JAREDCOOK","Jared Cook","TE","STL",175,NA,NA,NA,NA,NA,NA,NA,43,546,3,NA,NA,72.6
"KHIRYROBINSON","Khiry Robinson","RB","NO",176,NA,NA,NA,NA,NA,449,3,12,92,0,NA,NA,72.1
"DEVONTAFREEMAN","Devonta Freeman","RB","ATL",177,NA,NA,NA,NA,NA,276,2,35,264,1,NA,NA,72
"MALCOMFLOYD","Malcom Floyd","WR","SD",178,NA,NA,NA,NA,NA,0,0,38,539,3,NA,NA,71.9
"DONALDBROWN","Donald Brown","RB","SD",179,NA,NA,NA,NA,NA,419,4,7,55,0,NA,NA,71.4
"CHRISTINEMICHAEL","Christine Michael","RB","SEA",180,NA,NA,NA,NA,NA,347,3,14,121,1,NA,NA,70.8
"CODYLATIMER","Cody Latimer","WR","DEN",181,NA,NA,NA,NA,NA,0,0,34,466,4,NA,NA,70.6
"DEREKCARR","Derek Carr","QB","OAK",182,121,72,857,7,4,33,0,NA,NA,NA,NA,NA,70.15
"ANDREBROWN","Andre Brown","RB","HOU",183,NA,NA,NA,NA,NA,362,3,15,97,1,NA,NA,69.9
"MATTCASSEL","Matt Cassel","QB","MIN",184,126,76,873,6,4,40,0,NA,NA,NA,NA,NA,67.65
"COBYFLEENER","Coby Fleener","TE","IND",185,NA,NA,NA,NA,NA,NA,NA,40,431,4,NA,NA,67.1
"GARRETTGRAHAM","Garrett Graham","TE","HOU",185,NA,NA,NA,NA,NA,NA,NA,49,491,3,NA,NA,67.1
"CJANDERSON","C.J. Anderson","RB","DEN",187,NA,NA,NA,NA,NA,408,3,9,73,0,NA,NA,66.1
"LANCEMOORE","Lance Moore","WR","PIT",187,NA,NA,NA,NA,NA,0,0,41,541,2,NA,NA,66.1
"JONATHANSTEWART","Jonathan Stewart","RB","CAR",189,NA,NA,NA,NA,NA,393,3,11,83,0,NA,NA,65.6
"ALLENROBINSON","Allen Robinson","WR","JAX",190,NA,NA,NA,NA,NA,0,0,39,475,3,NA,NA,65.5
"LEGARRETTEBLOUNT","LeGarrette Blount","RB","PIT",191,NA,NA,NA,NA,NA,390,3,10,74,0,NA,NA,64.4
"AHMADBRADSHAW","Ahmad Bradshaw","RB","IND",192,NA,NA,NA,NA,NA,353,3,13,110,0,NA,NA,64.3
"MARCEDESLEWIS","Marcedes Lewis","TE","JAX",193,NA,NA,NA,NA,NA,NA,NA,43,456,3,NA,NA,63.6
"KENBRELLTHOMPKINS","Kenbrell Thompkins","WR","NE",194,NA,NA,NA,NA,NA,0,0,33,453,3,NA,NA,63.3
"ROYHELU","Roy Helu","RB","WAS",195,NA,NA,NA,NA,NA,238,2,28,211,1,NA,NA,62.9
"TRAVISKELCE","Travis Kelce","TE","KC",196,NA,NA,NA,NA,NA,NA,NA,43,447,3,NA,NA,62.7
"DENARIUSMOORE","Denarius Moore","WR","OAK",197,NA,NA,NA,NA,NA,0,0,32,437,3,NA,NA,61.7
"JACQUIZZRODGERS","Jacquizz Rodgers","RB","ATL",198,NA,NA,NA,NA,NA,189,1,43,303,1,NA,NA,61.2
"KNILEDAVIS","Knile Davis","RB","KC",199,NA,NA,NA,NA,NA,314,3,15,115,0,NA,NA,60.9
"JEROMESIMPSON","Jerome Simpson","WR","MIN",200,NA,NA,NA,NA,NA,0,0,33,487,2,NA,NA,60.7
"ANDREHOLMES","Andre Holmes","WR","OAK",201,NA,NA,NA,NA,NA,2,0,34,483,2,NA,NA,60.5
"STEPFANTAYLOR","Stepfan Taylor","RB","ARI",202,NA,NA,NA,NA,NA,372,2,13,103,0,NA,NA,59.5
"NATEWASHINGTON","Nate Washington","WR","TEN",203,NA,NA,NA,NA,NA,0,0,33,468,2,NA,NA,58.8
"CHRISGIVENS","Chris Givens","WR","STL",204,NA,NA,NA,NA,NA,5,0,30,450,2,NA,NA,57.5
"DONNIEAVERY","Donnie Avery","WR","KC",205,NA,NA,NA,NA,NA,2,0,32,450,2,NA,NA,57.2
"OWENDANIELS","Owen Daniels","TE","BAL",206,NA,NA,NA,NA,NA,NA,NA,38,388,3,NA,NA,56.8
"STEPHENHILL","Stephen Hill","WR","NYJ",207,NA,NA,NA,NA,NA,0,0,32,444,2,NA,NA,56.4
"BENJARVUSGREENELLIS","BenJarvus Green-Ellis","RB","CIN",208,NA,NA,NA,NA,NA,357,3,4,25,0,NA,NA,56.2
"JERMAINEKEARSE","Jermaine Kearse","WR","SEA",209,NA,NA,NA,NA,NA,0,0,24,379,3,NA,NA,55.9
"DAVANTEADAMS","Davante Adams","WR","GB",210,NA,NA,NA,NA,NA,0,0,26,373,3,NA,NA,55.3
"JERRELJERNIGAN","Jerrel Jernigan","WR","NYG",210,NA,NA,NA,NA,NA,9,0,30,364,3,NA,NA,55.3
"CHARLESSIMS","Charles Sims","RB","TB",212,NA,NA,NA,NA,NA,234,2,18,136,1,NA,NA,55
"TIMOTHYWRIGHT","Timothy Wright","TE","TB",212,NA,NA,NA,NA,NA,NA,NA,36,370,3,NA,NA,55
"MARLONBROWN","Marlon Brown","WR","BAL",214,NA,NA,NA,NA,NA,2,0,29,360,3,NA,NA,54.2
"ANDREWQUARLESS","Andrew Quarless","TE","GB",215,NA,NA,NA,NA,NA,NA,NA,34,357,3,NA,NA,53.7
"TREMASON","Tre Mason","RB","STL",216,NA,NA,NA,NA,NA,293,3,8,59,0,NA,NA,53.2
"DARICKROGERS","DaRick Rogers","WR","IND",217,NA,NA,NA,NA,NA,2,0,27,349,3,NA,NA,53.1
"EDDIEROYAL","Eddie Royal","WR","SD",218,NA,NA,NA,NA,NA,8,0,25,339,3,NA,NA,52.7
"DEXTERMCCLUSTER","Dexter McCluster","RB","TEN",219,NA,NA,NA,NA,NA,61,0,31,342,2,NA,NA,52.3
"JACEAMARO","Jace Amaro","TE","NYJ",220,NA,NA,NA,NA,NA,NA,NA,32,339,3,NA,NA,51.9
"ANDREROBERTS","Andre Roberts","WR","WAS",221,NA,NA,NA,NA,NA,2,0,35,390,2,NA,NA,51.2
"BRANDONMYERS","Brandon Myers","TE","TB",222,NA,NA,NA,NA,NA,NA,NA,29,328,3,NA,NA,50.8
"MYCHALRIVERA","Mychal Rivera","TE","OAK",223,NA,NA,NA,NA,NA,NA,NA,33,327,3,NA,NA,50.7
"MOHAMEDSANU","Mohamed Sanu","WR","CIN",224,NA,NA,NA,NA,NA,14,0,34,370,2,NA,NA,50.4
"AUSTINSEFERIANJENKINS","Austin Seferian-Jenkins","TE","TB",225,NA,NA,NA,NA,NA,NA,NA,30,323,3,NA,NA,50.3
"TOMSAVAGE","Tom Savage","QB","HOU",226,107,64,678,3,3,56,0,NA,NA,NA,NA,NA,48.5
"BRIANQUICK","Brian Quick","WR","STL",227,NA,NA,NA,NA,NA,0,0,25,364,2,NA,NA,48.4
"JARIUSWRIGHT","Jarius Wright","WR","MIN",228,NA,NA,NA,NA,NA,0,0,24,361,2,NA,NA,48.1
"MIKETOLBERT","Mike Tolbert","RB","CAR",229,NA,NA,NA,NA,NA,175,2,18,125,1,NA,NA,48
"JERMAINEGRESHAM","Jermaine Gresham","TE","CIN",230,NA,NA,NA,NA,NA,NA,NA,30,290,3,NA,NA,47
"JAMESSTARKS","James Starks","RB","GB",231,NA,NA,NA,NA,NA,236,2,13,112,0,NA,NA,46.8
"RICHARDRODGERS","Richard Rodgers","TE","GB",231,NA,NA,NA,NA,NA,NA,NA,26,288,3,NA,NA,46.8
"ADRIENROBINSON","Adrien Robinson","TE","NYG",231,NA,NA,NA,NA,NA,NA,NA,28,288,3,NA,NA,46.8
"JOHNBROWN","John Brown","WR","ARI",234,NA,NA,NA,NA,NA,10,0,25,334,2,NA,NA,46.4
"LANCEDUNBAR","Lance Dunbar","RB","DAL",235,NA,NA,NA,NA,NA,254,2,11,89,0,NA,NA,46.3
"LEVINETOILOLO","Levine Toilolo","TE","ATL",236,NA,NA,NA,NA,NA,NA,NA,34,281,3,NA,NA,46.1
"SCOTTCHANDLER","Scott Chandler","TE","BUF",236,NA,NA,NA,NA,NA,NA,NA,30,341,2,NA,NA,46.1
"RONNIEHILLMAN","Ronnie Hillman","RB","DEN",238,NA,NA,NA,NA,NA,250,2,10,87,0,NA,NA,45.7
"JAMESWHITE","James White","RB","NE",238,NA,NA,NA,NA,NA,313,2,3,24,0,NA,NA,45.7
"JONATHANDWYER","Jonathan Dwyer","RB","ARI",238,NA,NA,NA,NA,NA,292,2,6,45,0,NA,NA,45.7
"BRANDONLAFELL","Brandon LaFell","WR","NE",241,NA,NA,NA,NA,NA,4,0,27,331,2,NA,NA,45.5
"MARTAVISBRYANT","Martavis Bryant","WR","PIT",242,NA,NA,NA,NA,NA,0,0,25,334,2,NA,NA,45.4
"TEDGINN","Ted Ginn","WR","ARI",243,NA,NA,NA,NA,NA,12,0,23,320,2,NA,NA,45.2
"STEDMANBAILEY","Stedman Bailey","WR","STL",243,NA,NA,NA,NA,NA,5,0,24,327,2,NA,NA,45.2
"JEREMYKERLEY","Jeremy Kerley","WR","NYJ",245,NA,NA,NA,NA,NA,10,0,24,316,2,NA,NA,44.6
"ROBHOUSLER","Rob Housler","TE","ARI",246,NA,NA,NA,NA,NA,NA,NA,30,324,2,NA,NA,44.4
"BRENTCELEK","Brent Celek","TE","PHI",247,NA,NA,NA,NA,NA,NA,NA,19,257,3,NA,NA,43.7
"BRANDONGIBSON","Brandon Gibson","WR","MIA",248,NA,NA,NA,NA,NA,0,0,23,310,2,NA,NA,43
"JARVISLANDRY","Jarvis Landry","WR","MIA",249,NA,NA,NA,NA,NA,2,0,23,304,2,NA,NA,42.6
"VINCENTBROWN","Vincent Brown","WR","SD",250,NA,NA,NA,NA,NA,0,0,24,305,2,NA,NA,42.5
"DAVIDNELSON","David Nelson","WR","NYJ",251,NA,NA,NA,NA,NA,0,0,22,302,2,NA,NA,42.2
"JOSEPHFAURIA","Joseph Fauria","TE","DET",252,NA,NA,NA,NA,NA,NA,NA,21,241,3,NA,NA,42.1
"KADEEMCAREY","KaDeem Carey","RB","CHI",253,NA,NA,NA,NA,NA,257,2,5,35,0,NA,NA,41.2
"COLEBEASLEY","Cole Beasley","WR","DAL",254,NA,NA,NA,NA,NA,0,0,25,290,2,NA,NA,41
"BRYCEBROWN","Bryce Brown","RB","BUF",255,NA,NA,NA,NA,NA,218,2,9,68,0,NA,NA,40.6
"ACESANDERS","Ace Sanders","WR","JAX",255,NA,NA,NA,NA,NA,8,0,35,338,1,NA,NA,40.6
"CASEKEENUM","Case Keenum","QB","HOU",257,100,58,667,2,3,21,0,NA,NA,NA,NA,NA,40.45
"ZACHMILLER","Zach Miller","TE","SEA",258,NA,NA,NA,NA,NA,NA,NA,18,220,3,NA,NA,40
"LATAVIUSMURRAY","Latavius Murray","RB","OAK",259,NA,NA,NA,NA,NA,235,2,6,44,0,NA,NA,39.9
"JACOBYJONES","Jacoby Jones","WR","BAL",260,NA,NA,NA,NA,NA,4,0,20,265,2,NA,NA,38.9
"DAVIDAUSBERRY","David Ausberry","TE","OAK",261,NA,NA,NA,NA,NA,NA,NA,24,264,2,NA,NA,38.4
"PAULRICHARDSON","Paul Richardson","WR","SEA",262,NA,NA,NA,NA,NA,0,0,18,257,2,NA,NA,37.7
"JOHNCARLSON","John Carlson","TE","ARI",263,NA,NA,NA,NA,NA,NA,NA,24,246,2,NA,NA,36.6
"BRANDONPETTIGREW","Brandon Pettigrew","TE","DET",264,NA,NA,NA,NA,NA,NA,NA,23,237,2,NA,NA,35.7
"TROYNIKLAS","Troy Niklas","TE","ARI",265,NA,NA,NA,NA,NA,NA,NA,23,234,2,NA,NA,35.4
"MARCELREECE","Marcel Reece","RB","OAK",266,NA,NA,NA,NA,NA,112,1,14,114,1,NA,NA,34.6
"BILALPOWELL","Bilal Powell","RB","NYJ",267,NA,NA,NA,NA,NA,149,1,18,135,0,NA,NA,34.4
"AJJENKINS","A.J. Jenkins","WR","KC",268,NA,NA,NA,NA,NA,4,0,20,276,1,NA,NA,34
"LUKEWILLSON","Luke Willson","TE","SEA",269,NA,NA,NA,NA,NA,NA,NA,17,218,2,NA,NA,33.8
"MIKEGLENNON","Mike Glennon","QB","TB",270,80,47,541,2,2,7,0,NA,NA,NA,NA,NA,33.75
"GAVINESCOBAR","Gavin Escobar","TE","DAL",271,NA,NA,NA,NA,NA,NA,NA,18,209,2,NA,NA,32.9
"JERICKMCKINNON","Jerick McKinnon","RB","MIN",272,NA,NA,NA,NA,NA,195,1,9,67,0,NA,NA,32.2
"RYANGRIFFIN","Ryan Griffin","TE","HOU",273,NA,NA,NA,NA,NA,NA,NA,24,252,1,NA,NA,31.2
"NICKTOON","Nick Toon","WR","NO",274,NA,NA,NA,NA,NA,0,0,18,246,1,NA,NA,30.6
"JORDANTODMAN","Jordan Todman","RB","JAX",275,NA,NA,NA,NA,NA,176,1,10,64,0,NA,NA,30
"ROBERTTURBIN","Robert Turbin","RB","SEA",276,NA,NA,NA,NA,NA,171,1,8,68,0,NA,NA,29.9
"DRIARCHER","Dri Archer","RB","PIT",277,NA,NA,NA,NA,NA,65,1,15,111,1,NA,NA,29.6
"DENNISJOHNSON","Dennis Johnson","RB","HOU",278,NA,NA,NA,NA,NA,177,1,7,48,0,NA,NA,28.5
"JOSHMORGAN","Josh Morgan","WR","CHI",278,NA,NA,NA,NA,NA,2,0,18,223,1,NA,NA,28.5
"JUNIORHEMINGWAY","Junior Hemingway","WR","KC",280,NA,NA,NA,NA,NA,0,0,18,219,1,NA,NA,27.9
"LEONARDHANKERSON","Leonard Hankerson","WR","WAS",281,NA,NA,NA,NA,NA,0,0,16,216,1,NA,NA,27.6
"CHRISPOLK","Chris Polk","RB","PHI",282,NA,NA,NA,NA,NA,163,1,6,50,0,NA,NA,27.3
"BRANDONBOLDEN","Brandon Bolden","RB","NE",283,NA,NA,NA,NA,NA,173,1,5,36,0,NA,NA,26.9
"LACHESEASTRUNK","Lache Seastrunk","RB","WAS",284,NA,NA,NA,NA,NA,163,1,6,45,0,NA,NA,26.8
"DREWDAVIS","Drew Davis","WR","ATL",285,NA,NA,NA,NA,NA,0,0,14,205,1,NA,NA,26.5
"JASONAVANT","Jason Avant","WR","CAR",286,NA,NA,NA,NA,NA,0,0,16,199,1,NA,NA,25.9
"BRENTONBERSIN","Brenton Bersin","WR","CAR",286,NA,NA,NA,NA,NA,0,0,15,199,1,NA,NA,25.9
"JEFFCUMBERLAND","Jeff Cumberland","TE","NYJ",286,NA,NA,NA,NA,NA,NA,NA,16,199,1,NA,NA,25.9
"BOBBYRAINEY","Bobby Rainey","RB","TB",289,NA,NA,NA,NA,NA,163,1,5,35,0,NA,NA,25.8
"DONTEMONCRIEF","Donte Moncrief","WR","IND",290,NA,NA,NA,NA,NA,2,0,15,194,1,NA,NA,25.6
"TRAVARISCADET","Travaris Cadet","RB","NO",291,NA,NA,NA,NA,NA,75,1,15,118,0,NA,NA,25.3
"TRAVISBENJAMIN","Travis Benjamin","WR","CLE",292,NA,NA,NA,NA,NA,2,0,13,189,1,NA,NA,25.1
"ISAIAHCROWELL","Isaiah Crowell","RB","CLE",293,NA,NA,NA,NA,NA,113,1,10,75,0,NA,NA,24.8
"CHRISTIANPONDER","Christian Ponder","QB","MIN",294,47,29,322,2,2,19,0,NA,NA,NA,NA,NA,24
"MARQUISEGOODWIN","Marquise Goodwin","WR","BUF",295,NA,NA,NA,NA,NA,10,0,12,164,1,NA,NA,23.4
"GREGLITTLE","Greg Little","WR","OAK",295,NA,NA,NA,NA,NA,0,0,14,174,1,NA,NA,23.4
"BENWATSON","Ben Watson","TE","NO",297,NA,NA,NA,NA,NA,NA,NA,15,165,1,NA,NA,22.5
"DENARDROBINSON","Denard Robinson","RB","JAX",298,NA,NA,NA,NA,NA,144,1,3,20,0,NA,NA,22.4
"ROBERTHERRON","Robert Herron","WR","TB",299,NA,NA,NA,NA,NA,1,0,12,161,1,NA,NA,22.2
"DEANTHONYTHOMAS","DeAnthony Thomas","RB","KC",300,NA,NA,NA,NA,NA,70,1,12,91,0,NA,NA,22.1
"MATTASIATA","Matt Asiata","RB","MIN",301,NA,NA,NA,NA,NA,123,1,5,35,0,NA,NA,21.8
"THEORIDDICK","Theo Riddick","RB","DET",302,NA,NA,NA,NA,NA,109,1,6,47,0,NA,NA,21.6
"LORENZOTALIAFERRO","Lorenzo Taliaferro","RB","BAL",302,NA,NA,NA,NA,NA,119,1,5,37,0,NA,NA,21.6
"DEMETRIUSHARRIS","Demetrius Harris","TE","KC",302,NA,NA,NA,NA,NA,NA,NA,15,156,1,NA,NA,21.6
"MIKEJAMES","Mike James","RB","TB",305,NA,NA,NA,NA,NA,131,1,3,24,0,NA,NA,21.5
"EDDICKSON","Ed Dickson","TE","CAR",305,NA,NA,NA,NA,NA,NA,NA,15,155,1,NA,NA,21.5
"AUSTINPETTIS","Austin Pettis","WR","STL",307,NA,NA,NA,NA,NA,0,0,13,154,1,NA,NA,21.4
"ANTHONYFASANO","Anthony Fasano","TE","KC",307,NA,NA,NA,NA,NA,NA,NA,17,154,1,NA,NA,21.4
"MARCUSLATTIMORE","Marcus Lattimore","RB","SF",309,NA,NA,NA,NA,NA,125,1,3,28,0,NA,NA,21.3
"PEYTONHILLIS","Peyton Hillis","RB","NYG",310,NA,NA,NA,NA,NA,95,1,8,57,0,NA,NA,21.2
"SANTANAMOSS","Santana Moss","WR","WAS",311,NA,NA,NA,NA,NA,0,0,13,151,1,NA,NA,21.1
"BENNYCUNNINGHAM","Benny Cunningham","RB","STL",312,NA,NA,NA,NA,NA,111,1,5,39,0,NA,NA,21
"STORMJOHNSON","Storm Johnson","RB","JAX",313,NA,NA,NA,NA,NA,115,1,5,33,0,NA,NA,20.8
"JACOBTAMME","Jacob Tamme","TE","DEN",314,NA,NA,NA,NA,NA,NA,NA,15,146,1,NA,NA,20.6
"DANIELTHOMAS","Daniel Thomas","RB","MIA",315,NA,NA,NA,NA,NA,120,1,4,24,0,NA,NA,20.4
"TIQUANUNDERWOOD","Tiquan Underwood","WR","CAR",316,NA,NA,NA,NA,NA,0,0,10,143,1,NA,NA,20.3
"ANTONESMITH","Antone Smith","RB","ATL",317,NA,NA,NA,NA,NA,92,1,7,49,0,NA,NA,20.1
"DWAYNEHARRIS","Dwayne Harris","WR","DAL",318,NA,NA,NA,NA,NA,6,0,10,132,1,NA,NA,19.8
"JOSHGORDON","Josh Gordon","WR","CLE",319,NA,NA,NA,NA,NA,2,0,8,133,1,NA,NA,19.5
"DIONLEWIS","Dion Lewis","RB","CLE",320,NA,NA,NA,NA,NA,65,1,9,68,0,NA,NA,19.3
"TAYLORTHOMPSON","Taylor Thompson","TE","TEN",321,NA,NA,NA,NA,NA,NA,NA,14,132,1,NA,NA,19.2
"JOSEPHRANDLE","Joseph Randle","RB","DAL",322,NA,NA,NA,NA,NA,101,1,4,29,0,NA,NA,19
"ALBERTWILSON","Albert Wilson","WR","KC",322,NA,NA,NA,NA,NA,0,0,10,130,1,NA,NA,19
"CHRISOWUSU","Chris Owusu","WR","TB",324,NA,NA,NA,NA,NA,0,0,11,129,1,NA,NA,18.9
"ANDRECALDWELL","Andre Caldwell","WR","DEN",325,NA,NA,NA,NA,NA,7,0,9,120,1,NA,NA,18.7
"MIKETHOMAS","Mike Thomas","WR","HOU",326,NA,NA,NA,NA,NA,0,0,10,126,1,NA,NA,18.6
"RYANBROYLES","Ryan Broyles","WR","DET",327,NA,NA,NA,NA,NA,0,0,9,125,1,NA,NA,18.5
"CLAYHARBOR","Clay Harbor","TE","JAX",327,NA,NA,NA,NA,NA,NA,NA,12,125,1,NA,NA,18.5
"ANTHONYMCCOY","Anthony McCoy","TE","SEA",327,NA,NA,NA,NA,NA,NA,NA,11,125,1,NA,NA,18.5
"ZACHSUDFELD","Zach Sudfeld","TE","NYJ",330,NA,NA,NA,NA,NA,NA,NA,12,123,1,NA,NA,18.3
"LANCEKENDRICKS","Lance Kendricks","TE","STL",331,NA,NA,NA,NA,NA,NA,NA,14,122,1,NA,NA,18.2
"DEVINSTREET","Devin Street","WR","DAL",332,NA,NA,NA,NA,NA,0,0,9,120,1,NA,NA,18
"ALDRICKROBINSON","Aldrick Robinson","WR","WAS",333,NA,NA,NA,NA,NA,0,0,8,117,1,NA,NA,17.7
"LARRYDONNELL","Larry Donnell","TE","NYG",333,NA,NA,NA,NA,NA,NA,NA,11,117,1,NA,NA,17.7
"MARQUESSWILSON","Marquess Wilson","WR","CHI",335,NA,NA,NA,NA,NA,0,0,9,114,1,NA,NA,17.4
"DEVIERPOSEY","DeVier Posey","WR","HOU",336,NA,NA,NA,NA,NA,0,0,10,113,1,NA,NA,17.3
"JOSHHUFF","Josh Huff","WR","PHI",337,NA,NA,NA,NA,NA,4,0,8,108,1,NA,NA,17.2
"THADDEUSLEWIS","Thaddeus Lewis","QB","BUF",338,37,23,258,1,1,11,0,NA,NA,NA,NA,NA,17
"JACKIEBATTLE","Jackie Battle","RB","TEN",338,NA,NA,NA,NA,NA,87,1,3,23,0,NA,NA,17
"WESTONDRESSLER","Weston Dressler","WR","KC",340,NA,NA,NA,NA,NA,0,0,8,109,1,NA,NA,16.9
"CJFIEDOROWICZ","C.J. Fiedorowicz","TE","HOU",341,NA,NA,NA,NA,NA,NA,NA,11,108,1,NA,NA,16.8
"JEFFJANIS","Jeff Janis","WR","GB",342,NA,NA,NA,NA,NA,0,0,8,107,1,NA,NA,16.7
"CHRISHOGAN","Chris Hogan","WR","BUF",343,NA,NA,NA,NA,NA,0,0,8,105,1,NA,NA,16.5
"DOMENIKHIXON","Domenik Hixon","WR","",343,NA,NA,NA,NA,NA,0,0,9,105,1,NA,NA,16.5
"KEVINNORWOOD","Kevin Norwood","WR","SEA",345,NA,NA,NA,NA,NA,0,0,7,103,1,NA,NA,16.3
"DARRIUSHEYWARDBEY","Darrius Heyward-Bey","WR","PIT",345,NA,NA,NA,NA,NA,2,0,9,101,1,NA,NA,16.3
"JUSTINFORSETT","Justin Forsett","RB","BAL",347,NA,NA,NA,NA,NA,85,1,2,17,0,NA,NA,16.2
"QUINTONPATTON","Quinton Patton","WR","SF",348,NA,NA,NA,NA,NA,4,0,7,97,1,NA,NA,16.1
"CHRISGRAGG","Chris Gragg","TE","BUF",349,NA,NA,NA,NA,NA,NA,NA,10,98,1,NA,NA,15.8
"TONYMOEAKI","Tony Moeaki","TE","BUF",350,NA,NA,NA,NA,NA,NA,NA,8,95,1,NA,NA,15.5
"RISHARDMATTHEWS","Rishard Matthews","WR","MIA",351,NA,NA,NA,NA,NA,0,0,8,94,1,NA,NA,15.4
"KRISDURHAM","Kris Durham","WR","DET",352,NA,NA,NA,NA,NA,0,0,7,93,1,NA,NA,15.3
"VANCEMCDONALD","Vance McDonald","TE","SF",352,NA,NA,NA,NA,NA,NA,NA,8,93,1,NA,NA,15.3
"LOGANPAULSEN","Logan Paulsen","TE","WAS",352,NA,NA,NA,NA,NA,NA,NA,10,93,1,NA,NA,15.3
"JACOBYFORD","Jacoby Ford","WR","NYJ",355,NA,NA,NA,NA,NA,2,0,8,90,1,NA,NA,15.2
"DIONSIMS","Dion Sims","TE","MIA",355,NA,NA,NA,NA,NA,NA,NA,11,92,1,NA,NA,15.2
"KEVINOGLETREE","Kevin Ogletree","WR","",357,NA,NA,NA,NA,NA,0,0,7,91,1,NA,NA,15.1
"KIRKCOUSINS","Kirk Cousins","QB","WAS",358,32,19,222,1,1,9,0,NA,NA,NA,NA,NA,15
"COLTLYERLA","Colt Lyerla","TE","GB",358,NA,NA,NA,NA,NA,NA,NA,8,90,1,NA,NA,15
"MICHAELFORD","Michael Ford","RB","CHI",360,NA,NA,NA,NA,NA,78,1,1,8,0,NA,NA,14.6
"ERICWEEMS","Eric Weems","WR","CHI",361,NA,NA,NA,NA,NA,0,0,6,84,1,NA,NA,14.4
"DANIELHERRON","Daniel Herron","RB","IND",362,NA,NA,NA,NA,NA,74,1,1,8,0,NA,NA,14.2
"JALENSAUNDERS","Jalen Saunders","WR","NYJ",363,NA,NA,NA,NA,NA,0,0,6,81,1,NA,NA,14.1
"JOEMORGAN","Joe Morgan","WR","NO",364,NA,NA,NA,NA,NA,0,0,6,80,1,NA,NA,14
"MARIOMANNINGHAM","Mario Manningham","WR","NYG",365,NA,NA,NA,NA,NA,0,0,6,79,1,NA,NA,13.9
"TOMMYSTREETER","Tommy Streeter","WR","TB",366,NA,NA,NA,NA,NA,0,0,6,76,1,NA,NA,13.6
"ANTHONYDIXON","Anthony Dixon","RB","BUF",367,NA,NA,NA,NA,NA,66,1,1,8,0,NA,NA,13.4
"DANIELFELLS","Daniel Fells","TE","NYG",368,NA,NA,NA,NA,NA,NA,NA,6,70,1,NA,NA,13
"DUJUANHARRIS","DuJuan Harris","RB","GB",369,NA,NA,NA,NA,NA,51,1,2,16,0,NA,NA,12.7
"SHAUNHILL","Shaun Hill","QB","STL",370,25,16,181,1,1,6,0,NA,NA,NA,NA,NA,12.65
"KELLENDAVIS","Kellen Davis","TE","NYG",371,NA,NA,NA,NA,NA,NA,NA,6,66,1,NA,NA,12.6
"VIRGILGREEN","Virgil Green","TE","DEN",371,NA,NA,NA,NA,NA,NA,NA,7,66,1,NA,NA,12.6
"CHARLIEWHITEHURST","Charlie Whitehurst","QB","TEN",373,27,17,178,1,1,4,0,NA,NA,NA,NA,NA,12.3
"DANTEROSARIO","Dante Rosario","TE","CHI",373,NA,NA,NA,NA,NA,NA,NA,6,63,1,NA,NA,12.3
"MICHAELHOOMANAWANUI","Michael Hoomanawanui","TE","NE",375,NA,NA,NA,NA,NA,NA,NA,6,62,1,NA,NA,12.2
"BRUCEGRADKOWSKI","Bruce Gradkowski","QB","PIT",376,26,15,176,1,1,2,0,NA,NA,NA,NA,NA,12
"RHETTELLISON","Rhett Ellison","TE","MIN",376,NA,NA,NA,NA,NA,NA,NA,6,60,1,NA,NA,12
"CHASEDANIEL","Chase Daniel","QB","KC",378,23,14,162,1,1,8,0,NA,NA,NA,NA,NA,11.9
"JAMESHANNA","James Hanna","TE","DAL",378,NA,NA,NA,NA,NA,NA,NA,7,59,1,NA,NA,11.9
"KYLEORTON","Kyle Orton","QB","DAL",380,23,14,171,1,1,3,0,NA,NA,NA,NA,NA,11.85
"TYRODTAYLOR","Tyrod Taylor","QB","BAL",381,24,14,160,1,1,8,0,NA,NA,NA,NA,NA,11.8
"MICHAELEGNEW","Michael Egnew","TE","MIA",382,NA,NA,NA,NA,NA,NA,NA,5,52,1,NA,NA,11.2
"DARYLRICHARDSON","Daryl Richardson","RB","NYJ",383,NA,NA,NA,NA,NA,73,0,4,35,0,NA,NA,10.8
"JASONCAMPBELL","Jason Campbell","QB","CIN",384,21,12,134,1,1,8,0,NA,NA,NA,NA,NA,10.5
"MIKEBROWN","Mike Brown","WR","JAX",385,NA,NA,NA,NA,NA,0,0,8,103,0,NA,NA,10.3
"MARKSANCHEZ","Mark Sanchez","QB","PHI",386,20,11,128,1,1,6,0,NA,NA,NA,NA,NA,10
"JOHNKUHN","John Kuhn","RB","GB",386,NA,NA,NA,NA,NA,19,0,10,81,0,NA,NA,10
"MATTFLYNN","Matt Flynn","QB","GB",388,17,10,124,1,1,5,0,NA,NA,NA,NA,NA,9.7
"ANTHONYSHERMAN","Anthony Sherman","RB","KC",389,NA,NA,NA,NA,NA,13,0,10,81,0,NA,NA,9.4
"KESHAWNMARTIN","Keshawn Martin","WR","HOU",390,NA,NA,NA,NA,NA,0,0,8,91,0,NA,NA,9.1
"RYANMALLETT","Ryan Mallett","QB","NE",391,16,10,117,1,1,2,0,NA,NA,NA,NA,NA,9.05
"ZACHMETTENBERGER","Zach Mettenberger","QB","TEN",392,16,10,109,1,1,5,0,NA,NA,NA,NA,NA,8.95
"BLAINEGABBERT","Blaine Gabbert","QB","SF",393,15,8,109,1,1,2,0,NA,NA,NA,NA,NA,8.65
"EDWINBAKER","Edwin Baker","RB","CLE",394,NA,NA,NA,NA,NA,41,0,5,43,0,NA,NA,8.4
"DEREKANDERSON","Derek Anderson","QB","CAR",395,12,7,80,1,0,1,0,NA,NA,NA,NA,NA,8.1
"DOMINIQUEDAVIS","Dominique Davis","QB","ATL",396,10,6,74,1,0,3,0,NA,NA,NA,NA,NA,8
"ALFONSOSMITH","Alfonso Smith","RB","SF",397,NA,NA,NA,NA,NA,50,0,3,25,0,NA,NA,7.5
"MARIONGRICE","Marion Grice","RB","SD",398,NA,NA,NA,NA,NA,48,0,3,25,0,NA,NA,7.3
"TANDONDOSS","Tandon Doss","WR","JAX",399,NA,NA,NA,NA,NA,0,0,5,72,0,NA,NA,7.2
"CHRISOGBONNAYA","Chris Ogbonnaya","RB","CLE",400,NA,NA,NA,NA,NA,12,0,8,59,0,NA,NA,7.1
"DARRELYOUNG","Darrel Young","RB","WAS",401,NA,NA,NA,NA,NA,28,0,5,42,0,NA,NA,7
"SHAUNDRAUGHN","Shaun Draughn","RB","CHI",402,NA,NA,NA,NA,NA,62,0,1,7,0,NA,NA,6.9
"DARIUSJOHNSON","Darius Johnson","WR","ATL",402,NA,NA,NA,NA,NA,0,0,6,69,0,NA,NA,6.9
"RYANWILLIAMS","Ryan Williams","RB","DAL",404,NA,NA,NA,NA,NA,55,0,2,13,0,NA,NA,6.8
"LOUISMURPHY","Louis Murphy","WR","TB",404,NA,NA,NA,NA,NA,0,0,5,68,0,NA,NA,6.8
"TJGRAHAM","T.J. Graham","WR","BUF",406,NA,NA,NA,NA,NA,4,0,4,62,0,NA,NA,6.6
"BRUCEMILLER","Bruce Miller","RB","SF",407,NA,NA,NA,NA,NA,13,0,6,52,0,NA,NA,6.5
"MIKELLESHOURE","Mikel Leshoure","RB","DET",408,NA,NA,NA,NA,NA,49,0,2,14,0,NA,NA,6.3
"TOMMYBOHANON","Tommy Bohanon","RB","NYJ",409,NA,NA,NA,NA,NA,25,0,5,37,0,NA,NA,6.2
"WILLJOHNSON","Will Johnson","RB","PIT",410,NA,NA,NA,NA,NA,1,0,8,59,0,NA,NA,6
"DAMIENWILLIAMS","Damien Williams","RB","MIA",411,NA,NA,NA,NA,NA,47,0,2,12,0,NA,NA,5.9
"KENJONBARNER","Kenjon Barner","RB","CAR",411,NA,NA,NA,NA,NA,45,0,2,14,0,NA,NA,5.9
"TAVARRESKING","Tavarres King","WR","CAR",413,NA,NA,NA,NA,NA,0,0,4,57,0,NA,NA,5.7
"ERICPAGE","Eric Page","WR","TB",413,NA,NA,NA,NA,NA,1,0,4,56,0,NA,NA,5.7
"CYRUSGRAY","Cyrus Gray","RB","KC",415,NA,NA,NA,NA,NA,26,0,4,29,0,NA,NA,5.5
"SHAQEVANS","Shaq Evans","WR","NYJ",415,NA,NA,NA,NA,NA,0,0,4,55,0,NA,NA,5.5
"ROBERTMEACHEM","Robert Meachem","WR","NO",417,NA,NA,NA,NA,NA,2,0,3,51,0,NA,NA,5.3
"STANLEYHAVILI","Stanley Havili","RB","IND",418,NA,NA,NA,NA,NA,15,0,5,37,0,NA,NA,5.2
"MIKEGILLISLEE","Mike Gillislee","RB","MIA",418,NA,NA,NA,NA,NA,38,0,2,14,0,NA,NA,5.2
"JOSHCOOPER","Josh Cooper","WR","CLE",418,NA,NA,NA,NA,NA,0,0,4,52,0,NA,NA,5.2
"SILASREDD","Silas Redd","RB","WAS",421,NA,NA,NA,NA,NA,35,0,2,16,0,NA,NA,5.1
"BRANDONWILLIAMS","Brandon Williams","TE","CAR",421,NA,NA,NA,NA,NA,NA,NA,4,51,0,NA,NA,5.1
"GARYBARNIDGE","Gary Barnidge","TE","CLE",423,NA,NA,NA,NA,NA,NA,NA,5,50,0,NA,NA,5
"KYLEWILLIAMS","Kyle Williams","WR","KC",424,NA,NA,NA,NA,NA,4,0,3,45,0,NA,NA,4.9
"DERRICKCOLEMAN","Derrick Coleman","RB","SEA",425,NA,NA,NA,NA,NA,6,0,5,41,0,NA,NA,4.7
"FRANKSUMMERS","Frank Summers","RB","BUF",426,NA,NA,NA,NA,NA,10,0,4,34,0,NA,NA,4.4
"MARVINMCNUTT","Marvin McNutt","WR","CAR",427,NA,NA,NA,NA,NA,0,0,3,43,0,NA,NA,4.3
"JOSHBOYCE","Josh Boyce","WR","NE",427,NA,NA,NA,NA,NA,0,0,3,43,0,NA,NA,4.3
"JEREMYROSS","Jeremy Ross","WR","DET",427,NA,NA,NA,NA,NA,0,0,3,43,0,NA,NA,4.3
"ARTHURLYNCH","Arthur Lynch","TE","MIA",430,NA,NA,NA,NA,NA,NA,NA,4,42,0,NA,NA,4.2
"DANORLOVSKY","Dan Orlovsky","QB","DET",431,10,6,78,0,0,2,0,NA,NA,NA,NA,NA,4.1
"MICHAELHILL","Michael Hill","RB","GB",431,NA,NA,NA,NA,NA,29,0,1,12,0,NA,NA,4.1
"RYANGRANT","Ryan Grant","WR","WAS",431,NA,NA,NA,NA,NA,0,0,3,41,0,NA,NA,4.1
"DAVIDPAULSON","David Paulson","TE","PIT",431,NA,NA,NA,NA,NA,NA,NA,4,41,0,NA,NA,4.1
"CEDRICPEERMAN","Cedric Peerman","RB","CIN",435,NA,NA,NA,NA,NA,34,0,1,6,0,NA,NA,4
"LAMICHAELJAMES","LaMichael James","RB","SF",435,NA,NA,NA,NA,NA,37,0,0,3,0,NA,NA,4
"JOSHBELLAMY","Josh Bellamy","WR","KC",435,NA,NA,NA,NA,NA,0,0,3,40,0,NA,NA,4
"BEARPASCOE","Bear Pascoe","TE","NYG",435,NA,NA,NA,NA,NA,NA,NA,5,40,0,NA,NA,4
"BROCKOSWEILER","Brock Osweiler","QB","DEN",439,10,6,71,0,0,4,0,NA,NA,NA,NA,NA,3.95
"LOGANTHOMAS","Logan Thomas","QB","ARI",439,10,6,71,0,0,4,0,NA,NA,NA,NA,NA,3.95
"JARONBROWN","Jaron Brown","WR","ARI",441,NA,NA,NA,NA,NA,0,0,3,39,0,NA,NA,3.9
"DREWSTANTON","Drew Stanton","QB","ARI",442,10,6,71,0,0,3,0,NA,NA,NA,NA,NA,3.85
"ISAIAHPEAD","Isaiah Pead","RB","STL",443,NA,NA,NA,NA,NA,19,0,3,19,0,NA,NA,3.8
"LEESMITH","Lee Smith","TE","BUF",443,NA,NA,NA,NA,NA,NA,NA,4,38,0,NA,NA,3.8
"KYLEJUSZCZYK","Kyle Juszczyk","RB","BAL",445,NA,NA,NA,NA,NA,8,0,4,29,0,NA,NA,3.7
"DAMARISJOHNSON","Damaris Johnson","WR","PHI",445,NA,NA,NA,NA,NA,0,0,3,37,0,NA,NA,3.7
"DANESANZENBACHER","Dane Sanzenbacher","WR","CIN",445,NA,NA,NA,NA,NA,0,0,3,37,0,NA,NA,3.7
"JIMDRAY","Jim Dray","TE","CLE",445,NA,NA,NA,NA,NA,NA,NA,4,37,0,NA,NA,3.7
"JOHNCONNER","John Conner","RB","NYG",449,NA,NA,NA,NA,NA,12,0,3,24,0,NA,NA,3.6
"DEREKMOYE","Derek Moye","WR","PIT",449,NA,NA,NA,NA,NA,0,0,3,36,0,NA,NA,3.6
"SKYEDAWSON","Skye Dawson","WR","TB",449,NA,NA,NA,NA,NA,0,0,3,36,0,NA,NA,3.6
"ALFREDBLUE","Alfred Blue","RB","HOU",452,NA,NA,NA,NA,NA,27,0,1,6,0,NA,NA,3.3
"KELLENCLEMENS","Kellen Clemens","QB","SD",453,8,5,58,0,0,3,0,NA,NA,NA,NA,NA,3.2
"BRADIEEWING","Bradie Ewing","RB","JAX",453,NA,NA,NA,NA,NA,0,0,4,32,0,NA,NA,3.2
"SEYIAJIROTUTU","Seyi Ajirotutu","WR","SD",453,NA,NA,NA,NA,NA,0,0,2,32,0,NA,NA,3.2
"DEONTETHOMPSON","Deonte Thompson","WR","BAL",453,NA,NA,NA,NA,NA,0,0,3,32,0,NA,NA,3.2
"CROCKETTGILLMORE","Crockett Gillmore","TE","BAL",453,NA,NA,NA,NA,NA,NA,NA,3,32,0,NA,NA,3.2
"MICKEYSHULER","Mickey Shuler","TE","",453,NA,NA,NA,NA,NA,NA,NA,3,32,0,NA,NA,3.2
"MICHAELPRESTON","Michael Preston","WR","TEN",459,NA,NA,NA,NA,NA,0,0,2,31,0,NA,NA,3.1
"JEFFMAEHL","Jeff Maehl","WR","PHI",459,NA,NA,NA,NA,NA,0,0,2,31,0,NA,NA,3.1
"CHRISHARPER","Chris Harper","WR","GB",459,NA,NA,NA,NA,NA,0,0,2,31,0,NA,NA,3.1
"ACLEONARD","A.C. Leonard","TE","MIN",459,NA,NA,NA,NA,NA,NA,NA,3,31,0,NA,NA,3.1
"CRAIGSTEVENS","Craig Stevens","TE","TEN",459,NA,NA,NA,NA,NA,NA,NA,3,31,0,NA,NA,3.1
"MATTHASSELBECK","Matt Hasselbeck","QB","IND",464,8,5,59,0,0,1,0,NA,NA,NA,NA,NA,3.05
"TARVARISJACKSON","Tarvaris Jackson","QB","SEA",464,8,5,57,0,0,2,0,NA,NA,NA,NA,NA,3.05
"BRANDONLLOYD","Brandon Lloyd","WR","SF",466,NA,NA,NA,NA,NA,0,0,2,30,0,NA,NA,3
"BRUCEELLINGTON","Bruce Ellington","WR","SF",466,NA,NA,NA,NA,NA,0,0,2,30,0,NA,NA,3
"JAMESCASEY","James Casey","TE","PHI",466,NA,NA,NA,NA,NA,NA,NA,3,30,0,NA,NA,3
"NILESPAUL","Niles Paul","TE","WAS",466,NA,NA,NA,NA,NA,NA,NA,2,30,0,NA,NA,3
"MATTSPAETH","Matt Spaeth","TE","PIT",466,NA,NA,NA,NA,NA,NA,NA,4,30,0,NA,NA,3
"MATTHAZEL","Matt Hazel","WR","MIA",471,NA,NA,NA,NA,NA,0,0,2,29,0,NA,NA,2.9
"JURONCRINER","Juron Criner","WR","OAK",472,NA,NA,NA,NA,NA,0,0,2,28,0,NA,NA,2.8
"NICKKASA","Nick Kasa","TE","OAK",472,NA,NA,NA,NA,NA,NA,NA,3,28,0,NA,NA,2.8
"WILLTAUFOOU","Will Taufoou","RB","JAX",474,NA,NA,NA,NA,NA,5,0,4,22,0,NA,NA,2.7
"BRITTANGOLDEN","Brittan Golden","WR","ARI",474,NA,NA,NA,NA,NA,0,0,2,27,0,NA,NA,2.7
"MIKEMCNEILL","Mike McNeill","TE","CAR",474,NA,NA,NA,NA,NA,NA,NA,3,27,0,NA,NA,2.7
"MATTMOORE","Matt Moore","QB","MIA",477,7,4,51,0,0,1,0,NA,NA,NA,NA,NA,2.65
"DAVIDJOHNSON","David Johnson","TE","SD",478,NA,NA,NA,NA,NA,NA,NA,3,26,0,NA,NA,2.6
"LUKEMCCOWN","Luke McCown","QB","NO",479,7,4,46,0,0,2,0,NA,NA,NA,NA,NA,2.5
"KEVINCONE","Kevin Cone","WR","MIA",479,NA,NA,NA,NA,NA,0,0,2,25,0,NA,NA,2.5
"TJJONES","T.J. Jones","WR","DET",479,NA,NA,NA,NA,NA,0,0,2,25,0,NA,NA,2.5
"BRANDONTATE","Brandon Tate","WR","CIN",479,NA,NA,NA,NA,NA,0,0,2,25,0,NA,NA,2.5
"HENRYHYNOSKI","Henry Hynoski","RB","NYG",483,NA,NA,NA,NA,NA,15,0,1,9,0,NA,NA,2.4
"MICHAELCOX","Michael Cox","RB","NYG",483,NA,NA,NA,NA,NA,15,0,1,9,0,NA,NA,2.4
"JONBALDWIN","Jon Baldwin","WR","DET",483,NA,NA,NA,NA,NA,0,0,2,24,0,NA,NA,2.4
"BRADSMITH","Brad Smith","WR","PHI",486,NA,NA,NA,NA,NA,6,0,1,16,0,NA,NA,2.2
"BRANDONBARDEN","Brandon Barden","TE","JAX",486,NA,NA,NA,NA,NA,NA,NA,2,22,0,NA,NA,2.2
"ZACHLINE","Zach Line","RB","MIN",488,NA,NA,NA,NA,NA,0,0,3,21,0,NA,NA,2.1
"PATRICKDIMARCO","Patrick DiMarco","RB","ATL",488,NA,NA,NA,NA,NA,1,0,3,20,0,NA,NA,2.1
"TEVINREESE","Tevin Reese","WR","SD",488,NA,NA,NA,NA,NA,0,0,2,21,0,NA,NA,2.1
"GARRETTCELEK","Garrett Celek","TE","SF",488,NA,NA,NA,NA,NA,NA,NA,2,21,0,NA,NA,2.1
"SPENCERWARE","Spencer Ware","RB","SEA",492,NA,NA,NA,NA,NA,6,0,2,14,0,NA,NA,2
"RYANNASSIB","Ryan Nassib","QB","NYG",493,5,3,36,0,0,1,0,NA,NA,NA,NA,NA,1.9
"WALTPOWELL","Walt Powell","WR","ARI",493,NA,NA,NA,NA,NA,0,0,2,19,0,NA,NA,1.9
"CHASEFORD","Chase Ford","TE","MIN",493,NA,NA,NA,NA,NA,NA,NA,2,19,0,NA,NA,1.9
"JEDCOLLINS","Jed Collins","RB","DET",496,NA,NA,NA,NA,NA,0,0,2,17,0,NA,NA,1.7
"CHRISTHOMPSON","Chris Thompson","RB","WAS",496,NA,NA,NA,NA,NA,12,0,1,5,0,NA,NA,1.7
"RICHARDQUINN","Richard Quinn","TE","NO",496,NA,NA,NA,NA,NA,NA,NA,2,17,0,NA,NA,1.7
"CORYHARKEY","Cory Harkey","TE","STL",499,NA,NA,NA,NA,NA,NA,NA,2,16,0,NA,NA,1.6
"LUKESTOCKER","Luke Stocker","TE","TB",499,NA,NA,NA,NA,NA,NA,NA,2,16,0,NA,NA,1.6
"RYANTAYLOR","Ryan Taylor","TE","GB",499,NA,NA,NA,NA,NA,NA,NA,2,16,0,NA,NA,1.6
"TERRELLEPRYOR","Terrelle Pryor","QB","SEA",502,2,1,12,0,0,9,0,NA,NA,NA,NA,NA,1.5
"JEFFDEMPS","Jeff Demps","RB","TB",502,NA,NA,NA,NA,NA,3,0,2,12,0,NA,NA,1.5
"FENDIONOBUN","Fendi Onobun","TE","CHI",502,NA,NA,NA,NA,NA,NA,NA,2,15,0,NA,NA,1.5
"CIERREWOOD","Cierre Wood","RB","BAL",505,NA,NA,NA,NA,NA,14,0,0,0,0,NA,NA,1.4
"JOHNPHILLIPS","John Phillips","TE","SD",505,NA,NA,NA,NA,NA,NA,NA,2,14,0,NA,NA,1.4
"DJWILLIAMS","D.J. Williams","TE","NE",505,NA,NA,NA,NA,NA,NA,NA,2,14,0,NA,NA,1.4
"JORDANPALMER","Jordan Palmer","QB","CHI",508,3,2,24,0,0,1,0,NA,NA,NA,NA,NA,1.3
"COLLINMOONEY","Collin Mooney","RB","TEN",508,NA,NA,NA,NA,NA,0,0,2,13,0,NA,NA,1.3
"JAMESDEVELIN","James Develin","RB","NE",508,NA,NA,NA,NA,NA,6,0,1,7,0,NA,NA,1.3
"JUSTICECUNNINGHAM","Justice Cunningham","TE","STL",508,NA,NA,NA,NA,NA,NA,NA,1,13,0,NA,NA,1.3
"ERIKLORIG","Erik Lorig","RB","NO",512,NA,NA,NA,NA,NA,0,0,2,12,0,NA,NA,1.2
"ROBBLANCHFLOWER","Rob Blanchflower","TE","PIT",512,NA,NA,NA,NA,NA,NA,NA,1,12,0,NA,NA,1.2
"ORSONCHARLES","Orson Charles","TE","CIN",512,NA,NA,NA,NA,NA,NA,NA,1,12,0,NA,NA,1.2
"BRANDONWEEDEN","Brandon Weeden","QB","DAL",515,3,2,23,0,0,0,0,NA,NA,NA,NA,NA,1.15
"JEROMEFELTON","Jerome Felton","RB","MIN",516,NA,NA,NA,NA,NA,0,0,1,11,0,NA,NA,1.1
"BRICEBUTLER","Brice Butler","WR","OAK",516,NA,NA,NA,NA,NA,0,0,1,11,0,NA,NA,1.1
"JAMESWILDER","James Wilder Jr","RB","CIN",518,NA,NA,NA,NA,NA,7,0,0,3,0,NA,NA,1
"MARQUEISGRAY","MarQueis Gray","TE","CLE",518,NA,NA,NA,NA,NA,NA,NA,1,10,0,NA,NA,1
"LEONWASHINGTON","Leon Washington","RB","TEN",520,NA,NA,NA,NA,NA,7,0,0,2,0,NA,NA,0.9
"MATTHEWMULLIGAN","Matthew Mulligan","TE","CHI",520,NA,NA,NA,NA,NA,NA,NA,1,9,0,NA,NA,0.9
"MICHAELPALMER","Michael Palmer","TE","PIT",520,NA,NA,NA,NA,NA,NA,NA,1,9,0,NA,NA,0.9
"MIKEGOODSON","Mike Goodson","RB","",523,NA,NA,NA,NA,NA,8,0,0,0,0,NA,NA,0.8
"REXBURKHEAD","Rex Burkhead","RB","CIN",523,NA,NA,NA,NA,NA,3,0,1,5,0,NA,NA,0.8
"DEVINHESTER","Devin Hester","WR","ATL",523,NA,NA,NA,NA,NA,0,0,1,8,0,NA,NA,0.8
"EVANROYSTER","Evan Royster","RB","WAS",526,NA,NA,NA,NA,NA,7,0,0,0,0,NA,NA,0.7
"MARCMARIANI","Marc Mariani","WR","TEN",526,NA,NA,NA,NA,NA,0,0,1,7,0,NA,NA,0.7
"MONTELLOWENS","Montell Owens","RB","DET",528,NA,NA,NA,NA,NA,3,0,0,3,0,NA,NA,0.6
"WESLYESAUNDERS","Weslye Saunders","TE","IND",528,NA,NA,NA,NA,NA,NA,NA,1,6,0,NA,NA,0.6
"ERIKSWOOPE","Erik Swoope","TE","IND",528,NA,NA,NA,NA,NA,NA,NA,1,6,0,NA,NA,0.6
"JEREMYSTEWART","Jeremy Stewart","RB","OAK",531,NA,NA,NA,NA,NA,3,0,0,2,0,NA,NA,0.5
"MATTHEWTUCKER","Matthew Tucker","RB","PHI",532,NA,NA,NA,NA,NA,4,0,0,0,0,NA,NA,0.4
"JOEBANYARD","Joe Banyard","RB","MIN",532,NA,NA,NA,NA,NA,1,0,0,3,0,NA,NA,0.4
"MARCUSEASLEY","Marcus Easley","WR","BUF",532,NA,NA,NA,NA,NA,0,0,0,4,0,NA,NA,0.4
"KEVINBROCK","Kevin Brock","TE","CIN",532,NA,NA,NA,NA,NA,NA,NA,0,4,0,NA,NA,0.4
"JAMIZEOLAWALE","Jamize Olawale","RB","OAK",536,NA,NA,NA,NA,NA,3,0,0,0,0,NA,NA,0.3
"LONNIEPRYOR","Lonnie Pryor","RB","TB",536,NA,NA,NA,NA,NA,1,0,0,2,0,NA,NA,0.3
"DEJIKARIM","Deji Karim","RB","",536,NA,NA,NA,NA,NA,3,0,0,0,0,NA,NA,0.3
"DAMIANWILLIAMS","Damian Williams","WR","TEN",536,NA,NA,NA,NA,NA,0,0,0,3,0,NA,NA,0.3
"JERONMASTRUD","Jeron Mastrud","TE","CHI",536,NA,NA,NA,NA,NA,NA,NA,0,3,0,NA,NA,0.3
"KIEROSMALL","Kiero Small","RB","SEA",541,NA,NA,NA,NA,NA,1,0,0,0,0,NA,NA,0.1
"JOSHFREEMAN","Josh Freeman","QB","",542,0,0,0,0,0,0,0,NA,NA,NA,NA,NA,0
"MIGUELMAYSONET","Miguel Maysonet","RB","PIT",542,NA,NA,NA,NA,NA,0,0,0,0,0,NA,NA,0
"KENDALLHUNTER","Kendall Hunter","RB","SF",542,NA,NA,NA,NA,NA,0,0,0,0,0,NA,NA,0
"TYLERGAFFNEY","Tyler Gaffney","RB","CAR",542,NA,NA,NA,NA,NA,0,0,0,0,0,NA,NA,0
"MARCUSTHIGPEN","Marcus Thigpen","RB","MIA",542,NA,NA,NA,NA,NA,0,0,0,0,0,NA,NA,0
"MICHAELSMITH","Michael Smith","RB","TB",542,NA,NA,NA,NA,NA,0,0,0,0,0,NA,NA,0
"JOEMCKNIGHT","Joe McKnight","RB","KC",542,NA,NA,NA,NA,NA,0,0,0,0,0,NA,NA,0
"JOHNATHANFRANKLIN","Johnathan Franklin","RB","",542,NA,NA,NA,NA,NA,0,0,0,0,0,NA,NA,0
"JALENPARMELE","Jalen Parmele","RB","TEN",542,NA,NA,NA,NA,NA,0,0,0,0,0,NA,NA,0
"TYLERCLUTTS","Tyler Clutts","RB","DAL",542,NA,NA,NA,NA,NA,0,0,0,0,0,NA,NA,0
"DAVIDWILSON","David Wilson","RB","NYG",542,NA,NA,NA,NA,NA,0,0,0,0,0,NA,NA,0
"ALVESTERALEXANDER","Alvester Alexander","RB","",542,NA,NA,NA,NA,NA,0,0,0,0,0,NA,NA,0
"VICKBALLARD","Vick Ballard","RB","IND",542,NA,NA,NA,NA,NA,0,0,0,0,0,NA,NA,0
"JORDANNORWOOD","Jordan Norwood","WR","DEN",542,NA,NA,NA,NA,NA,0,0,0,0,0,NA,NA,0
"LAVONBRAZILL","LaVon Brazill","WR","IND",542,NA,NA,NA,NA,NA,0,0,0,0,0,NA,NA,0
"SANTONIOHOLMES","Santonio Holmes","WR","",542,NA,NA,NA,NA,NA,0,0,0,0,0,NA,NA,0
"EARLBENNETT","Earl Bennett","WR","",542,NA,NA,NA,NA,NA,0,0,0,0,0,NA,NA,0
"JULIANTALLEY","Julian Talley","WR","NYG",542,NA,NA,NA,NA,NA,0,0,0,0,0,NA,NA,0
"CLYDEGATES","Clyde Gates","WR","NYJ",542,NA,NA,NA,NA,NA,0,0,0,0,0,NA,NA,0
"JAREDABBREDERIS","Jared Abbrederis","WR","GB",542,NA,NA,NA,NA,NA,0,0,0,0,0,NA,NA,0
"JEREMYGALLON","Jeremy Gallon","WR","NE",542,NA,NA,NA,NA,NA,0,0,0,0,0,NA,NA,0
"RICARDOLOCKETTE","Ricardo Lockette","WR","SEA",542,NA,NA,NA,NA,NA,0,0,0,0,0,NA,NA,0
"LESTARJEAN","Lestar Jean","WR","",542,NA,NA,NA,NA,NA,0,0,0,0,0,NA,NA,0
"JAMARNEWSOME","Jamar Newsome","WR","KC",542,NA,NA,NA,NA,NA,0,0,0,0,0,NA,NA,0
"JUSTINBLACKMON","Justin Blackmon","WR","JAX",542,NA,NA,NA,NA,NA,0,0,0,0,0,NA,NA,0
"SIDNEYRICE","Sidney Rice","WR","SEA",542,NA,NA,NA,NA,NA,0,0,0,0,0,NA,NA,0
"DEVONWYLIE","Devon Wylie","WR","SF",542,NA,NA,NA,NA,NA,0,0,0,0,0,NA,NA,0
"KONRADREULAND","Konrad Reuland","TE","NYJ",542,NA,NA,NA,NA,NA,NA,NA,0,0,0,NA,NA,0
"KELLENWINSLOW","Kellen Winslow Jr","TE","",542,NA,NA,NA,NA,NA,NA,NA,0,0,0,NA,NA,0
"SEANMCGRATH","Sean McGrath","TE","KC",542,NA,NA,NA,NA,NA,NA,NA,0,0,0,NA,NA,0
"BRADSMELLEY","Brad Smelley","TE","HOU",542,NA,NA,NA,NA,NA,NA,NA,0,0,0,NA,NA,0
"JOELDREESSEN","Joel Dreessen","TE","DEN",542,NA,NA,NA,NA,NA,NA,NA,0,0,0,NA,NA,0
"JAKEBALLARD","Jake Ballard","TE","ARI",542,NA,NA,NA,NA,NA,NA,NA,0,0,0,NA,NA,0
"DANNYNOBLE","Danny Noble","TE","JAX",542,NA,NA,NA,NA,NA,NA,NA,0,0,0,NA,NA,0
"NATEBYHAM","Nate Byham","TE","",542,NA,NA,NA,NA,NA,NA,NA,0,0,0,NA,NA,0
"JACKDOYLE","Jack Doyle","TE","IND",542,NA,NA,NA,NA,NA,NA,NA,0,0,0,NA,NA,0
