"name","pos","team","year","points","overallRank","positionRank","vor"
"MARSHALLFAULK","RB","STL",2000,374.9,1,1,289.1
"EDGERRINJAMES","RB","IND",2000,338.3,4,2,252.5
"EDDIEGEORGE","RB","TEN",2000,292.2,7,3,206.4
"MIKEANDERSON","RB","DEN",2000,255.6,10,4,169.8
"AHMANGREEN","RB","GNB",2000,251.4,11,5,165.6
"FREDTAYLOR","RB","JAX",2000,247.9,12,6,162.1
"ROBERTSMITH","RB","MIN",2000,246.9,13,7,161.1
"DAUNTECULPEPPER","QB","MIN",2000,346.48,2,1,158.48
"CURTISMARTIN","RB","NYJ",2000,241.92,14,8,156.12
"RICKYWATTERS","RB","SEA",2000,239.5,15,9,153.7
"CHARLIEGARNER","RB","SFO",2000,238.9,16,10,153.1
"JEFFGARCIA","QB","SFO",2000,340.52,3,2,152.52
"LAMARSMITH","RB","MIA",2000,230,19,11,144.2
"STEPHENDAVIS","RB","WAS",2000,229.1,20,12,143.3
"TIKIBARBER","RB","NYG",2000,226.5,21,13,140.7
"RANDYMOSS","WR","MIN",2000,234.2,17,1,133.8
"JAMESSTEWART","RB","DET",2000,213.1,27,14,127.3
"MARVINHARRISON","WR","IND",2000,225.3,22,2,124.9
"TERRELLOWENS","WR","SFO",2000,224.2,23,3,123.8
"RODSMITH","WR","DEN",2000,224.1,24,4,123.7
"WARRICKDUNN","RB","TAM",2000,209.5,29,15,123.7
"JAMALLEWIS","RB","BAL",2000,202,33,16,116.2
"RICHGANNON","QB","OAK",2000,304.1,5,3,116.1
"COREYDILLON","RB","CIN",2000,201.3,35,17,115.5
"RICKYWILLIAMS","RB","NOR",2000,196.26,37,18,110.46
"PEYTONMANNING","QB","IND",2000,296.12,6,4,108.12
"TONYGONZALEZ","TE","KAN",2000,174.3,51,1,106.8
"DONOVANMCNABB","QB","PHI",2000,292,8,5,104
"JEROMEBETTIS","RB","PIT",2000,189.8,39,19,104
"DERRICKALEXANDER","WR","KAN",2000,203.6,31,5,103.2
"ISAACBRUCE","WR","STL",2000,202.2,32,6,101.8
"TORRYHOLT","WR","STL",2000,200.2,36,7,99.8
"EMMITTSMITH","RB","DAL",2000,182.2,46,20,96.4
"TYRONEWHEATLEY","RB","OAK",2000,180.2,48,21,94.4
"JAMALANDERSON","RB","ATL",2000,176.6,50,22,90.8
"EDMCCAFFREY","WR","DEN",2000,185.7,44,8,85.3
"JOEHORN","WR","NOR",2000,183,45,9,82.6
"CRISCARTER","WR","MIN",2000,181.4,47,10,81
"MICHAELPITTMAN","RB","ARI",2000,165.8,54,23,80
"ELVISGRBAC","QB","KAN",2000,267.76,9,6,79.76
"TIMBROWN","WR","OAK",2000,180,49,11,79.6
"JAMESALLEN","RB","CHI",2000,159.1,56,24,73.3
"JIMMYSMITH","WR","JAX",2000,169.3,52,12,68.9
"TONYRICHARDSON","RB","KAN",2000,152.5,63,25,66.7
"AMANITOOMER","WR","NYG",2000,166.5,53,13,66.1
"ERICMOULDS","WR","BUF",2000,165,55,14,64.6
"DAVIDBOSTON","WR","ARI",2000,158.5,58,15,58.1
"MUHSINMUHAMMAD","WR","CAR",2000,155.5,60,16,55.1
"KEENANMCCARDELL","WR","JAX",2000,150.7,64,17,50.3
"KEVINFAULK","RB","NWE",2000,133.5,76,26,47.7
"ANTONIOFREEMAN","WR","GNB",2000,145.7,67,18,45.3
"MARKBRUNELL","QB","JAX",2000,233.2,18,7,45.2
"SHANNONSHARPE","TE","BAL",2000,111,99,2,43.5
"WAYNECHREBET","WR","NYJ",2000,141.4,71,19,41
"FREDDIEJONES","TE","SDG",2000,106.6,110,3,39.1
"TERRYGLENN","WR","NWE",2000,136.2,73,20,35.8
"KEYSHAWNJOHNSON","WR","TAM",2000,135.9,74,21,35.5
"TIMBIAKABUTUKA","RB","CAR",2000,120.8,86,27,35
"SHAUNKING","QB","TAM",2000,222.06,25,8,34.06
"TRAVISPRENTICE","RB","CLE",2000,118.3,89,28,32.5
"KERRYCOLLINS","QB","NYG",2000,218.9,26,9,30.9
"IKEHILLIARD","WR","NYG",2000,128.6,78,22,28.2
"FRANKWYCHECK","TE","TEN",2000,93.72,133,4,26.22
"BILLSCHROEDER","WR","GNB",2000,125,80,23,24.6
"CHADLEWIS","TE","PHI",2000,91.5,136,5,24
"KYLEBRADY","TE","JAX",2000,90.9,138,6,23.4
"BRETTFAVRE","QB","GNB",2000,211.28,28,10,23.28
"TROYBROWN","WR","NWE",2000,123,84,24,22.6
"RONDAYNE","RB","NYG",2000,108.1,106,29,22.3
"JERRYRICE","WR","SFO",2000,122.3,85,25,21.9
"DERRICKMASON","WR","TEN",2000,119.6,87,26,19.2
"STEVEBEUERLEIN","QB","CAR",2000,205.8,30,11,17.8
"RICHIEANDERSON","RB","NYJ",2000,103.6,114,30,17.8
"JEFFGRAHAM","WR","SDG",2000,114.7,93,27,14.3
"ORONDEGADSDEN","WR","MIA",2000,114.6,94,28,14.2
"DREWBLEDSOE","QB","NWE",2000,201.44,34,12,13.44
"SHAWNBRYSON","RB","BUF",2000,98.2,122,31,12.4
"TERRELLFLETCHER","RB","SDG",2000,97.9,123,32,12.1
"SAMMYMORRIS","RB","BUF",2000,96.9,126,33,11.1
"FRANKSANDERS","WR","ARI",2000,110.9,100,29,10.5
"DONALDHAYES","WR","CAR",2000,110.6,101,30,10.2
"PETERWARRICK","WR","CIN",2000,110,102,31,9.59999999999999
"CHARLESJOHNSON","WR","PHI",2000,108,107,32,7.59999999999999
"PRIESTHOLMES","RB","BAL",2000,92.9,135,34,7.10000000000001
"DARRELLJACKSON","WR","SEA",2000,107.2,108,33,6.8
"KENDILGER","TE","IND",2000,71.8,165,7,4.30000000000001
"MARCUSROBINSON","WR","CHI",2000,104.7,111,34,4.3
"JAMESMCKNIGHT","WR","DAL",2000,104.6,112,35,4.2
"CURTISCONWAY","WR","SDG",2000,104.3,113,36,3.89999999999999
"BRIANGRIESE","QB","DEN",2000,191.72,38,13,3.72
"SEANDAWKINS","WR","SEA",2000,103.1,116,37,2.7
"LARRYCENTERS","RB","WAS",2000,88.3,142,35,2.5
"STEVEMCNAIR","QB","TEN",2000,188.18,40,14,0.180000000000007
"KORDELLSTEWART","QB","PIT",2000,188,41,15,0
"MIKEALSTOTT","RB","TAM",2000,85.8,146,36,0
"DEDRICWARD","WR","NYJ",2000,100.4,120,38,0
"DWAYNECARSWELL","TE","DEN",2000,67.5,173,8,0
"MATTSTOVER","K","BAL",2000,145,69,1,0
"RYANLONGWELL","K","GNB",2000,145,69,1,0
"JAYRIEMERSMA","TE","BUF",2000,67.2,174,9,-0.299999999999997
"DARNELLAUTRY","RB","PHI",2000,84.9,149,37,-0.899999999999991
"JOHNNIEMORTON","WR","DET",2000,99.3,121,39,-1.09999999999999
"KURTWARNER","QB","STL",2000,186.86,42,16,-1.14000000000001
"VINNYTESTAVERDE","QB","NYJ",2000,186.48,43,17,-1.52000000000001
"PEERLESSPRICE","WR","BUF",2000,97.4,124,40,-3
"TERANCEMATHIS","WR","ATL",2000,97.4,124,40,-3
"ANDRERISON","WR","OAK",2000,96.6,127,42,-3.80000000000001
"HINESWARD","WR","PIT",2000,96.5,128,43,-3.90000000000001
"STEPHENALEXANDER","TE","WAS",2000,63,181,10,-4.5
"QADRYISMAIL","WR","BAL",2000,95.5,129,44,-4.90000000000001
"MARCUSPOLLARD","TE","IND",2000,61.9,183,11,-5.59999999999999
"SHAWNJEFFERSON","WR","ATL",2000,94.3,130,45,-6.10000000000001
"ALBERTCONNELL","WR","WAS",2000,94.2,131,46,-6.2
"JACKIEHARRIS","TE","DAL",2000,60.6,188,12,-6.9
"MARTINGRAMATICA","K","TAM",2000,137,72,3,-8
"BOBBYSHAW","WR","PIT",2000,91.2,137,47,-9.2
"RICKEYDUDLEY","TE","OAK",2000,58.3,192,13,-9.2
"RANDYJORDAN","RB","OAK",2000,75.2,158,38,-10.6
"JOENEDNEY","K","2TM",2000,134,75,4,-11
"FREDBEASLEY","RB","SFO",2000,74,160,39,-11.8
"WILLIEJACKSON","WR","NOR",2000,88.3,141,48,-12.1
"WESLEYWALLS","TE","CAR",2000,54.2,196,14,-13.3
"SYLVESTERMORRIS","WR","KAN",2000,87.04,144,49,-13.36
"IRVINGFRYAR","WR","WAS",2000,86.4,145,50,-14
"JRREDMOND","RB","NWE",2000,71.2,166,40,-14.6
"JAMESTHRASH","WR","WAS",2000,85.5,147,51,-14.9
"ANDREWGLOVER","TE","NOR",2000,52.1,199,15,-15.4
"DESMONDCLARK","TE","DEN",2000,51.9,200,16,-15.6
"THOMASJONES","RB","ARI",2000,70.1,169,41,-15.7
"JACQUEZGREEN","WR","TAM",2000,84.6,151,52,-15.8
"NAPOLEONKAUFMAN","RB","OAK",2000,68.6,171,42,-17.2
"JEROMEPATHON","WR","IND",2000,82.9,153,53,-17.5
"DAVIDSLOAN","TE","DET",2000,49.9,202,17,-17.6
"BRANDONBENNETT","RB","CIN",2000,67.2,174,43,-18.6
"JEREMYMCDANIEL","WR","BUF",2000,81.7,155,54,-18.7
"OLINDOMARE","K","MIA",2000,125,80,5,-20
"DAVEMOORE","TE","TAM",2000,46.8,209,18,-20.7
"ITULAMILI","TE","SEA",2000,46.8,209,18,-20.7
"DAVIDAKERS","K","PHI",2000,124,82,6,-21
"MIKEVANDERJAGT","K","IND",2000,124,82,6,-21
"GREGCLARK","TE","SFO",2000,46.2,213,20,-21.3
"REGGIEKELLY","TE","ATL",2000,46,215,21,-21.5
"ANTOWAINSMITH","RB","BUF",2000,61.4,185,44,-24.4
"ZACKCROCKETT","RB","OAK",2000,61.2,186,45,-24.6
"TERRENCEWILKINS","WR","IND",2000,75.7,157,55,-24.7
"BUBBAFRANKS","TE","GNB",2000,42.3,219,22,-25.2
"DUCESTALEY","RB","PHI",2000,60.5,190,46,-25.3
"AARONSHEA","TE","CLE",2000,42.2,220,23,-25.3
"ALDELGRECO","K","TEN",2000,119,88,8,-26
"EDDIEKENNISON","WR","CHI",2000,74.1,159,56,-26.3
"JERMAINEFAZANDE","RB","SDG",2000,59.2,191,47,-26.6
"TORRANCESMALL","WR","PHI",2000,73,164,57,-27.4
"GARYANDERSON","K","MIN",2000,117,90,9,-28
"JONKITNA","QB","SEA",2000,159.02,57,18,-28.98
"MIKEHOLLIS","K","JAX",2000,116,92,10,-29
"JJSTOKES","WR","SFO",2000,71,168,58,-29.4
"MARKBRUENER","TE","PIT",2000,37.2,231,24,-30.3
"TONYMCGEE","TE","CIN",2000,36.9,232,25,-30.6
"DORSEYLEVENS","RB","GNB",2000,55,194,48,-30.8
"JAYFIEDLER","QB","MIA",2000,156.78,59,19,-31.22
"JUSTINWATSON","RB","STL",2000,54.5,195,49,-31.3
"LESLIESHEPHERD","WR","MIA",2000,68.9,170,59,-31.5
"JOHNNYMCWILLIAMS","TE","MIN",2000,36,235,26,-31.5
"CHRISTIANFAURIA","TE","SEA",2000,35.7,236,27,-31.8
"RICKYPROEHL","WR","STL",2000,68.1,172,60,-32.3
"JEFFTHOMASON","TE","PHI",2000,34.6,239,28,-32.9
"ROBJOHNSON","QB","BUF",2000,155.1,61,20,-32.9
"DOUGBRIEN","K","NOR",2000,112,96,11,-33
"SEBASTIANJANIKOWSKI","K","OAK",2000,112,96,11,-33
"KIMBLEANDERS","RB","KAN",2000,52.7,198,50,-33.1
"BYRONCHAMBERLAIN","TE","DEN",2000,34.3,240,29,-33.2
"CHARLIEBATCH","QB","DET",2000,153.46,62,21,-34.54
"KEVINJOHNSON","WR","CLE",2000,65.82,178,61,-34.58
"ADAMVINATIERI","K","NWE",2000,109,103,13,-36
"KRISBROWN","K","PIT",2000,109,103,13,-36
"STEVECHRISTIE","K","BUF",2000,109,103,13,-36
"PETEMITCHELL","TE","NYG",2000,30.5,258,30,-37
"RICHARDHUNTLEY","RB","PIT",2000,48.6,203,51,-37.2
"TYRONEDAVIS","TE","GNB",2000,29.7,261,31,-37.8
"STANLEYPRITCHETT","RB","PHI",2000,47.8,205,52,-38
"MORTENANDERSEN","K","ATL",2000,107,109,16,-38
"GERMANECROWELL","WR","DET",2000,62.2,182,62,-38.2
"SHAUNALEXANDER","RB","SEA",2000,47.4,207,53,-38.4
"TRENTGREEN","QB","STL",2000,149.42,65,22,-38.58
"HERMANMOORE","WR","DET",2000,61.4,184,63,-39
"ROLANDWILLIAMS","TE","STL",2000,28.2,269,32,-39.3
"MARTYBOOKER","WR","CHI",2000,60.9,187,64,-39.5
"BRADHOOVER","RB","CAR",2000,46.2,213,54,-39.6
"DAVIDPATTEN","WR","CLE",2000,60.6,188,65,-39.8
"KRISMANGUM","TE","CAR",2000,27.5,270,33,-40
"ERICBJORNSON","TE","NWE",2000,27.2,273,34,-40.3
"BRIANKOZLOWSKI","TE","ATL",2000,27.1,274,35,-40.4
"ANTHONYBECHT","TE","NYJ",2000,26.4,282,36,-41.1
"JOHNDAVIS","TE","MIN",2000,26.2,283,37,-41.3
"ERRONKINNEY","TE","TEN",2000,25.7,285,38,-41.8
"JAKEPLUMMER","QB","ARI",2000,146.14,66,23,-41.86
"JASONELAM","K","DEN",2000,103,117,17,-42
"JASONHANSON","K","DET",2000,103,117,17,-42
"TIMSEDER","K","DAL",2000,103,117,17,-42
"JEFFBLAKE","QB","NOR",2000,145.3,68,24,-42.7
"FRANKMOREAU","RB","KAN",2000,41.9,222,55,-43.9
"JEREMYBRIGHAM","TE","OAK",2000,22.7,295,39,-44.8
"DANCAMPBELL","TE","NYG",2000,22.6,296,40,-44.9
"TERRELLDAVIS","RB","DEN",2000,40.6,225,56,-45.2
"TERRYHARDY","TE","ARI",2000,22,298,41,-45.5
"ROBERTHOLCOMBE","RB","STL",2000,40,226,57,-45.8
"CHRISSANDERS","WR","TEN",2000,53.6,197,66,-46.8
"KASEEMSINCENO","TE","CHI",2000,20.6,308,42,-46.9
"MIKESELLERS","TE","WAS",2000,20,311,43,-47.5
"TROYDRAYTON","TE","KAN",2000,19,316,44,-48.5
"JEDWEAVER","TE","MIA",2000,17.9,323,45,-49.6
"CHRISHETHERINGTON","RB","CAR",2000,36.1,233,58,-49.7
"MARIOBATES","RB","DET",2000,35.6,237,59,-50.2
"DAVIDLAFLEUR","TE","DAL",2000,16.9,328,46,-50.6
"JOHNALLRED","TE","CHI",2000,16.9,328,46,-50.6
"JEFFWILKINS","K","STL",2000,94,132,20,-51
"RODRUTLEDGE","TE","NWE",2000,16.3,331,48,-51.2
"ROCKETISMAIL","WR","DAL",2000,48.3,204,67,-52.1
"ERRICTRHETT","RB","CLE",2000,33.6,242,60,-52.2
"BOBCHRISTIAN","RB","ATL",2000,33.4,243,61,-52.4
"JAMESJETT","WR","OAK",2000,47.6,206,68,-52.8
"REIDELANTHONY","WR","TAM",2000,47.2,208,69,-53.2
"ANTHONYJOHNSON","RB","JAX",2000,32.5,245,62,-53.3
"OBAFEMIAYANBADEJO","RB","BAL",2000,32.5,245,62,-53.3
"FREDBAXTER","TE","NYJ",2000,14.2,339,49,-53.3
"MARKCAMPBELL","TE","CLE",2000,14,341,50,-53.5
"TRAVISTAYLOR","WR","BAL",2000,46.7,212,70,-53.7
"WALTERRASBY","TE","DET",2000,13.8,345,51,-53.7
"GREGCOMELLA","RB","NYG",2000,31.9,249,64,-53.9
"CHRISFUAMATUMAAFALA","RB","PIT",2000,31.6,251,65,-54.2
"THURMANTHOMAS","RB","MIA",2000,31.3,253,66,-54.5
"WILLIAMHENDERSON","RB","GNB",2000,31,254,67,-54.8
"DENNISNORTHCUTT","WR","CLE",2000,45.5,216,71,-54.9
"JOHNHALL","K","NYJ",2000,90,139,21,-55
"TERRYALLEN","RB","NOR",2000,30.6,257,68,-55.2
"LAVERANUESCOLES","WR","NYJ",2000,44.5,217,72,-55.9
"CECILMARTIN","RB","PHI",2000,29.6,262,69,-56.2
"CASEYCRAWFORD","TE","CAR",2000,10.7,359,52,-56.8
"JJJOHNSON","RB","MIA",2000,28.9,265,70,-56.9
"ROBERTTHOMAS","RB","DAL",2000,28.8,266,71,-57
"MARCOBATTAGLIA","TE","CIN",2000,10.5,361,53,-57
"PAULEDINGER","K","CHI",2000,88,143,22,-57
"LUTHERBROUGHTON","TE","PHI",2000,10.4,362,54,-57.1
"TONYCARTER","RB","NWE",2000,28.3,268,72,-57.5
"CADEMCNOWN","QB","CHI",2000,130.44,77,25,-57.56
"HUNTERGOODWIN","TE","MIA",2000,9.6,366,55,-57.9
"SHELDONJACKSON","TE","BUF",2000,9.6,366,55,-57.9
"LAMONTHALL","TE","NOR",2000,9.3,371,57,-58.2
"STEVEHEIDEN","TE","SDG",2000,9.2,372,58,-58.3
"BERNIEPARMALEE","RB","NYJ",2000,27.3,271,73,-58.5
"RODNEYTHOMAS","RB","TEN",2000,27,275,74,-58.8
"FREDMCCRARY","RB","SDG",2000,26.9,277,75,-58.9
"ROBERTCHANCEY","RB","SDG",2000,26.7,279,76,-59.1
"WILLIAMFLOYD","RB","CAR",2000,26.7,280,77,-59.1
"BENCOATES","TE","BAL",2000,8.4,378,59,-59.1
"YANCEYTHIGPEN","WR","TEN",2000,40.9,223,73,-59.5
"CHRISGEDNEY","TE","ARI",2000,7.5,386,60,-60
"JOHNCARNEY","K","SDG",2000,85,148,23,-60
"MARCEDWARDS","RB","CLE",2000,25.7,286,78,-60.1
"BOBBYCOLLINS","TE","BUF",2000,7.2,389,61,-60.3
"CORYGEASON","TE","PIT",2000,6.6,395,62,-60.9
"KARONCOLEMAN","RB","DEN",2000,24.8,288,79,-61
"TONYMARTIN","WR","MIA",2000,39.3,228,74,-61.1
"ANDREWJORDAN","TE","MIN",2000,6.3,400,63,-61.2
"ERNIECONWELL","TE","STL",2000,6.3,400,63,-61.2
"DONALDDRIVER","WR","GNB",2000,38.6,229,75,-61.8
"BRADJOHNSON","QB","WAS",2000,126,79,26,-62
"BRADDALUISO","K","NYG",2000,83,152,24,-62
"JEFFROBINSON","TE","STL",2000,5.2,409,65,-62.3
"WADERICHEY","K","SFO",2000,82,154,25,-63
"HOWARDGRIFFITH","RB","DEN",2000,22.5,297,80,-63.3
"ALONZOMAYES","TE","CHI",2000,4,418,66,-63.5
"PATRICKHAPE","TE","TAM",2000,3.9,421,67,-63.6
"STEVEBUSH","TE","CIN",2000,3.9,421,67,-63.6
"MICHAELWILEY","RB","DAL",2000,22,298,81,-63.8
"RIANLINDELL","K","SEA",2000,81,156,26,-64
"JERALDMOORE","RB","NOR",2000,21.6,302,82,-64.2
"ALFREDPUPUNU","TE","DET",2000,3.2,429,69,-64.3
"ISAACBYRD","WR","CAR",2000,36.1,233,76,-64.3
"AUTRYDENSON","RB","MIA",2000,21.3,304,83,-64.5
"HOWARDCROSS","TE","NYG",2000,3,430,70,-64.5
"CURTISENIS","RB","CHI",2000,21.2,305,84,-64.6
"MACKSTRONG","RB","SEA",2000,21,306,85,-64.8
"JASONDUNN","TE","KAN",2000,2.6,435,71,-64.9
"KEITHPOOLE","WR","NOR",2000,35.3,238,77,-65.1
"STACEYMACK","RB","JAX",2000,20.5,310,86,-65.3
"RYANWETNIGHT","TE","GNB",2000,2,442,72,-65.5
"MATTCUSHING","TE","PIT",2000,1.7,443,73,-65.8
"TERRELLESMITH","RB","NOR",2000,19.6,313,87,-66.2
"DAMONJONES","TE","JAX",2000,1.2,450,74,-66.3
"MICHAELROAN","TE","TEN",2000,1.2,450,74,-66.3
"JUSTINSWIFT","TE","SFO",2000,0.8,458,76,-66.7
"REGGIEDAVIS","TE","SDG",2000,0.8,458,76,-66.7
"ZERONFLEMISTER","TE","WAS",2000,0.8,458,76,-66.7
"BILLYMILLER","TE","DEN",2000,0.7,467,79,-66.8
"BRIANKINCHEN","TE","CAR",2000,0.7,467,79,-66.8
"DUSTINLYMAN","TE","CHI",2000,0.4,474,81,-67.1
"JAYTANT","TE","ARI",2000,0.4,474,81,-67.1
"JOEJUREVICIUS","WR","NYG",2000,33.2,244,78,-67.2
"TODDYODER","TE","TAM",2000,0.1,479,83,-67.4
"AUSTINWHEATLEY","TE","NOR",2000,0,480,84,-67.5
"BLAKESPENCE","TE","TAM",2000,0,480,84,-67.5
"BRADFORDBANTA","TE","NYJ",2000,0,480,84,-67.5
"BRADSTLOUIS","TE","CIN",2000,0,480,84,-67.5
"BRIANJENNINGS","TE","SFO",2000,0,480,84,-67.5
"BRODYLIDDIARD","TE","MIA",2000,0,480,84,-67.5
"CHRISEITZMANN","TE","NWE",2000,0,480,84,-67.5
"DALLASNEIL","TE","ATL",2000,0,480,84,-67.5
"DAVESTACHELSKI","TE","NOR",2000,0,480,84,-67.5
"DEREKRACKLEY","TE","ATL",2000,0,480,84,-67.5
"EDPERRY","TE","MIA",2000,0,480,84,-67.5
"FRANKWAINRIGHT","TE","BAL",2000,0,480,84,-67.5
"GREGDELONG","TE","JAX",2000,0,480,84,-67.5
"JAMESHILL","TE","SEA",2000,0,480,84,-67.5
"JAMESJENKINS","TE","WAS",2000,0,480,84,-67.5
"JAMESWHALEN","TE","DAL",2000,0,480,84,-67.5
"JERAMETUMAN","TE","PIT",2000,0,480,84,-67.5
"JOEZELENKA","TE","WAS",2000,0,480,84,-67.5
"JOHNJONES","TE","BAL",2000,0,480,84,-67.5
"JOSHKEUR","TE","IND",2000,0,480,84,-67.5
"JUSTINSNOW","TE","IND",2000,0,480,84,-67.5
"MATTCERCONE","TE","MIN",2000,0,480,84,-67.5
"MIKEBARTRUM","TE","PHI",2000,0,480,84,-67.5
"MIKELEACH","TE","TEN",2000,0,480,84,-67.5
"MONDRIELFULCHER","TE","OAK",2000,0,480,84,-67.5
"OJSANTIAGO","TE","DAL",2000,0,480,84,-67.5
"RICHGRIFFITH","TE","JAX",2000,0,480,84,-67.5
"RYANNEUFELD","TE","JAX",2000,0,480,84,-67.5
"TREYJUNKIN","TE","ARI",2000,0,480,84,-67.5
"SKIPHICKS","RB","WAS",2000,18.1,320,88,-67.7
"JONATHANLINTON","RB","BUF",2000,18,322,89,-67.8
"DERRICKMAYES","WR","SEA",2000,32.4,248,79,-68
"TERRYJACKSON","RB","SFO",2000,17.4,326,90,-68.4
"JONRITCHIE","RB","OAK",2000,17.3,327,91,-68.5
"ALVISWHITTED","WR","JAX",2000,31.7,250,80,-68.7
"CRAIGYEAST","WR","CIN",2000,31.6,251,81,-68.8
"BRANDONSTOKLEY","WR","BAL",2000,31,254,82,-69.4
"MATTHEWHATCHETTE","WR","MIN",2000,31,256,83,-69.4
"COURTNEYHAWKINS","WR","PIT",2000,29.8,259,84,-70.6
"PATRICKJOHNSON","WR","BAL",2000,29.7,260,85,-70.7
"LORENZONEAL","RB","TEN",2000,14.9,336,92,-70.9
"TONYSIMMONS","WR","NWE",2000,29.1,263,86,-71.3
"ADRIANMURRELL","RB","WAS",2000,14.3,338,93,-71.5
"JIMKLEINSASSER","RB","MIN",2000,14.1,340,94,-71.7
"TAISTREETS","WR","SFO",2000,28.7,267,87,-71.7
"SEDRICKIRVIN","RB","DET",2000,13.9,344,95,-71.9
"DOUGFLUTIE","QB","BUF",2000,116.1,91,27,-71.9
"CHRISHOWARD","RB","JAX",2000,13.8,345,96,-72
"NICKLUCHEY","RB","CIN",2000,13.8,345,96,-72
"DEMONDPARKER","RB","GNB",2000,13.5,348,98,-72.3
"PAULSMITH","RB","SFO",2000,12.7,352,99,-73.1
"PLAXICOBURRESS","WR","PIT",2000,27.3,271,88,-73.1
"ROBKONRAD","RB","MIA",2000,12.2,353,100,-73.6
"DANNYFARMER","WR","CIN",2000,26.8,278,89,-73.6
"LARRYFOSTER","WR","DET",2000,26.6,281,90,-73.8
"EGGREEN","WR","IND",2000,26.1,284,91,-74.3
"AARONBROOKS","QB","NOR",2000,113.56,95,28,-74.44
"REGGIEJONES","WR","SDG",2000,25.3,287,92,-75.1
"DONNELLBENNETT","RB","KAN",2000,10.1,364,101,-75.7
"MOEWILLIAMS","RB","MIN",2000,9.8,365,102,-76
"CARLPICKENS","WR","TEN",2000,24.2,289,93,-76.2
"RJAYSOWARD","WR","JAX",2000,24.2,290,94,-76.2
"TREVORGAYLOR","WR","SDG",2000,24.2,290,94,-76.2
"BRIANMILNE","RB","NOR",2000,9.4,369,103,-76.4
"SAMGASH","RB","BAL",2000,9.2,372,104,-76.6
"OLANDISGARY","RB","DEN",2000,9,375,105,-76.8
"CHRISCHANDLER","QB","ATL",2000,111.04,98,29,-76.96
"MARLONBARNES","RB","CHI",2000,8.8,377,106,-77
"JERALDSOWELL","RB","NYJ",2000,8.4,378,107,-77.4
"RABIHABDULLAH","RB","TAM",2000,8.4,378,107,-77.4
"JASONTUCKER","WR","DAL",2000,22.8,294,96,-77.6
"TODDPETERSON","K","KAN",2000,67,176,27,-78
"CORYSCHLESINGER","RB","DET",2000,7.6,384,109,-78.2
"PATRICKPASS","RB","NWE",2000,7.5,385,110,-78.3
"JIMFINN","RB","IND",2000,7.4,387,111,-78.4
"MAURICESMITH","RB","ATL",2000,7.4,387,111,-78.4
"TROYEDWARDS","WR","PIT",2000,21.9,301,97,-78.5
"TERRYKIRBY","RB","OAK",2000,7,391,113,-78.8
"MACEYBROOKS","WR","CHI",2000,21.6,302,98,-78.8
"DANKREIDER","RB","PIT",2000,6.6,395,114,-79.2
"JOEMONTGOMERY","RB","NYG",2000,6.4,398,115,-79.4
"DETRONSMITH","RB","DEN",2000,6.1,404,116,-79.7
"JAKEREED","WR","NOR",2000,20.6,308,99,-79.8
"DAIMONSHELTON","RB","JAX",2000,5.1,410,117,-80.7
"BROCKOLIVO","RB","DET",2000,5,413,118,-80.8
"CLIFGROCE","RB","CIN",2000,4.9,415,119,-80.9
"CARYBLANCHARD","K","ARI",2000,64,180,28,-81
"CHRISWALSH","WR","MIN",2000,19.1,315,100,-81.3
"BERTEMANUEL","WR","MIA",2000,19,316,101,-81.4
"KENNYBYNUM","RB","SDG",2000,3.9,421,120,-81.9
"RONDUGANS","WR","CIN",2000,18.5,319,102,-81.9
"JONWITMAN","RB","PIT",2000,3.8,424,121,-82
"FREDMCAFEE","RB","NOR",2000,3.7,426,122,-82.1
"TODDPINKSTON","WR","PHI",2000,18.1,320,103,-82.3
"SCOTTDRAGOS","RB","CHI",2000,2.8,431,123,-83
"TROYHAMBRICK","RB","DAL",2000,2.8,431,123,-83
"RONRIVERS","RB","ATL",2000,2.7,433,125,-83.1
"JOELMAKOVICKA","RB","ARI",2000,2.6,435,126,-83.2
"CURTISKEATON","RB","CIN",2000,2.4,438,127,-83.4
"HAROLDSHAW","RB","NWE",2000,2.3,439,128,-83.5
"AMPLEE","RB","PHI",2000,2.2,441,129,-83.6
"KEVINDYSON","WR","TEN",2000,16.4,330,104,-84
"ANDREREED","WR","WAS",2000,16.3,331,105,-84.1
"REGGIEBROWN","RB","SEA",2000,1.5,444,130,-84.3
"AMOSZEREOUE","RB","PIT",2000,1.4,445,131,-84.4
"DEONDYER","RB","MIA",2000,1.4,445,131,-84.4
"DENNISMCKINLEY","RB","ARI",2000,1.3,448,133,-84.5
"LENNOXGORDON","RB","IND",2000,1.3,448,133,-84.5
"GUSFREROTTE","QB","DEN",2000,103.44,115,30,-84.56
"JAJUANDAWSON","WR","CLE",2000,15.7,333,106,-84.7
"TRUNGCANIDATE","RB","STL",2000,1,454,135,-84.8
"BASILMITCHELL","RB","GNB",2000,0.8,458,136,-85
"JAMESHODGINS","RB","STL",2000,0.8,458,136,-85
"JERMAINEWILLIAMS","RB","JAX",2000,0.8,458,136,-85
"ROBERTWILSON","WR","NOR",2000,15.4,334,107,-85
"CLARENCEWILLIAMS","RB","ARI",2000,0.5,472,139,-85.3
"HAROLDMORROW","RB","MIN",2000,0.2,478,140,-85.6
"DEZWHITE","WR","CHI",2000,14.7,337,108,-85.7
"BRYANJOHNSON","RB","WAS",2000,0,480,141,-85.8
"CHARLESEVANS","RB","BAL",2000,0,480,141,-85.8
"CHARLESKIRBY","RB","TAM",2000,0,480,141,-85.8
"CRAIGWALENDY","RB","NYG",2000,0,480,141,-85.8
"DAMONWASHINGTON","RB","NYG",2000,0,480,141,-85.8
"GARYDOWNS","RB","ATL",2000,0,480,141,-85.8
"JAKEMORELAND","RB","NYJ",2000,0,480,141,-85.8
"JEFFPAULK","RB","NWE",2000,0,480,141,-85.8
"KEVINMCDOUGAL","RB","IND",2000,0,480,141,-85.8
"LEONJOHNSON","RB","NYJ",2000,0,480,141,-85.8
"MATTSNIDER","RB","GNB",2000,0,480,141,-85.8
"MIKEGREEN","RB","TEN",2000,0,480,141,-85.8
"NATRONEMEANS","RB","CAR",2000,0,480,141,-85.8
"PAULSHIELDS","RB","IND",2000,0,480,141,-85.8
"TRAVISJERVEY","RB","SFO",2000,0,480,141,-85.8
"TYHALLOCK","RB","CHI",2000,0,480,141,-85.8
"WINSLOWOLIVER","RB","ATL",2000,0,480,141,-85.8
"HERBERTGOODMAN","RB","GNB",2000,-0.2,554,158,-86
"KARIMABDULJABBAR","RB","IND",2000,-0.2,554,158,-86
"NABROWN","WR","PHI",2000,14,341,109,-86.4
"OJMCDUFFIE","WR","MIA",2000,14,341,109,-86.4
"CHARLESLEE","WR","GNB",2000,13.4,349,111,-87
"PHILDAWSON","K","CLE",2000,58,193,29,-87
"DARRINCHIAVERINI","WR","CLE",2000,12.8,350,112,-87.6
"WINDRELLHAYES","WR","NYJ",2000,12.8,350,112,-87.6
"JOEYGALLOWAY","WR","DAL",2000,12.2,354,114,-88.2
"KARSTENBAILEY","WR","SEA",2000,12.2,354,114,-88.2
"TRAVISMCGRIFF","WR","DEN",2000,11.1,356,116,-89.3
"BOBBYENGRAM","WR","CHI",2000,11,357,117,-89.4
"MICHAELWESTBROOK","WR","WAS",2000,10.3,363,118,-90.1
"CHRISCALLOWAY","WR","NWE",2000,9.5,368,119,-90.9
"JAMESWILLIAMS","WR","SEA",2000,9.4,369,120,-91
"TYWANMITCHELL","WR","ARI",2000,8,381,121,-92.4
"KWAMECAVIL","WR","BUF",2000,6.6,395,122,-93.8
"BILLYDAVIS","WR","BAL",2000,6.2,402,123,-94.2
"BRIANFINNERAN","WR","ATL",2000,6,405,124,-94.4
"DAMONHODGE","WR","DAL",2000,6,405,124,-94.4
"VINCENTBRISBY","WR","NYJ",2000,6,405,124,-94.4
"TRENTDILFER","QB","BAL",2000,93.48,134,31,-94.52
"NEILRACKERS","K","CIN",2000,50,201,30,-95
"BRIANSTABLEIN","WR","DET",2000,5.3,408,127,-95.1
"ROBERTBROOKS","WR","DEN",2000,5.1,410,128,-95.3
"CURTISJACKSON","WR","NWE",2000,4.4,417,129,-96
"DWAYNEBATES","WR","CHI",2000,4,418,130,-96.4
"THABITIDAVIS","WR","NYG",2000,4,418,130,-96.4
"KARLHANKTON","WR","CAR",2000,3.8,424,132,-96.6
"LARRYPARKER","WR","KAN",2000,3.4,427,133,-97
"DAMONGRIFFIN","WR","CIN",2000,2.5,437,134,-97.9
"WILLBLACKWELL","WR","PIT",2000,2.3,439,135,-98.1
"BOBBYBROWN","WR","CLE",2000,1.4,445,136,-99
"CHRISBRAZZELL","WR","DAL",2000,1.2,450,137,-99.2
"SHOCKMAINDAVIS","WR","NWE",2000,1.2,450,137,-99.2
"RYANLEAF","QB","SDG",2000,88.72,140,32,-99.28
"JAMMIGERMAN","WR","ATL",2000,1,454,139,-99.4
"SCOTTIEMONTGOMERY","WR","DEN",2000,1,454,139,-99.4
"DAMEANEDOUGLAS","WR","PHI",2000,0.9,457,141,-99.5
"ALEXVANDYKE","WR","PHI",2000,0.8,458,142,-99.6
"JERRYPORTER","WR","OAK",2000,0.6,470,143,-99.8
"LENZIEJACKSON","WR","CLE",2000,0.5,472,144,-99.9
"ANDREHASTINGS","WR","TAM",2000,0,480,145,-100.4
"AVIONBLACK","WR","BUF",2000,0,480,145,-100.4
"BASHIRYAMINI","WR","TEN",2000,0,480,145,-100.4
"BRYANGILMORE","WR","ARI",2000,0,480,145,-100.4
"CHADPLUMMER","WR","IND",2000,0,480,145,-100.4
"CHRISCOLE","WR","DEN",2000,0,480,145,-100.4
"CHRISCOLEMAN","WR","TEN",2000,0,480,145,-100.4
"CHRISJACKSON","WR","TEN",2000,0,480,145,-100.4
"CHRISTHOMAS","WR","STL",2000,0,480,145,-100.4
"COREYBRADFORD","WR","GNB",2000,0,480,145,-100.4
"DANTEHALL","WR","KAN",2000,0,480,145,-100.4
"DARRIUSBLEVINS","WR","STL",2000,0,480,145,-100.4
"DERRIUSTHOMPSON","WR","WAS",2000,0,480,145,-100.4
"DIALLEOBURKS","WR","CAR",2000,0,480,145,-100.4
"EMANUELSMITH","WR","JAX",2000,0,480,145,-100.4
"EUGENEBAKER","WR","ATL",2000,0,480,145,-100.4
"FABIENBOWNES","WR","SEA",2000,0,480,145,-100.4
"FRANKMURPHY","WR","TAM",2000,0,480,145,-100.4
"ISAACJONES","WR","IND",2000,0,480,145,-100.4
"KENNYSHEDD","WR","WAS",2000,0,480,145,-100.4
"LAVELLBOYD","WR","CIN",2000,0,480,145,-100.4
"MARENOPHILYAW","WR","ATL",2000,0,480,145,-100.4
"SIRRPARKER","WR","CIN",2000,0,480,145,-100.4
"DAVIDPALMER","WR","MIN",2000,-0.2,554,168,-100.6
"KRISHEPPNER","K","2TM",2000,44,218,31,-101
"TONYBANKS","QB","BAL",2000,84.82,150,33,-103.18
"PETESTOYANOVICH","K","2TM",2000,40,226,32,-105
"JEFFGEORGE","QB","WAS",2000,73.96,161,34,-114.04
"TIMCOUCH","QB","CLE",2000,73.82,162,35,-114.18
"AKILISMITH","QB","CIN",2000,73.32,163,36,-114.68
"EDDIEMURRAY","K","WAS",2000,29,264,33,-116
"JIMHARBAUGH","QB","SDG",2000,71.04,167,37,-116.96
"BRETTCONWAY","K","3TM",2000,27,275,34,-118
"TROYAIKMAN","QB","DAL",2000,66.58,177,38,-121.42
"JEFFHALL","K","STL",2000,23,292,35,-122
"RICHIECUNNINGHAM","K","CAR",2000,22,298,36,-123
"RANDALLCUNNINGHAM","QB","DAL",2000,64.86,179,39,-123.14
"STEVELINDSEY","K","2TM",2000,20,311,37,-125
"MICHAELHUSTED","K","WAS",2000,15,335,38,-130
"JARETHOLMES","K","NYG",2000,9,375,39,-136
"SHANELECHLER","K","OAK",2000,7,392,40,-138
"SCOTTBENTLEY","K","2TM",2000,5,413,41,-140
"SCOTTMITCHELL","QB","CIN",2000,46.74,211,40,-141.26
"SHANEMATTHEWS","QB","CHI",2000,42.06,221,41,-145.94
"DOUGPEDERSON","QB","CLE",2000,40.68,224,42,-147.32
"KENTGRAHAM","QB","PIT",2000,37.82,230,43,-150.18
"STONEYCASE","QB","DET",2000,33.82,241,44,-154.18
"BROCKHUARD","QB","SEA",2000,32.5,245,45,-155.5
"NEILODONNELL","QB","TEN",2000,23,292,46,-165
"DAVEBROWN","QB","ARI",2000,20.68,307,47,-167.32
"DOUGJOHNSON","QB","ATL",2000,19.34,314,48,-168.66
"DANNYKANELL","QB","ATL",2000,18.96,318,49,-169.04
"JIMMILLER","QB","CHI",2000,17.78,324,50,-170.22
"JAMIEMARTIN","QB","JAX",2000,17.68,325,51,-170.32
"DAMONHUARD","QB","MIA",2000,10.72,358,52,-177.28
"WARRENMOON","QB","KAN",2000,10.52,360,53,-177.48
"RICKMIRER","QB","SFO",2000,9.04,374,54,-178.96
"MATTHASSELBECK","QB","GNB",2000,7.66,382,55,-180.34
"MOSESMORENO","QB","SDG",2000,7.64,383,56,-180.36
"ANTHONYWRIGHT","QB","DAL",2000,7.08,390,57,-180.92
"CHRISGREISEN","QB","ARI",2000,6.7,393,58,-181.3
"CHADPENNINGTON","QB","NYJ",2000,6.68,394,59,-181.32
"JEFFLEWIS","QB","CAR",2000,6.4,398,60,-181.6
"SPERGONWYNN","QB","CLE",2000,6.18,403,61,-181.82
"MICHAELBISHOP","QB","NWE",2000,5.1,410,62,-182.9
"RAYLUCAS","QB","NYJ",2000,4.44,416,63,-183.56
"BUBBYBRISTER","QB","MIN",2000,3.28,428,64,-184.72
"ALEXVANPELT","QB","BUF",2000,2.68,434,65,-185.32
"DAMEYUNECRAIG","QB","CAR",2000,0.8,458,66,-187.2
"CHRISREDMAN","QB","BAL",2000,0.76,466,67,-187.24
"JOHNFRIESZ","QB","NWE",2000,0.64,469,68,-187.36
"ERICZEIER","QB","TAM",2000,0.56,471,69,-187.44
"KEVINTHOMPSON","QB","CLE",2000,0.32,476,70,-187.68
"TOMBRADY","QB","NWE",2000,0.24,477,71,-187.76
"MARKHARTSELL","QB","CHI",2000,0,480,72,-188
"MATTLYTLE","QB","SEA",2000,0,480,72,-188
"TRAVISBROWN","QB","SEA",2000,0,480,72,-188
"JARIOUSJACKSON","QB","DEN",2000,-0.1,552,75,-188.1
"TODDHUSAK","QB","WAS",2000,-0.18,553,76,-188.18
"DANNYWUERFFEL","QB","GNB",2000,-0.2,554,77,-188.2
"JOEHAMILTON","QB","TAM",2000,-0.2,554,77,-188.2
"JONATHANQUINN","QB","JAX",2000,-0.2,554,77,-188.2
"TIMRATTAY","QB","SFO",2000,-0.26,560,80,-188.26
"BOBBYHOYING","QB","OAK",2000,-0.3,561,81,-188.3
"JASONGARRETT","QB","NYG",2000,-0.4,562,82,-188.4
"KOYDETMER","QB","PHI",2000,-1.2,563,83,-189.2
