"tableColumnID","dataColID","siteTableID","columnPeriod","columnOrder","removeColumn"
1,49,1,"season",1,0
2,37,1,"season",2,0
3,38,1,"season",3,0
4,46,1,"season",4,0
5,42,1,"season",5,0
6,40,1,"season",6,0
7,39,1,"season",7,1
8,45,1,"season",8,1
9,60,1,"season",9,0
10,63,1,"season",10,0
11,61,1,"season",11,1
12,62,1,"season",12,0
13,29,1,"season",13,0
14,27,1,"season",14,1
15,49,1,"week",1,0
16,37,1,"week",2,0
17,38,1,"week",3,0
18,46,1,"week",4,0
19,42,1,"week",5,0
20,40,1,"week",6,0
21,39,1,"week",7,1
22,45,1,"week",8,1
23,60,1,"week",9,0
24,63,1,"week",10,0
25,61,1,"week",11,1
26,62,1,"week",12,0
27,29,1,"week",13,0
28,27,1,"week",14,1
29,49,2,"season",1,0
30,60,2,"season",2,0
31,63,2,"season",3,0
32,61,2,"season",4,1
33,62,2,"season",5,0
34,41,2,"season",6,0
35,59,2,"season",7,0
36,56,2,"season",8,1
37,57,2,"season",9,0
38,29,2,"season",10,0
39,27,2,"season",11,1
40,49,2,"week",1,0
41,60,2,"week",2,0
42,63,2,"week",3,0
43,61,2,"week",4,1
44,62,2,"week",5,0
45,41,2,"week",6,0
46,59,2,"week",7,0
47,56,2,"week",8,1
48,57,2,"week",9,0
49,29,2,"week",10,0
50,27,2,"week",11,1
51,49,3,"season",1,0
52,41,3,"season",2,0
53,59,3,"season",3,0
54,56,3,"season",4,1
55,57,3,"season",5,0
56,29,3,"season",6,0
57,27,3,"season",7,1
58,49,3,"week",1,0
59,41,3,"week",2,0
60,59,3,"week",3,0
61,56,3,"week",4,1
62,57,3,"week",5,0
63,29,3,"week",6,0
64,27,3,"week",7,1
65,49,4,"season",1,0
66,41,4,"season",2,0
67,59,4,"season",3,0
68,56,4,"season",4,1
69,57,4,"season",5,0
70,29,4,"season",6,0
71,27,4,"season",7,1
72,49,4,"week",1,0
73,41,4,"week",2,0
74,59,4,"week",3,0
75,56,4,"week",4,1
76,57,4,"week",5,0
77,29,4,"week",6,0
78,27,4,"week",7,1
79,49,5,"season",1,0
80,23,5,"season",2,0
81,22,5,"season",3,0
82,99,5,"season",4,0
83,27,5,"season",5,1
84,49,5,"week",1,0
85,23,5,"week",2,0
86,22,5,"week",3,0
87,99,5,"week",4,0
88,27,5,"week",5,1
89,49,6,"season",1,0
90,10,6,"season",2,0
91,30,6,"season",3,0
92,28,6,"season",4,1
93,13,6,"season",5,0
94,15,6,"season",6,0
95,14,6,"season",7,0
96,52,6,"season",8,0
97,101,6,"season",9,1
98,27,6,"season",10,1
99,49,6,"week",1,0
100,10,6,"week",2,0
101,30,6,"week",3,0
102,28,6,"week",4,1
103,13,6,"week",5,0
104,15,6,"week",6,0
105,14,6,"week",7,0
106,52,6,"week",8,0
107,101,6,"week",9,1
108,27,6,"week",10,1
109,49,7,"season",2,1
111,95,7,"season",3,1
112,96,7,"season",4,1
114,27,7,"season",7,1
115,48,7,"season",8,1
116,51,7,"season",9,1
117,235,7,"season",13,0
118,46,7,"season",14,0
119,42,7,"season",15,0
120,245,7,"season",18,0
121,60,7,"season",19,0
122,63,7,"season",20,0
123,251,7,"season",22,1
124,246,7,"season",23,0
125,160,7,"season",24,0
126,43,7,"season",25,0
127,57,7,"season",28,0
128,252,7,"season",29,0
129,247,7,"season",30,0
130,94,7,"week",1,1
131,49,7,"week",2,0
132,95,7,"week",3,1
133,96,7,"week",4,1
134,7,7,"week",6,1
135,27,7,"week",7,1
136,48,7,"week",8,1
137,51,7,"week",9,1
138,235,7,"week",13,0
139,46,7,"week",14,0
140,42,7,"week",15,0
141,245,7,"week",18,0
142,60,7,"week",19,0
143,63,7,"week",20,0
144,251,7,"week",22,1
145,246,7,"week",23,0
146,160,7,"week",24,0
147,43,7,"week",25,0
148,57,7,"week",28,0
149,247,7,"week",30,0
150,252,7,"week",29,0
151,94,8,"season",1,1
152,49,8,"season",2,0
153,95,8,"season",3,1
154,96,8,"season",4,1
155,7,8,"season",6,1
156,27,8,"season",7,1
157,48,8,"season",8,1
158,51,8,"season",9,1
159,235,8,"season",13,0
160,46,8,"season",14,0
161,42,8,"season",15,0
162,245,8,"season",18,0
163,60,8,"season",19,0
164,63,8,"season",20,0
165,251,8,"season",22,1
166,246,8,"season",23,0
167,160,8,"season",24,0
168,43,8,"season",25,0
169,57,8,"season",28,0
170,252,8,"season",29,0
171,247,8,"season",30,0
172,94,8,"week",1,1
173,49,8,"week",2,0
174,95,8,"week",3,1
175,96,8,"week",4,1
176,7,8,"week",6,1
177,27,8,"week",7,1
178,48,8,"week",8,1
179,51,8,"week",9,1
180,235,8,"week",13,0
181,46,8,"week",14,0
182,42,8,"week",15,0
183,245,8,"week",18,0
184,60,8,"week",19,0
185,63,8,"week",20,0
186,251,8,"week",22,1
187,246,8,"week",23,0
188,160,8,"week",24,0
189,43,8,"week",25,0
190,57,8,"week",28,0
191,252,8,"week",29,0
192,247,8,"week",30,0
193,94,9,"season",1,1
194,49,9,"season",2,0
195,95,9,"season",3,1
196,96,9,"season",4,1
197,7,9,"season",6,1
198,27,9,"season",7,1
199,48,9,"season",8,1
200,51,9,"season",9,1
201,235,9,"season",13,0
202,46,9,"season",14,0
203,42,9,"season",15,0
204,245,9,"season",18,0
205,60,9,"season",19,0
206,63,9,"season",20,0
207,251,9,"season",22,1
208,246,9,"season",23,0
209,160,9,"season",24,0
210,43,9,"season",25,0
211,57,9,"season",28,0
212,252,9,"season",29,0
213,247,9,"season",30,0
214,94,9,"week",1,1
215,49,9,"week",2,0
216,95,9,"week",3,1
217,96,9,"week",4,1
218,7,9,"week",6,1
219,27,9,"week",7,1
220,48,9,"week",8,1
221,51,9,"week",9,1
222,235,9,"week",13,0
223,46,9,"week",14,0
224,42,9,"week",15,0
225,245,9,"week",18,0
226,60,9,"week",19,0
227,63,9,"week",20,0
228,251,9,"week",22,1
229,246,9,"week",23,0
230,160,9,"week",24,0
231,43,9,"week",25,0
232,57,9,"week",28,0
233,252,9,"week",29,0
234,247,9,"week",30,0
235,94,10,"season",1,1
236,49,10,"season",2,0
237,95,10,"season",3,1
238,96,10,"season",4,1
239,7,10,"season",6,1
240,27,10,"season",7,1
241,48,10,"season",8,1
242,51,10,"season",9,1
243,235,10,"season",13,0
244,46,10,"season",14,0
245,42,10,"season",15,0
246,245,10,"season",18,0
247,60,10,"season",19,0
248,63,10,"season",20,0
249,251,10,"season",22,1
250,246,10,"season",23,0
251,160,10,"season",24,0
252,43,10,"season",25,0
253,57,10,"season",28,0
254,252,10,"season",29,0
255,247,10,"season",30,0
256,94,10,"week",1,1
257,49,10,"week",2,0
258,95,10,"week",3,1
259,96,10,"week",4,1
260,7,10,"week",6,1
261,27,10,"week",7,1
262,48,10,"week",8,1
263,51,10,"week",9,1
264,235,10,"week",13,0
265,46,10,"week",14,0
266,42,10,"week",15,0
267,245,10,"week",18,0
268,60,10,"week",19,0
269,63,10,"week",20,0
270,251,10,"week",22,1
271,246,10,"week",23,0
272,160,10,"week",24,0
273,43,10,"week",25,0
274,57,10,"week",28,0
275,252,10,"week",29,0
276,247,10,"week",30,0
277,94,11,"season",1,1
278,49,11,"season",2,0
279,95,11,"season",3,1
280,96,11,"season",4,1
281,7,11,"season",6,1
282,27,11,"season",7,1
283,48,11,"season",8,1
284,51,11,"season",9,1
285,1,11,"season",10,0
286,17,11,"season",11,0
287,18,11,"season",12,0
288,19,11,"season",13,0
289,20,11,"season",14,0
290,241,11,"season",20,0
291,100,11,"season",22,1
292,94,11,"week",1,1
293,49,11,"week",2,0
294,95,11,"week",3,1
295,96,11,"week",4,1
296,7,11,"week",6,1
297,27,11,"week",7,1
298,48,11,"week",8,1
299,51,11,"week",9,1
300,1,11,"week",10,0
301,17,11,"week",11,0
302,18,11,"week",12,0
303,19,11,"week",13,0
304,20,11,"week",14,0
305,241,11,"week",20,0
306,100,11,"week",22,1
307,94,12,"season",1,1
308,49,12,"season",2,0
309,95,12,"season",3,1
310,96,12,"season",4,1
311,7,12,"season",6,1
312,27,12,"season",7,1
313,48,12,"season",8,1
314,51,12,"season",9,1
315,1,12,"season",10,0
316,52,12,"season",11,0
317,13,12,"season",12,0
318,242,12,"season",14,0
319,10,12,"season",15,0
320,30,12,"season",16,0
321,15,12,"season",17,0
322,236,12,"season",22,0
323,64,12,"season",23,1
324,94,12,"week",1,1
325,49,12,"week",2,0
326,95,12,"week",3,1
327,96,12,"week",4,1
328,7,12,"week",6,1
329,27,12,"week",7,1
330,48,12,"week",8,1
331,51,12,"week",9,1
332,1,12,"week",10,0
333,52,12,"week",11,0
334,13,12,"week",12,0
335,242,12,"week",14,0
336,10,12,"week",15,0
337,30,12,"week",16,0
338,15,12,"week",17,0
339,236,12,"week",22,0
340,64,12,"week",23,1
341,55,13,"season",1,1
342,49,13,"season",2,0
343,8,13,"season",3,0
344,46,13,"season",4,0
345,42,13,"season",5,0
346,40,13,"season",6,0
347,60,13,"season",7,0
348,63,13,"season",8,0
349,62,13,"season",9,0
350,41,13,"season",10,0
351,59,13,"season",11,0
352,57,13,"season",12,0
353,27,13,"season",13,1
354,49,13,"week",1,0
355,35,13,"week",2,1
356,66,13,"week",3,1
357,8,13,"week",4,0
358,46,13,"week",5,0
359,42,13,"week",6,0
360,40,13,"week",7,0
361,60,13,"week",8,0
362,63,13,"week",9,0
363,62,13,"week",10,0
364,41,13,"week",11,0
365,59,13,"week",12,0
366,57,13,"week",13,0
367,27,13,"week",14,1
368,55,14,"season",1,1
369,49,14,"season",2,0
370,8,14,"season",3,0
371,46,14,"season",4,0
372,42,14,"season",5,0
373,40,14,"season",6,0
374,60,14,"season",7,0
375,63,14,"season",8,0
376,62,14,"season",9,0
377,41,14,"season",10,0
378,59,14,"season",11,0
379,57,14,"season",12,0
380,27,14,"season",13,1
381,49,14,"week",1,0
382,35,14,"week",2,1
383,66,14,"week",3,1
384,8,14,"week",4,0
385,46,14,"week",5,0
386,42,14,"week",6,0
387,40,14,"week",7,0
388,60,14,"week",8,0
389,63,14,"week",9,0
390,62,14,"week",10,0
391,41,14,"week",11,0
392,59,14,"week",12,0
393,57,14,"week",13,0
394,27,14,"week",14,1
395,55,15,"season",1,1
396,49,15,"season",2,0
397,8,15,"season",3,0
398,46,15,"season",4,0
399,42,15,"season",5,0
400,40,15,"season",6,0
401,60,15,"season",7,0
402,63,15,"season",8,0
403,62,15,"season",9,0
404,41,15,"season",10,0
405,59,15,"season",11,0
406,57,15,"season",12,0
407,27,15,"season",13,1
408,49,15,"week",1,0
409,35,15,"week",2,1
410,66,15,"week",3,1
411,8,15,"week",4,0
412,46,15,"week",5,0
413,42,15,"week",6,0
414,40,15,"week",7,0
415,60,15,"week",8,0
416,63,15,"week",9,0
417,62,15,"week",10,0
418,41,15,"week",11,0
419,59,15,"week",12,0
420,57,15,"week",13,0
421,27,15,"week",14,1
422,55,16,"season",1,1
423,49,16,"season",2,0
424,8,16,"season",3,0
425,46,16,"season",4,0
426,42,16,"season",5,0
427,40,16,"season",6,0
428,60,16,"season",7,0
429,63,16,"season",8,0
430,62,16,"season",9,0
431,41,16,"season",10,0
432,59,16,"season",11,0
433,57,16,"season",12,0
434,27,16,"season",13,1
435,49,16,"week",1,0
436,35,16,"week",2,1
437,66,16,"week",3,1
438,8,16,"week",4,0
439,46,16,"week",5,0
440,42,16,"week",6,0
441,40,16,"week",7,0
442,60,16,"week",8,0
443,63,16,"week",9,0
444,62,16,"week",10,0
445,41,16,"week",11,0
446,59,16,"week",12,0
447,57,16,"week",13,0
448,27,16,"week",14,1
449,49,17,"season",1,0
450,35,17,"season",2,1
451,32,17,"season",3,1
452,46,17,"season",4,0
453,42,17,"season",5,0
454,40,17,"season",6,0
455,63,17,"season",7,0
456,62,17,"season",8,0
457,59,17,"season",9,0
458,57,17,"season",10,0
459,31,17,"season",11,1
460,69,17,"season",12,0
461,29,17,"season",13,0
462,27,17,"season",14,1
463,49,17,"week",1,0
464,35,17,"week",2,1
465,46,17,"week",3,0
466,42,17,"week",4,0
467,40,17,"week",5,0
468,63,17,"week",6,0
469,62,17,"week",7,0
470,59,17,"week",8,0
471,57,17,"week",9,0
472,31,17,"week",10,1
473,69,17,"week",11,0
474,29,17,"week",12,0
475,27,17,"week",13,1
476,49,18,"season",1,0
477,35,18,"season",2,1
478,32,18,"season",3,1
479,46,18,"season",4,0
480,42,18,"season",5,0
481,40,18,"season",6,0
482,63,18,"season",7,0
483,62,18,"season",8,0
484,59,18,"season",9,0
485,57,18,"season",10,0
486,31,18,"season",11,1
487,69,18,"season",12,0
488,29,18,"season",13,0
489,27,18,"season",14,1
490,49,18,"week",1,0
491,35,18,"week",2,1
492,46,18,"week",3,0
493,42,18,"week",4,0
494,40,18,"week",5,0
495,63,18,"week",6,0
496,62,18,"week",7,0
497,59,18,"week",8,0
498,57,18,"week",9,0
499,31,18,"week",10,1
500,69,18,"week",11,0
501,29,18,"week",12,0
502,27,18,"week",13,1
503,49,19,"season",1,0
504,35,19,"season",2,1
505,32,19,"season",3,1
506,46,19,"season",4,0
507,42,19,"season",5,0
508,40,19,"season",6,0
509,63,19,"season",7,0
510,62,19,"season",8,0
511,59,19,"season",9,0
512,57,19,"season",10,0
513,31,19,"season",11,1
514,69,19,"season",12,0
515,29,19,"season",13,0
516,27,19,"season",14,1
517,49,19,"week",1,0
518,35,19,"week",2,1
519,46,19,"week",3,0
520,42,19,"week",4,0
521,40,19,"week",5,0
522,63,19,"week",6,0
523,62,19,"week",7,0
524,59,19,"week",8,0
525,57,19,"week",9,0
526,31,19,"week",10,1
527,69,19,"week",11,0
528,29,19,"week",12,0
529,27,19,"week",13,1
530,49,20,"season",1,0
531,35,20,"season",2,1
532,32,20,"season",3,1
533,46,20,"season",4,0
534,42,20,"season",5,0
535,40,20,"season",6,0
536,63,20,"season",7,0
537,62,20,"season",8,0
538,59,20,"season",9,0
539,57,20,"season",10,0
540,31,20,"season",11,1
541,69,20,"season",12,0
542,29,20,"season",13,0
543,27,20,"season",14,1
544,49,20,"week",1,0
545,35,20,"week",2,1
546,46,20,"week",3,0
547,42,20,"week",4,0
548,40,20,"week",5,0
549,63,20,"week",6,0
550,62,20,"week",7,0
551,59,20,"week",8,0
552,57,20,"week",9,0
553,31,20,"week",10,1
554,69,20,"week",11,0
555,29,20,"week",12,0
556,27,20,"week",13,1
557,49,21,"season",1,0
558,35,21,"season",2,1
559,32,21,"season",3,1
560,99,21,"season",4,0
561,17,21,"season",5,0
562,18,21,"season",6,0
563,19,21,"season",7,0
564,20,21,"season",8,0
565,21,21,"season",9,0
566,27,21,"season",10,1
567,49,21,"week",1,0
568,35,21,"week",2,1
569,99,21,"week",3,0
570,17,21,"week",4,0
571,18,21,"week",5,0
572,19,21,"week",6,0
573,20,21,"week",7,0
574,21,21,"week",8,0
575,27,21,"week",9,1
576,49,22,"season",1,0
577,35,22,"season",2,1
578,32,22,"season",3,1
579,13,22,"season",4,0
580,10,22,"season",5,0
581,30,22,"season",6,0
582,14,22,"season",7,0
583,15,22,"season",8,0
584,58,22,"season",9,0
585,52,22,"season",10,0
586,27,22,"season",11,1
587,49,22,"week",1,0
588,35,22,"week",2,1
589,13,22,"week",3,0
590,10,22,"week",4,0
591,30,22,"week",5,0
592,14,22,"week",6,0
593,15,22,"week",7,0
594,58,22,"week",8,0
595,52,22,"week",9,0
596,27,22,"week",10,1
597,49,23,"season",1,0
598,94,23,"season",2,1
599,42,23,"season",3,0
600,46,23,"season",4,0
601,37,23,"season",5,0
602,38,23,"season",6,0
603,40,23,"season",7,0
604,62,23,"season",8,0
605,63,23,"season",9,0
606,60,23,"season",10,0
607,69,23,"season",11,0
608,31,23,"season",12,1
609,29,23,"season",13,0
610,27,23,"season",14,1
611,49,23,"week",1,0
612,94,23,"week",2,1
613,42,23,"week",3,0
614,46,23,"week",4,0
615,37,23,"week",5,0
616,38,23,"week",6,0
617,40,23,"week",7,0
618,62,23,"week",8,0
619,63,23,"week",9,0
620,60,23,"week",10,0
621,69,23,"week",11,0
622,31,23,"week",12,1
623,29,23,"week",13,0
624,27,23,"week",14,1
625,49,24,"season",1,0
626,94,24,"season",2,1
627,62,24,"season",3,0
628,63,24,"season",4,0
629,60,24,"season",5,0
630,57,24,"season",6,0
631,59,24,"season",7,0
632,41,24,"season",8,0
633,69,24,"season",9,0
634,31,24,"season",10,1
635,29,24,"season",11,0
636,27,24,"season",12,1
637,49,24,"week",1,0
638,94,24,"week",2,1
639,62,24,"week",3,0
640,63,24,"week",4,0
641,60,24,"week",5,0
642,57,24,"week",6,0
643,59,24,"week",7,0
644,41,24,"week",8,0
645,69,24,"week",9,0
646,31,24,"week",10,1
647,29,24,"week",11,0
648,27,24,"week",12,1
649,49,25,"season",1,0
650,94,25,"season",2,1
651,57,25,"season",3,0
652,59,25,"season",4,0
653,41,25,"season",5,0
654,62,25,"season",6,0
655,63,25,"season",7,0
656,60,25,"season",8,0
657,69,25,"season",9,0
658,31,25,"season",10,1
659,29,25,"season",11,0
660,27,25,"season",12,1
661,49,25,"week",1,0
662,94,25,"week",2,1
663,57,25,"week",3,0
664,59,25,"week",4,0
665,41,25,"week",5,0
666,62,25,"week",6,0
667,63,25,"week",7,0
668,60,25,"week",8,0
669,69,25,"week",9,0
670,31,25,"week",10,1
671,29,25,"week",11,0
672,27,25,"week",12,1
673,49,26,"season",1,0
674,94,26,"season",2,1
675,57,26,"season",3,0
676,59,26,"season",4,0
677,41,26,"season",5,0
678,62,26,"season",6,0
679,63,26,"season",7,0
680,60,26,"season",8,0
681,69,26,"season",9,0
682,31,26,"season",10,1
683,29,26,"season",11,0
684,27,26,"season",12,1
685,49,26,"week",1,0
686,94,26,"week",2,1
687,57,26,"week",3,0
688,59,26,"week",4,0
689,41,26,"week",5,0
690,62,26,"week",6,0
691,63,26,"week",7,0
692,60,26,"week",8,0
693,69,26,"week",9,0
694,31,26,"week",10,1
695,29,26,"week",11,0
696,27,26,"week",12,1
697,49,27,"season",1,0
698,66,27,"season",2,1
699,23,27,"season",3,0
700,24,27,"season",4,0
701,99,27,"season",5,0
702,100,27,"season",6,1
703,69,27,"season",7,0
704,31,27,"season",8,1
705,29,27,"season",9,0
706,27,27,"season",10,1
707,49,27,"week",1,0
708,66,27,"week",2,1
709,23,27,"week",3,0
710,24,27,"week",4,0
711,99,27,"week",5,0
712,100,27,"week",6,1
713,69,27,"week",7,0
714,31,27,"week",8,1
715,29,27,"week",9,0
716,27,27,"week",10,1
717,49,28,"season",1,0
718,66,28,"season",2,1
719,15,28,"season",3,0
720,30,28,"season",4,0
721,13,28,"season",5,0
722,10,28,"season",6,0
723,14,28,"season",7,0
724,52,28,"season",8,0
725,54,28,"season",9,1
726,33,28,"season",10,1
727,3,28,"season",11,1
728,6,28,"season",12,1
729,5,28,"season",13,1
730,67,28,"season",14,1
731,94,28,"season",15,1
732,49,28,"week",1,0
733,66,28,"week",2,1
734,15,28,"week",3,0
735,30,28,"week",4,0
736,13,28,"week",5,0
737,10,28,"week",6,0
738,14,28,"week",7,0
739,52,28,"week",8,0
740,54,28,"week",9,1
741,33,28,"week",10,1
742,3,28,"week",11,1
743,6,28,"week",12,1
744,5,28,"week",13,1
745,67,28,"week",14,1
746,27,28,"week",15,1
747,94,29,"season",1,1
748,49,29,"season",2,0
749,68,29,"season",3,1
750,7,29,"season",4,1
751,38,29,"season",5,0
752,37,29,"season",6,0
753,46,29,"season",7,0
754,42,29,"season",8,0
755,40,29,"season",9,0
756,60,29,"season",10,0
757,63,29,"season",11,0
758,62,29,"season",12,0
759,27,29,"season",13,1
760,94,29,"week",1,1
761,49,29,"week",2,0
762,68,29,"week",3,1
763,35,29,"week",4,1
764,38,29,"week",5,0
765,37,29,"week",6,0
766,46,29,"week",7,0
767,42,29,"week",8,0
768,40,29,"week",9,0
769,60,29,"week",10,0
770,63,29,"week",11,0
771,62,29,"week",12,0
772,27,29,"week",13,1
773,94,30,"season",1,1
774,49,30,"season",2,0
775,68,30,"season",3,1
776,7,30,"season",4,1
777,60,30,"season",5,0
778,63,30,"season",6,0
779,62,30,"season",7,0
780,41,30,"season",8,0
781,59,30,"season",9,0
782,57,30,"season",10,0
783,27,30,"season",11,1
784,94,30,"week",1,1
785,49,30,"week",2,0
786,68,30,"week",3,1
787,35,30,"week",4,1
788,60,30,"week",5,0
789,63,30,"week",6,0
790,62,30,"week",7,0
791,41,30,"week",8,0
792,59,30,"week",9,0
793,57,30,"week",10,0
794,27,30,"week",11,1
795,94,31,"season",1,1
796,49,31,"season",2,0
797,68,31,"season",3,1
798,7,31,"season",4,1
799,41,31,"season",5,0
800,59,31,"season",6,0
801,57,31,"season",7,0
802,60,31,"season",8,0
803,63,31,"season",9,0
804,62,31,"season",10,0
805,27,31,"season",11,1
806,94,31,"week",1,1
807,49,31,"week",2,0
808,68,31,"week",3,1
809,35,31,"week",4,1
810,41,31,"week",5,0
811,59,31,"week",6,0
812,57,31,"week",7,0
813,27,31,"week",8,1
814,94,32,"season",1,1
815,49,32,"season",2,0
816,68,32,"season",3,1
817,35,32,"season",4,1
818,41,32,"season",5,0
819,59,32,"season",6,0
820,57,32,"season",7,0
821,27,32,"season",8,1
822,94,32,"week",1,1
823,49,32,"week",2,0
824,68,32,"week",3,1
825,35,32,"week",4,1
826,41,32,"week",5,0
827,59,32,"week",6,0
828,57,32,"week",7,0
829,27,32,"week",8,1
830,94,33,"season",1,1
831,49,33,"season",2,0
832,68,33,"season",3,1
833,7,33,"season",4,1
834,23,33,"season",5,0
835,22,33,"season",6,0
836,25,33,"season",7,0
837,99,33,"season",8,0
838,98,33,"season",9,0
839,27,33,"season",10,1
840,94,33,"week",1,1
841,49,33,"week",2,0
842,68,33,"week",3,1
843,35,33,"week",4,1
844,23,33,"week",5,0
845,24,33,"week",6,0
846,99,33,"week",7,0
847,100,33,"week",8,1
848,27,33,"week",9,1
849,94,34,"season",1,1
850,49,34,"season",2,0
851,7,34,"season",3,1
852,13,34,"season",4,0
853,30,34,"season",5,0
854,10,34,"season",6,0
855,15,34,"season",7,0
856,52,34,"season",8,0
857,47,34,"season",9,1
858,65,34,"season",10,1
859,14,34,"season",11,0
860,58,34,"season",12,0
861,27,34,"season",13,1
862,49,35,"week",1,0
863,68,35,"week",2,1
864,11,35,"week",3,1
865,36,35,"week",4,1
866,50,35,"week",5,1
867,8,35,"week",6,0
868,46,35,"week",7,0
869,42,35,"week",8,0
870,40,35,"week",9,0
871,60,35,"week",10,0
872,63,35,"week",11,0
873,62,35,"week",12,0
874,34,35,"week",13,1
875,27,35,"week",14,1
876,70,35,"week",15,1
877,81,35,"week",16,1
878,87,35,"week",17,1
879,88,35,"week",18,1
880,89,35,"week",19,1
881,90,35,"week",20,1
882,91,35,"week",21,1
883,92,35,"week",22,1
884,93,35,"week",23,1
885,71,35,"week",24,1
886,72,35,"week",25,1
887,73,35,"week",26,1
888,74,35,"week",27,1
889,75,35,"week",28,1
890,76,35,"week",29,1
891,77,35,"week",30,1
892,78,35,"week",31,1
893,79,35,"week",32,1
894,80,35,"week",33,1
895,82,35,"week",34,1
896,83,35,"week",35,1
897,84,35,"week",36,1
898,85,35,"week",37,1
899,86,35,"week",38,1
900,49,36,"week",1,0
901,68,36,"week",2,1
902,11,36,"week",3,1
903,36,36,"week",4,1
904,50,36,"week",5,1
905,60,36,"week",6,0
906,63,36,"week",7,0
907,62,36,"week",8,0
908,41,36,"week",9,0
909,59,36,"week",10,0
910,57,36,"week",11,0
911,34,36,"week",12,1
912,27,36,"week",13,1
913,70,36,"week",14,1
914,81,36,"week",15,1
915,87,36,"week",16,1
916,88,36,"week",17,1
917,89,36,"week",18,1
918,90,36,"week",19,1
919,91,36,"week",20,1
920,92,36,"week",21,1
921,93,36,"week",22,1
922,71,36,"week",23,1
923,72,36,"week",24,1
924,73,36,"week",25,1
925,74,36,"week",26,1
926,75,36,"week",27,1
927,76,36,"week",28,1
928,77,36,"week",29,1
929,78,36,"week",30,1
930,79,36,"week",31,1
931,80,36,"week",32,1
932,82,36,"week",33,1
933,83,36,"week",34,1
934,84,36,"week",35,1
935,85,36,"week",36,1
936,86,36,"week",37,1
937,49,37,"week",1,0
938,68,37,"week",2,1
939,11,37,"week",3,1
940,36,37,"week",4,1
941,50,37,"week",5,1
942,60,37,"week",6,0
943,63,37,"week",7,0
944,62,37,"week",8,0
945,41,37,"week",9,0
946,59,37,"week",10,0
947,57,37,"week",11,0
948,34,37,"week",12,1
949,27,37,"week",13,1
950,70,37,"week",14,1
951,81,37,"week",15,1
952,87,37,"week",16,1
953,88,37,"week",17,1
954,89,37,"week",18,1
955,90,37,"week",19,1
956,91,37,"week",20,1
957,92,37,"week",21,1
958,93,37,"week",22,1
959,71,37,"week",23,1
960,72,37,"week",24,1
961,73,37,"week",25,1
962,74,37,"week",26,1
963,75,37,"week",27,1
964,76,37,"week",28,1
965,77,37,"week",29,1
966,78,37,"week",30,1
967,79,37,"week",31,1
968,80,37,"week",32,1
969,82,37,"week",33,1
970,83,37,"week",34,1
971,84,37,"week",35,1
972,85,37,"week",36,1
973,86,37,"week",37,1
974,49,38,"week",1,0
975,68,38,"week",2,1
976,11,38,"week",3,1
977,36,38,"week",4,1
978,50,38,"week",5,1
979,60,38,"week",6,0
980,63,38,"week",7,0
981,62,38,"week",8,0
982,41,38,"week",9,0
983,59,38,"week",10,0
984,57,38,"week",11,0
985,34,38,"week",12,1
986,27,38,"week",13,1
987,70,38,"week",14,1
988,81,38,"week",15,1
989,87,38,"week",16,1
990,88,38,"week",17,1
991,89,38,"week",18,1
992,90,38,"week",19,1
993,91,38,"week",20,1
994,92,38,"week",21,1
995,93,38,"week",22,1
996,71,38,"week",23,1
997,72,38,"week",24,1
998,73,38,"week",25,1
999,74,38,"week",26,1
1000,75,38,"week",27,1
1001,76,38,"week",28,1
1002,77,38,"week",29,1
1003,78,38,"week",30,1
1004,79,38,"week",31,1
1005,80,38,"week",32,1
1006,82,38,"week",33,1
1007,83,38,"week",34,1
1008,84,38,"week",35,1
1009,85,38,"week",36,1
1010,86,38,"week",37,1
1011,49,39,"week",1,0
1012,68,39,"week",2,1
1013,11,39,"week",3,1
1014,36,39,"week",4,1
1015,50,39,"week",5,1
1016,99,39,"week",6,0
1017,22,39,"week",7,0
1018,23,39,"week",8,0
1019,17,39,"week",9,0
1020,18,39,"week",10,0
1021,19,39,"week",11,0
1022,20,39,"week",12,0
1023,21,39,"week",13,0
1024,34,39,"week",14,1
1025,27,39,"week",15,1
1026,70,39,"week",16,1
1027,81,39,"week",17,1
1028,87,39,"week",18,1
1029,88,39,"week",19,1
1030,89,39,"week",20,1
1031,90,39,"week",21,1
1032,91,39,"week",22,1
1033,92,39,"week",23,1
1034,93,39,"week",24,1
1035,71,39,"week",25,1
1036,72,39,"week",26,1
1037,73,39,"week",27,1
1038,74,39,"week",28,1
1039,75,39,"week",29,1
1040,76,39,"week",30,1
1041,77,39,"week",31,1
1042,78,39,"week",32,1
1043,79,39,"week",33,1
1044,80,39,"week",34,1
1045,82,39,"week",35,1
1046,83,39,"week",36,1
1047,84,39,"week",37,1
1048,85,39,"week",38,1
1049,86,39,"week",39,1
1050,49,40,"week",1,0
1051,68,40,"week",2,1
1052,50,40,"week",3,1
1053,52,40,"week",4,0
1054,101,40,"week",5,1
1055,13,40,"week",6,0
1056,10,40,"week",7,0
1057,30,40,"week",8,0
1058,15,40,"week",9,0
1059,34,40,"week",10,1
1060,27,40,"week",11,1
1061,70,40,"week",12,1
1062,81,40,"week",13,1
1063,87,40,"week",14,1
1064,88,40,"week",15,1
1065,89,40,"week",16,1
1066,90,40,"week",17,1
1067,91,40,"week",18,1
1068,92,40,"week",19,1
1069,93,40,"week",20,1
1070,71,40,"week",21,1
1071,72,40,"week",22,1
1072,73,40,"week",23,1
1073,74,40,"week",24,1
1074,75,40,"week",25,1
1075,76,40,"week",26,1
1076,77,40,"week",27,1
1077,78,40,"week",28,1
1078,79,40,"week",29,1
1079,80,40,"week",30,1
1080,82,40,"week",31,1
1081,83,40,"week",32,1
1082,84,40,"week",33,1
1083,85,40,"week",34,1
1084,86,40,"week",35,1
1085,49,41,"week",1,0
1086,37,41,"week",2,0
1087,38,41,"week",3,0
1088,46,41,"week",4,0
1089,42,41,"week",5,0
1090,40,41,"week",6,0
1091,60,41,"week",7,0
1092,63,41,"week",8,0
1093,62,41,"week",9,0
1094,29,41,"week",10,0
1095,27,41,"week",11,1
1096,49,42,"week",1,0
1097,60,42,"week",2,0
1098,63,42,"week",3,0
1099,62,42,"week",4,0
1100,41,42,"week",5,0
1101,59,42,"week",6,0
1102,57,42,"week",7,0
1103,29,42,"week",8,0
1104,27,42,"week",9,1
1105,49,43,"week",1,0
1106,60,43,"week",2,0
1107,63,43,"week",3,0
1108,62,43,"week",4,0
1109,41,43,"week",5,0
1110,59,43,"week",6,0
1111,57,43,"week",7,0
1112,29,43,"week",8,0
1113,27,43,"week",9,1
1114,49,44,"week",1,0
1115,41,44,"week",2,0
1116,59,44,"week",3,0
1117,57,44,"week",4,0
1118,29,44,"week",5,0
1119,27,44,"week",6,1
1120,49,45,"week",1,0
1121,23,45,"week",2,0
1122,22,45,"week",3,0
1123,99,45,"week",4,0
1124,27,45,"week",5,1
1125,55,46,"season",1,1
1126,49,46,"season",2,0
1127,68,46,"season",3,1
1128,2,46,"season",4,1
1129,248,46,"season",5,1
1130,38,46,"season",6,0
1131,37,46,"season",7,0
1132,39,46,"season",8,0
1133,46,46,"season",9,0
1134,45,46,"season",10,0
1135,42,46,"season",11,0
1136,40,46,"season",12,0
1137,60,46,"season",13,0
1138,63,46,"season",14,0
1139,62,46,"season",15,0
1140,27,46,"season",16,1
1141,94,-46,"season",17,1
1142,55,46,"week",1,1
1143,49,46,"week",2,0
1144,68,46,"week",3,1
1145,35,46,"week",4,1
1146,38,46,"week",5,0
1147,37,46,"week",6,0
1148,46,46,"week",7,0
1149,42,46,"week",8,0
1150,40,46,"week",9,0
1151,60,46,"week",10,0
1152,63,46,"week",11,0
1153,62,46,"week",12,0
1154,27,46,"week",13,1
1156,55,47,"season",1,1
1157,49,47,"season",2,0
1158,68,47,"season",3,1
1159,2,47,"season",4,1
1160,248,47,"season",5,1
1161,60,47,"season",6,0
1162,63,47,"season",7,0
1163,64,47,"season",8,0
1164,62,47,"season",9,0
1165,41,47,"season",10,0
1166,59,47,"season",11,0
1167,57,47,"season",12,0
1168,27,47,"season",13,1
1169,94,-47,"season",14,1
1170,55,47,"week",1,1
1171,49,47,"week",2,0
1172,68,47,"week",3,1
1173,35,47,"week",4,1
1174,60,47,"week",5,0
1175,63,47,"week",6,0
1176,62,47,"week",7,0
1177,41,47,"week",8,0
1178,59,47,"week",9,0
1179,57,47,"week",10,0
1180,27,47,"week",11,1
1182,55,48,"season",1,1
1183,49,48,"season",2,0
1184,68,48,"season",3,1
1185,2,48,"season",4,1
1186,248,48,"season",5,1
1187,60,48,"season",6,0
1188,63,48,"season",7,0
1189,62,48,"season",8,0
1190,41,48,"season",9,0
1191,59,48,"season",10,0
1192,56,48,"season",11,0
1193,57,48,"season",12,0
1194,27,48,"season",13,1
1195,94,-48,"season",14,1
1196,55,48,"week",1,1
1197,49,48,"week",2,0
1198,68,48,"week",3,1
1199,35,48,"week",4,1
1200,60,48,"week",5,0
1201,63,48,"week",6,0
1202,62,48,"week",7,0
1203,41,48,"week",8,0
1204,59,48,"week",9,0
1205,57,48,"week",10,0
1206,27,48,"week",11,1
1208,55,49,"season",1,1
1209,49,49,"season",2,0
1210,68,49,"season",3,1
1211,2,49,"season",4,1
1212,248,49,"season",5,1
1213,41,49,"season",6,0
1214,59,49,"season",7,0
1215,56,49,"season",8,0
1216,57,49,"season",9,0
1217,27,49,"season",10,1
1218,94,-49,"season",11,1
1219,55,49,"week",1,1
1220,49,49,"week",2,0
1221,68,49,"week",3,1
1222,35,49,"week",4,1
1223,41,49,"week",5,0
1224,59,49,"week",6,0
1225,57,49,"week",7,0
1226,27,49,"week",8,1
1228,55,50,"season",1,1
1229,49,50,"season",2,0
1230,68,50,"season",3,1
1231,2,50,"season",4,1
1232,23,50,"season",5,0
1233,22,50,"season",6,0
1234,25,50,"season",7,0
1235,99,50,"season",8,0
1236,98,50,"season",9,0
1237,27,50,"season",10,1
1238,94,-50,"season",11,1
1239,55,50,"week",1,1
1240,49,50,"week",2,0
1241,68,50,"week",3,1
1242,35,50,"week",4,1
1243,23,50,"week",5,0
1244,22,50,"week",6,0
1245,99,50,"week",7,0
1246,98,50,"week",8,0
1247,27,50,"week",9,1
1249,55,51,"season",1,1
1250,49,51,"season",2,0
1251,13,51,"season",3,0
1252,30,51,"season",4,0
1253,10,51,"season",5,0
1254,15,51,"season",6,0
1255,103,51,"season",7,1
1256,102,51,"season",8,1
1257,27,51,"season",9,1
1258,94,-51,"season",10,1
1259,55,51,"week",1,1
1260,49,51,"week",2,0
1261,68,51,"week",3,1
1262,35,51,"week",4,1
1263,13,51,"week",5,0
1264,30,51,"week",6,0
1265,10,51,"week",7,0
1266,15,51,"week",8,0
1267,101,51,"week",9,1
1268,52,51,"week",10,0
1269,27,51,"week",11,1
1271,94,52,"season",1,1
1272,49,52,"season",2,0
1273,68,52,"season",3,1
1274,7,52,"season",4,1
1275,104,52,"season",5,0
1276,105,52,"season",6,0
1277,106,52,"season",7,0
1278,110,52,"season",8,0
1279,109,52,"season",9,0
1280,108,52,"season",10,0
1281,107,52,"season",11,0
1282,27,52,"season",12,0
1283,94,53,"season",1,1
1284,49,53,"season",2,0
1285,68,53,"season",3,1
1286,7,53,"season",4,1
1287,104,53,"season",5,0
1288,105,53,"season",6,0
1289,106,53,"season",7,0
1290,110,53,"season",8,0
1291,109,53,"season",9,0
1292,108,53,"season",10,0
1293,107,53,"season",11,0
1294,27,53,"season",12,0
1295,94,54,"season",1,1
1296,49,54,"season",2,0
1297,68,54,"season",3,1
1298,7,54,"season",4,1
1299,104,54,"season",5,0
1300,105,54,"season",6,0
1301,106,54,"season",7,0
1302,110,54,"season",8,0
1303,109,54,"season",9,0
1304,108,54,"season",10,0
1305,107,54,"season",11,0
1306,27,54,"season",12,0
1311,121,61,"week",1,1
1321,131,61,"week",2,0
1331,141,61,"week",3,1
1341,37,61,"week",4,0
1351,38,61,"week",5,0
1361,46,61,"week",6,0
1371,42,61,"week",7,0
1381,40,61,"week",8,0
1391,60,61,"week",9,0
1401,63,61,"week",10,0
1411,62,61,"week",11,0
1421,29,61,"week",12,0
1431,41,61,"week",13,1
1441,59,61,"week",14,1
1451,57,61,"week",15,1
1461,23,61,"week",16,1
1471,22,61,"week",17,0
1481,99,61,"week",18,1
1491,10,61,"week",19,1
1501,30,61,"week",20,1
1511,28,61,"week",21,1
1521,13,61,"week",22,1
1531,15,61,"week",23,1
1541,64,61,"week",24,1
1551,14,61,"week",25,1
1561,52,61,"week",26,1
1571,101,61,"week",27,1
1581,49,61,"week",28,0
1591,68,61,"week",29,1
1601,121,71,"week",1,1
1611,131,71,"week",2,0
1621,141,71,"week",3,1
1631,37,71,"week",4,1
1641,38,71,"week",5,1
1651,46,71,"week",6,1
1661,42,71,"week",7,1
1671,40,71,"week",8,1
1681,60,71,"week",9,0
1691,63,71,"week",10,0
1701,62,71,"week",11,0
1711,29,71,"week",12,0
1721,41,71,"week",13,0
1731,59,71,"week",14,0
1741,57,71,"week",15,0
1751,23,71,"week",16,1
1761,22,71,"week",17,0
1771,99,71,"week",18,1
1781,10,71,"week",19,1
1791,30,71,"week",20,1
1801,28,71,"week",21,1
1811,13,71,"week",22,1
1821,15,71,"week",23,1
1831,64,71,"week",24,1
1841,14,71,"week",25,1
1851,52,71,"week",26,1
1861,101,71,"week",27,1
1871,49,71,"week",28,0
1881,68,71,"week",29,1
1891,121,81,"week",1,1
1901,131,81,"week",2,0
1911,141,81,"week",3,1
1921,37,81,"week",4,1
1931,38,81,"week",5,1
1941,46,81,"week",6,1
1951,42,81,"week",7,1
1961,40,81,"week",8,1
1971,60,81,"week",9,0
1981,63,81,"week",10,0
1991,62,81,"week",11,0
2001,29,81,"week",12,0
2011,41,81,"week",13,0
2021,59,81,"week",14,0
2031,57,81,"week",15,0
2041,23,81,"week",16,1
2051,22,81,"week",17,0
2061,99,81,"week",18,1
2071,10,81,"week",19,1
2081,30,81,"week",20,1
2091,28,81,"week",21,1
2101,13,81,"week",22,1
2111,15,81,"week",23,1
2121,64,81,"week",24,1
2131,14,81,"week",25,1
2141,52,81,"week",26,1
2151,101,81,"week",27,1
2161,49,81,"week",28,0
2171,68,81,"week",29,1
2181,121,91,"week",1,1
2191,131,91,"week",2,0
2201,141,91,"week",3,1
2211,37,91,"week",4,1
2221,38,91,"week",5,1
2231,46,91,"week",6,1
2241,42,91,"week",7,1
2251,40,91,"week",8,1
2261,60,91,"week",9,0
2271,63,91,"week",10,0
2281,62,91,"week",11,0
2291,29,91,"week",12,0
2301,41,91,"week",13,0
2311,59,91,"week",14,0
2321,57,91,"week",15,0
2331,23,91,"week",16,1
2341,22,91,"week",17,0
2351,99,91,"week",18,1
2361,10,91,"week",19,1
2371,30,91,"week",20,1
2381,28,91,"week",21,1
2391,13,91,"week",22,1
2401,15,91,"week",23,1
2411,64,91,"week",24,1
2421,14,91,"week",25,1
2431,52,91,"week",26,1
2441,101,91,"week",27,1
2451,49,91,"week",28,0
2461,68,91,"week",29,1
2471,121,101,"week",1,1
2481,131,101,"week",2,0
2491,141,101,"week",3,1
2501,37,101,"week",4,1
2511,38,101,"week",5,1
2521,46,101,"week",6,1
2531,42,101,"week",7,1
2541,40,101,"week",8,1
2551,60,101,"week",9,1
2561,63,101,"week",10,1
2571,62,101,"week",11,1
2581,29,101,"week",12,1
2591,41,101,"week",13,1
2601,59,101,"week",14,1
2611,57,101,"week",15,1
2621,23,101,"week",16,0
2631,22,101,"week",17,0
2641,99,101,"week",18,0
2651,10,101,"week",19,1
2661,30,101,"week",20,1
2671,28,101,"week",21,1
2681,13,101,"week",22,1
2691,15,101,"week",23,1
2701,64,101,"week",24,1
2711,14,101,"week",25,1
2721,52,101,"week",26,1
2731,101,101,"week",27,1
2741,49,101,"week",28,0
2751,68,101,"week",29,1
3051,121,111,"week",1,1
3061,131,111,"week",2,0
3071,141,111,"week",3,1
3081,37,111,"week",4,1
3091,38,111,"week",5,1
3101,46,111,"week",6,1
3111,42,111,"week",7,1
3121,40,111,"week",8,1
3131,60,111,"week",9,1
3141,63,111,"week",10,1
3151,62,111,"week",11,1
3161,29,111,"week",12,1
3171,41,111,"week",13,1
3181,59,111,"week",14,1
3191,57,111,"week",15,1
3201,23,111,"week",16,1
3211,22,111,"week",17,0
3221,99,111,"week",18,1
3231,10,111,"week",19,0
3241,30,111,"week",20,1
3251,28,111,"week",21,0
3261,13,111,"week",22,0
3271,15,111,"week",23,0
3281,64,111,"week",24,0
3291,14,111,"week",25,0
3301,52,111,"week",26,0
3311,101,111,"week",27,0
3321,49,111,"week",28,0
3331,68,111,"week",29,1
3332,131,61,"season",1,0
3333,38,61,"season",2,0
3334,37,61,"season",3,0
3335,46,61,"season",4,0
3336,42,61,"season",5,0
3337,40,61,"season",6,0
3338,63,61,"season",8,0
3339,62,61,"season",9,0
3340,27,61,"season",11,1
3341,49,61,"season",12,0
3342,68,61,"season",13,1
3343,131,71,"season",1,0
3344,60,71,"season",2,0
3345,63,71,"season",3,0
3346,62,71,"season",4,0
3347,29,71,"season",5,0
3348,41,71,"season",6,0
3349,59,71,"season",7,0
3350,57,71,"season",8,0
3351,27,71,"season",9,1
3352,49,71,"season",10,0
3353,68,71,"season",11,1
3354,131,81,"season",1,0
3355,60,81,"season",2,0
3356,63,81,"season",3,0
3357,62,81,"season",4,0
3358,29,81,"season",5,0
3359,41,81,"season",6,0
3360,59,81,"season",7,0
3361,57,81,"season",8,0
3362,27,81,"season",9,1
3363,49,81,"season",10,0
3364,68,81,"season",11,1
3365,131,91,"season",1,0
3366,60,91,"season",2,0
3367,63,91,"season",3,0
3368,62,91,"season",4,0
3369,29,91,"season",5,0
3370,41,91,"season",6,0
3371,59,91,"season",7,0
3372,57,91,"season",8,0
3373,27,91,"season",9,1
3374,49,91,"season",10,0
3375,68,91,"season",11,1
3376,131,101,"season",1,0
3377,99,101,"season",2,0
3378,23,101,"season",3,0
3379,27,101,"season",4,1
3380,49,101,"season",5,0
3381,68,101,"season",6,1
3382,131,111,"season",1,0
3383,13,111,"season",2,0
3384,10,111,"season",3,0
3385,30,111,"season",4,1
3386,15,111,"season",5,0
3387,64,111,"season",6,0
3388,27,111,"season",7,1
3389,49,111,"season",8,0
3390,68,111,"season",9,1
3391,55,112,"season",1,1
3392,49,112,"season",2,0
3393,68,112,"season",3,1
3395,38,112,"season",5,0
3396,37,112,"season",6,0
3397,46,112,"season",7,0
3398,42,112,"season",8,0
3399,40,112,"season",9,0
3400,60,112,"season",10,0
3401,63,112,"season",11,0
3402,62,112,"season",12,0
3403,27,112,"season",13,1
3404,55,112,"week",1,1
3405,49,112,"week",2,0
3406,68,112,"week",3,1
3407,35,112,"week",4,1
3408,38,112,"week",5,0
3409,37,112,"week",6,0
3410,46,112,"week",7,0
3411,42,112,"week",8,0
3412,40,112,"week",9,0
3413,60,112,"week",10,0
3414,63,112,"week",11,0
3415,62,112,"week",12,0
3416,27,112,"week",13,1
3417,55,113,"season",1,1
3418,49,113,"season",2,0
3419,68,113,"season",3,1
3421,60,113,"season",5,0
3422,63,113,"season",6,0
3423,62,113,"season",7,0
3424,41,113,"season",8,0
3425,59,113,"season",9,0
3426,57,113,"season",10,0
3427,27,113,"season",11,1
3428,55,113,"week",1,1
3429,49,113,"week",2,0
3430,68,113,"week",3,1
3431,35,113,"week",4,1
3432,60,113,"week",5,0
3433,63,113,"week",6,0
3434,62,113,"week",7,0
3435,41,113,"week",8,0
3436,59,113,"week",9,0
3437,57,113,"week",10,0
3438,27,113,"week",11,1
3439,55,114,"season",1,1
3440,49,114,"season",2,0
3441,68,114,"season",3,1
3443,60,114,"season",8,0
3444,63,114,"season",9,0
3445,62,114,"season",10,0
3446,41,114,"season",5,0
3447,59,114,"season",6,0
3448,57,114,"season",7,0
3449,27,114,"season",11,1
3450,55,114,"week",1,1
3451,49,114,"week",2,0
3452,68,114,"week",3,1
3453,35,114,"week",4,1
3454,60,114,"week",8,0
3455,63,114,"week",9,0
3456,62,114,"week",10,0
3457,41,114,"week",5,0
3458,59,114,"week",6,0
3459,57,114,"week",7,0
3460,27,114,"week",11,1
3461,55,115,"season",1,1
3462,49,115,"season",2,0
3463,68,115,"season",3,1
3468,41,115,"season",5,0
3469,59,115,"season",6,0
3470,57,115,"season",7,0
3471,27,115,"season",11,1
3472,55,115,"week",1,1
3473,49,115,"week",2,0
3474,68,115,"week",3,1
3475,35,115,"week",4,1
3476,60,115,"week",8,0
3477,63,115,"week",9,0
3478,62,115,"week",10,0
3479,41,115,"week",5,0
3480,59,115,"week",6,0
3481,57,115,"week",7,0
3482,27,115,"week",11,1
3483,55,116,"week",1,1
3484,49,116,"week",2,0
3485,68,116,"week",3,1
3486,35,116,"week",4,1
3487,248,116,"week",5,0
3488,104,116,"week",6,0
3489,105,116,"week",7,0
3490,106,116,"week",8,0
3491,108,116,"week",9,0
3492,107,116,"week",10,0
3493,109,116,"week",11,0
3494,110,116,"week",12,0
3495,111,116,"week",13,1
3497,27,116,"season",14,1
3498,49,116,"season",2,0
3499,68,116,"season",3,1
3500,2,116,"season",4,1
3501,248,116,"season",5,0
3502,104,116,"season",6,0
3503,105,116,"season",7,0
3504,106,116,"season",8,0
3505,108,116,"season",9,0
3506,107,116,"season",10,0
3507,110,116,"season",11,0
3508,109,116,"season",12,0
3509,111,116,"season",13,1
3510,94,-116,"season",14,1
3511,55,117,"week",1,1
3512,49,117,"week",2,0
3513,68,117,"week",3,1
3514,35,117,"week",4,1
3515,248,117,"week",5,0
3516,104,117,"week",6,0
3517,105,117,"week",7,0
3518,106,117,"week",8,0
3519,108,117,"week",9,0
3520,107,117,"week",10,0
3521,109,117,"week",11,0
3522,110,117,"week",12,0
3523,111,117,"week",13,1
3524,27,117,"week",14,1
3525,55,117,"season",1,1
3526,49,117,"season",2,0
3527,68,117,"season",3,1
3528,2,117,"season",4,1
3529,248,117,"season",5,0
3530,104,117,"season",6,0
3531,105,117,"season",7,0
3532,106,117,"season",8,0
3533,108,117,"season",9,0
3534,107,117,"season",10,0
3535,110,117,"season",11,0
3536,109,117,"season",12,0
3537,111,117,"season",13,1
3538,94,-117,"season",14,1
3542,55,118,"week",1,1
3543,49,118,"week",2,0
3544,68,118,"week",3,1
3545,35,118,"week",4,1
3546,248,118,"week",5,0
3547,104,118,"week",6,0
3548,105,118,"week",7,0
3549,106,118,"week",8,0
3550,108,118,"week",9,0
3551,107,118,"week",10,0
3552,109,118,"week",11,0
3553,110,118,"week",12,0
3554,111,118,"week",13,1
3555,27,118,"week",14,1
3556,55,118,"season",1,1
3557,49,118,"season",2,0
3558,68,118,"season",3,1
3559,2,118,"season",4,1
3560,248,118,"season",5,0
3561,104,118,"season",6,0
3562,105,118,"season",7,0
3563,106,118,"season",8,0
3564,108,118,"season",9,0
3565,107,118,"season",10,0
3566,110,118,"season",11,0
3567,109,118,"season",12,0
3568,111,118,"season",13,1
3569,94,-118,"season",14,1
3991,55,119,"season",1,1
3992,49,119,"season",2,0
3993,68,119,"season",3,1
3994,141,119,"season",4,1
3995,37,119,"season",5,0
3996,38,119,"season",6,0
3997,46,119,"season",7,0
3998,42,119,"season",8,0
3999,146,119,"season",9,1
4000,147,119,"season",10,1
4001,148,119,"season",11,1
4002,149,119,"season",12,1
4003,150,119,"season",13,1
4004,151,119,"season",14,1
4005,40,119,"season",15,0
4006,197,119,"season",16,1
4007,152,119,"season",17,1
4008,153,119,"season",18,0
4009,154,119,"season",19,0
4010,155,119,"season",20,0
4011,60,119,"season",21,0
4012,63,119,"season",22,0
4013,62,119,"season",23,0
4014,29,119,"season",24,0
4015,198,119,"season",25,1
4016,27,119,"season",26,0
4017,55,119,"week",1,1
4018,49,119,"week",2,0
4019,68,119,"week",3,1
4020,35,119,"week",4,1
4021,141,119,"week",5,1
4022,37,119,"week",6,0
4023,38,119,"week",7,0
4024,46,119,"week",8,0
4025,42,119,"week",9,0
4026,146,119,"week",10,1
4027,147,119,"week",11,1
4028,148,119,"week",12,1
4029,149,119,"week",13,1
4030,150,119,"week",14,1
4031,151,119,"week",15,1
4032,40,119,"week",16,0
4033,197,119,"week",17,1
4034,60,119,"week",18,0
4035,63,119,"week",19,0
4036,62,119,"week",20,0
4037,29,119,"week",21,0
4038,198,119,"week",22,1
4039,27,119,"week",23,0
4040,55,120,"season",1,1
4041,49,120,"season",2,0
4042,68,120,"season",3,1
4043,141,120,"season",4,1
4044,60,120,"season",5,0
4045,63,120,"season",6,0
4046,62,120,"season",7,0
4047,156,120,"season",8,1
4048,157,120,"season",9,1
4049,158,120,"season",10,1
4050,159,120,"season",11,1
4051,160,120,"season",12,1
4052,161,120,"season",13,1
4053,195,120,"season",14,1
4054,192,120,"season",15,0
4055,193,120,"season",16,0
4056,194,120,"season",17,0
4057,41,120,"season",18,0
4058,59,120,"season",19,0
4059,57,120,"season",20,0
4060,168,120,"season",21,1
4061,169,120,"season",22,0
4064,191,120,"season",25,1
4065,190,120,"season",26,1
4066,29,120,"season",27,0
4067,198,120,"season",28,1
4068,27,120,"season",29,0
4069,55,120,"week",1,1
4070,49,120,"week",2,0
4071,68,120,"week",3,1
4072,35,120,"week",4,1
4073,141,120,"week",5,1
4074,60,120,"week",6,0
4075,63,120,"week",7,0
4076,62,120,"week",8,0
4077,156,120,"week",9,1
4078,157,120,"week",10,1
4079,158,120,"week",11,1
4080,159,120,"week",12,1
4081,160,120,"week",13,1
4082,161,120,"week",14,1
4083,41,120,"week",15,0
4084,59,120,"week",16,0
4085,57,120,"week",17,0
4086,168,120,"week",18,1
4087,169,120,"week",19,0
4090,191,120,"week",22,1
4091,190,120,"week",23,1
4092,29,120,"week",24,0
4093,198,120,"week",25,1
4094,27,120,"week",26,0
4095,55,121,"season",1,1
4096,49,121,"season",2,0
4097,68,121,"season",3,1
4098,141,121,"season",4,1
4099,199,121,"season",5,1
4100,196,121,"season",6,1
4101,41,121,"season",7,0
4102,59,121,"season",8,0
4103,57,121,"season",9,0
4104,162,121,"season",10,1
4105,163,121,"season",11,1
4106,164,121,"season",12,1
4107,165,121,"season",13,1
4108,166,121,"season",14,1
4109,167,121,"season",15,1
4110,168,121,"season",16,1
4111,169,121,"season",17,0
4112,170,121,"season",18,0
4113,171,121,"season",19,0
4114,63,121,"season",20,0
4115,62,121,"season",21,0
4116,191,121,"season",22,1
4117,190,121,"season",23,1
4118,29,121,"season",24,0
4119,198,121,"season",25,1
4120,27,121,"season",26,0
4121,55,121,"week",1,1
4122,49,121,"week",2,0
4123,68,121,"week",3,1
4124,35,121,"week",4,1
4125,141,121,"week",5,1
4126,199,121,"week",6,1
4127,196,121,"week",7,1
4128,41,121,"week",8,0
4129,59,121,"week",9,0
4130,57,121,"week",10,0
4131,162,121,"week",11,1
4132,163,121,"week",12,1
4133,164,121,"week",13,1
4134,165,121,"week",14,1
4135,166,121,"week",15,1
4136,167,121,"week",16,1
4137,63,121,"week",17,0
4138,62,121,"week",18,0
4139,191,121,"week",19,1
4140,190,121,"week",20,1
4141,29,121,"week",21,0
4142,198,121,"week",22,1
4143,27,121,"week",23,0
4144,55,122,"season",1,1
4145,49,122,"season",2,0
4146,68,122,"season",3,1
4147,141,122,"season",4,1
4148,199,122,"season",5,1
4149,196,122,"season",6,1
4150,41,122,"season",7,0
4151,59,122,"season",8,0
4152,57,122,"season",9,0
4153,162,122,"season",10,1
4154,163,122,"season",11,1
4155,164,122,"season",12,1
4156,165,122,"season",13,1
4157,166,122,"season",14,1
4158,167,122,"season",15,1
4159,168,122,"season",16,1
4160,169,122,"season",17,0
4161,170,122,"season",18,0
4162,171,122,"season",19,0
4163,63,122,"season",20,0
4164,62,122,"season",21,0
4165,191,122,"season",22,1
4166,190,122,"season",23,1
4167,29,122,"season",24,0
4168,198,122,"season",25,1
4169,27,122,"season",26,0
4170,55,122,"week",1,1
4171,49,122,"week",2,0
4172,68,122,"week",3,1
4173,35,122,"week",4,1
4174,141,122,"week",5,1
4175,199,122,"week",6,1
4176,196,122,"week",7,1
4177,41,122,"week",8,0
4178,59,122,"week",9,0
4179,57,122,"week",10,0
4180,162,122,"week",11,1
4181,163,122,"week",12,1
4182,164,122,"week",13,1
4183,165,122,"week",14,1
4184,166,122,"week",15,1
4185,167,122,"week",16,1
4186,63,122,"week",17,0
4187,62,122,"week",18,0
4188,191,122,"week",19,1
4189,190,122,"week",20,1
4190,29,122,"week",21,0
4191,198,122,"week",22,1
4192,27,122,"week",23,0
4193,55,124,"season",1,1
4194,49,124,"season",2,0
4195,68,124,"season",3,1
4196,141,124,"season",4,1
4197,101,124,"season",5,0
4198,181,124,"season",6,1
4199,182,124,"season",7,1
4200,183,124,"season",8,1
4201,184,124,"season",9,1
4202,185,124,"season",10,1
4203,186,124,"season",11,1
4204,187,124,"season",12,1
4205,188,124,"season",13,1
4206,189,124,"season",14,1
4207,52,124,"season",15,0
4208,172,124,"season",16,1
4209,173,124,"season",17,1
4210,180,124,"season",18,1
4211,174,124,"season",19,1
4212,175,124,"season",20,1
4213,176,124,"season",21,1
4214,177,124,"season",22,1
4215,178,124,"season",23,1
4216,179,124,"season",24,1
4217,13,124,"season",25,0
4218,10,124,"season",26,0
4219,30,124,"season",27,0
4220,15,124,"season",28,0
4221,14,124,"season",29,0
4222,27,124,"season",30,0
4223,55,124,"week",1,1
4224,49,124,"week",2,0
4225,68,124,"week",3,1
4226,35,124,"week",4,1
4227,141,124,"week",5,1
4228,101,124,"week",6,0
4229,52,124,"week",7,0
4230,13,124,"week",8,0
4231,10,124,"week",9,0
4232,30,124,"week",10,0
4233,15,124,"week",11,0
4234,14,124,"week",12,0
4235,27,124,"week",13,0
4236,55,123,"season",1,1
4237,49,123,"season",2,0
4238,68,123,"season",3,1
4239,141,123,"season",4,1
4240,99,123,"season",5,0
4241,98,123,"season",6,1
4242,23,123,"season",7,0
4243,22,123,"season",8,0
4244,17,123,"season",9,0
4245,18,123,"season",10,0
4246,19,123,"season",11,0
4247,20,123,"season",12,0
4248,21,123,"season",13,0
4249,24,123,"season",14,0
4250,27,123,"season",15,0
4251,55,123,"week",1,1
4252,49,123,"week",2,0
4253,68,123,"week",3,1
4254,35,123,"week",4,1
4255,141,123,"week",5,1
4256,99,123,"week",6,0
4257,98,123,"week",7,1
4258,23,123,"week",8,0
4259,22,123,"week",9,0
4260,17,123,"week",10,0
4261,18,123,"week",11,0
4262,19,123,"week",12,0
4263,20,123,"week",13,0
4264,21,123,"week",14,0
4265,24,123,"week",15,0
4266,27,123,"week",16,0
4267,55,125,"season",1,1
4268,49,125,"season",2,0
4269,68,125,"season",3,1
4270,141,125,"season",4,1
4271,104,125,"season",5,0
4272,105,125,"season",6,0
4273,106,125,"season",7,0
4274,110,125,"season",8,0
4275,109,125,"season",9,0
4276,108,125,"season",10,0
4277,107,125,"season",11,0
4278,111,125,"season",12,0
4279,27,125,"season",13,0
4280,55,125,"week",1,1
4281,49,125,"week",2,0
4282,68,125,"week",3,1
4283,35,125,"week",4,1
4284,141,125,"week",5,1
4285,104,125,"week",6,0
4286,105,125,"week",7,0
4287,106,125,"week",8,0
4288,110,125,"week",9,0
4289,109,125,"week",10,0
4290,108,125,"week",11,0
4291,107,125,"week",12,0
4292,111,125,"week",13,0
4293,27,125,"week",14,0
4294,55,126,"season",1,1
4295,49,126,"season",2,0
4296,68,126,"season",3,1
4297,141,126,"season",4,1
4298,104,126,"season",5,0
4299,105,126,"season",6,0
4300,106,126,"season",7,0
4301,110,126,"season",8,0
4302,109,126,"season",9,0
4303,108,126,"season",10,0
4304,107,126,"season",11,0
4305,111,126,"season",12,0
4306,27,126,"season",13,0
4307,55,126,"week",1,1
4308,49,126,"week",2,0
4309,68,126,"week",3,1
4310,35,126,"week",4,1
4311,141,126,"week",5,1
4312,104,126,"week",6,0
4313,105,126,"week",7,0
4314,106,126,"week",8,0
4315,110,126,"week",9,0
4316,109,126,"week",10,0
4317,108,126,"week",11,0
4318,107,126,"week",12,0
4319,111,126,"week",13,0
4320,27,126,"week",14,0
4321,55,127,"season",1,1
4322,49,127,"season",2,0
4323,68,127,"season",3,1
4324,141,127,"season",4,1
4325,104,127,"season",5,0
4326,105,127,"season",6,0
4327,106,127,"season",7,0
4328,110,127,"season",8,0
4329,109,127,"season",9,0
4330,108,127,"season",10,0
4331,107,127,"season",11,0
4332,111,127,"season",12,0
4333,191,127,"season",13,1
4334,190,127,"season",14,1
4335,27,127,"season",15,0
4336,55,127,"week",1,1
4337,49,127,"week",2,0
4338,68,127,"week",3,1
4339,35,127,"week",4,1
4340,141,127,"week",5,1
4341,104,127,"week",6,0
4342,105,127,"week",7,0
4343,106,127,"week",8,0
4344,110,127,"week",9,0
4345,109,127,"week",10,0
4346,108,127,"week",11,0
4347,107,127,"week",12,0
4348,111,127,"week",13,0
4349,191,127,"week",14,1
4350,190,127,"week",15,1
4351,27,127,"week",16,0
4352,142,128,"season",1,1
4353,143,128,"season",2,1
4354,68,128,"season",3,1
4355,141,128,"season",4,1
4356,7,128,"season",5,1
4357,46,128,"season",6,0
4358,42,128,"season",7,0
4359,40,128,"season",8,0
4360,63,128,"season",9,0
4361,41,128,"season",10,1
4362,59,128,"season",11,1
4363,200,128,"season",12,0
4364,201,128,"season",13,1
4365,27,128,"season",14,1
4366,262,128,"season",15,1
4367,202,128,"season",16,1
4368,204,128,"season",17,1
4369,205,128,"season",18,1
4370,206,128,"season",19,1
4371,207,128,"season",20,1
4372,208,128,"season",21,1
4373,209,128,"season",22,1
4374,210,128,"season",23,1
4375,211,128,"season",24,1
4376,213,128,"season",26,1
4380,142,129,"season",1,1
4381,143,129,"season",2,1
4382,68,129,"season",3,1
4383,141,129,"season",4,1
4384,7,129,"season",5,1
4385,46,129,"season",6,1
4386,42,129,"season",7,1
4387,40,129,"season",8,1
4388,63,129,"season",9,0
4389,41,129,"season",10,0
4390,59,129,"season",11,0
4391,200,129,"season",12,0
4392,201,129,"season",13,1
4393,27,129,"season",14,1
4394,202,129,"season",15,1
4395,203,129,"season",16,1
4396,204,129,"season",17,1
4397,205,129,"season",18,1
4398,206,129,"season",19,1
4399,207,129,"season",20,1
4400,208,129,"season",21,1
4401,209,129,"season",22,1
4402,210,129,"season",23,1
4403,94,129,"season",24,1
4404,211,129,"season",25,1
4405,212,129,"season",26,1
4406,213,129,"season",27,1
4407,214,129,"season",28,1
4408,142,130,"season",1,1
4409,143,130,"season",2,1
4410,68,130,"season",3,1
4411,141,130,"season",4,1
4412,7,130,"season",5,1
4413,46,130,"season",6,1
4414,42,130,"season",7,1
4415,40,130,"season",8,1
4416,63,130,"season",9,1
4417,41,130,"season",10,0
4418,59,130,"season",11,0
4419,200,130,"season",12,0
4420,201,130,"season",13,1
4421,27,130,"season",14,1
4422,202,130,"season",15,1
4423,203,130,"season",16,1
4424,204,130,"season",17,1
4425,205,130,"season",18,1
4426,206,130,"season",19,1
4427,207,130,"season",20,1
4428,208,130,"season",21,1
4429,209,130,"season",22,1
4430,210,130,"season",23,1
4431,94,130,"season",24,1
4432,211,130,"season",25,1
4433,212,130,"season",26,1
4434,213,130,"season",27,1
4435,214,130,"season",28,1
4436,142,131,"season",1,1
4437,143,131,"season",2,1
4438,68,131,"season",3,1
4439,141,131,"season",4,1
4440,7,131,"season",5,1
4441,46,131,"season",6,1
4442,42,131,"season",7,1
4443,40,131,"season",8,1
4444,63,131,"season",9,1
4445,41,131,"season",10,0
4446,59,131,"season",11,0
4447,200,131,"season",12,0
4448,201,131,"season",13,1
4449,27,131,"season",14,1
4450,202,131,"season",15,1
4451,203,131,"season",16,1
4452,204,131,"season",17,1
4453,205,131,"season",18,1
4454,206,131,"season",19,1
4455,207,131,"season",20,1
4456,208,131,"season",21,1
4457,209,131,"season",22,1
4458,210,131,"season",23,1
4459,94,131,"season",24,1
4460,211,131,"season",25,1
4461,212,131,"season",26,1
4462,213,131,"season",27,1
4463,214,131,"season",28,1
4464,142,132,"season",1,1
4465,143,132,"season",2,1
4466,68,132,"season",3,1
4467,141,132,"season",4,1
4468,7,132,"season",5,1
4469,215,132,"season",6,0
4470,20,132,"season",7,0
4471,21,132,"season",8,0
4472,99,132,"season",9,0
4473,27,132,"season",10,1
4474,202,132,"season",11,1
4475,203,132,"season",12,1
4476,204,132,"season",13,1
4477,205,132,"season",14,1
4478,206,132,"season",15,1
4479,207,132,"season",16,1
4480,208,132,"season",17,1
4481,209,132,"season",18,1
4482,210,132,"season",19,1
4484,211,132,"season",21,1
4485,212,132,"season",22,1
4486,213,132,"season",23,1
4487,214,132,"season",24,1
4566,143,145,"season",1,0
4567,142,145,"season",2,0
4568,141,145,"season",3,0
4569,68,145,"season",4,0
4570,224,145,"season",5,0
4571,106,145,"season",6,0
4572,109,145,"season",7,0
4573,143,146,"season",1,0
4574,142,146,"season",2,0
4575,141,146,"season",3,0
4576,68,146,"season",4,0
4577,224,146,"season",5,0
4578,106,146,"season",6,0
4579,109,146,"season",7,0
4580,143,147,"season",1,0
4581,142,147,"season",2,0
4582,141,147,"season",3,0
4583,68,147,"season",4,0
4584,224,147,"season",5,0
4585,106,147,"season",6,0
4586,109,147,"season",7,0
4587,143,148,"season",1,0
4588,142,148,"season",2,1
4589,141,148,"season",3,1
4590,68,148,"season",4,0
4591,36,148,"season",5,0
4592,50,148,"season",6,0
4593,8,148,"season",7,0
4594,46,148,"season",8,0
4595,42,148,"season",9,0
4596,40,148,"season",10,0
4597,60,148,"season",11,1
4598,63,148,"season",12,1
4599,143,149,"season",1,0
4600,142,149,"season",2,1
4601,141,149,"season",3,1
4602,68,149,"season",4,0
4603,36,149,"season",5,0
4604,50,149,"season",6,0
4605,60,149,"season",7,0
4606,63,149,"season",8,0
4607,62,149,"season",9,0
4608,41,149,"season",10,1
4609,59,149,"season",11,1
4610,143,150,"season",1,0
4611,142,150,"season",2,1
4612,141,150,"season",3,1
4613,68,150,"season",4,0
4614,36,150,"season",5,0
4615,50,150,"season",6,0
4616,60,150,"season",7,0
4617,63,150,"season",8,0
4618,62,150,"season",9,0
4619,41,150,"season",10,1
4620,59,150,"season",11,1
4621,143,151,"season",1,0
4622,142,151,"season",2,1
4623,141,151,"season",3,1
4624,68,151,"season",4,0
4625,36,151,"season",5,0
4626,50,151,"season",6,0
4627,41,151,"season",7,1
4628,59,151,"season",8,1
4629,143,152,"season",1,0
4630,142,152,"season",2,1
4631,99,152,"season",3,0
4632,22,152,"season",4,0
4633,23,152,"season",5,0
4634,17,152,"season",6,0
4635,18,152,"season",7,0
4636,19,152,"season",8,0
4637,20,152,"season",9,0
4638,21,152,"season",10,0
4639,34,152,"season",11,1
4640,27,152,"season",12,1
4641,49,153,"season",1,0
4642,141,153,"season",2,1
4643,68,153,"season",3,0
4644,50,153,"season",4,0
4645,52,153,"season",5,0
4646,101,153,"season",6,0
4647,13,153,"season",7,0
4648,10,153,"season",8,0
4649,30,153,"season",9,1
4650,15,153,"season",10,1
4651,49,137,"season",1,0
4652,68,137,"season",2,1
4653,38,137,"season",3,0
4654,37,137,"season",4,0
4655,39,137,"season",5,0
4656,46,137,"season",6,0
4657,45,137,"season",7,1
4658,42,137,"season",8,0
4659,40,137,"season",9,0
4660,197,137,"season",10,0
4661,60,137,"season",11,0
4662,63,137,"season",12,0
4663,61,137,"season",13,0
4664,62,137,"season",14,0
4665,225,137,"season",15,0
4666,29,137,"season",16,0
4667,153,137,"season",17,0
4668,154,137,"season",18,0
4669,155,137,"season",19,0
4670,49,138,"season",1,0
4671,68,138,"season",2,1
4672,60,138,"season",3,0
4673,63,138,"season",4,0
4674,61,138,"season",5,0
4675,62,138,"season",6,0
4676,41,138,"season",7,0
4677,59,138,"season",8,0
4678,56,138,"season",9,0
4679,57,138,"season",10,0
4680,190,138,"season",11,0
4681,226,138,"season",12,0
4682,191,138,"season",13,0
4683,227,138,"season",14,0
4684,225,138,"season",15,0
4685,29,138,"season",16,0
4686,192,138,"season",17,0
4687,193,138,"season",18,0
4688,194,138,"season",19,0
4689,49,139,"season",1,0
4690,68,139,"season",2,1
4691,41,139,"season",3,0
4692,59,139,"season",4,0
4693,56,139,"season",5,0
4694,57,139,"season",6,0
4695,199,139,"season",7,0
4696,60,139,"season",8,0
4697,63,139,"season",9,0
4698,61,139,"season",10,0
4699,62,139,"season",11,0
4700,190,139,"season",12,0
4701,226,139,"season",13,0
4702,191,139,"season",14,0
4703,227,139,"season",15,0
4704,225,139,"season",16,0
4705,29,139,"season",17,0
4706,192,139,"season",18,0
4707,193,139,"season",19,0
4708,194,139,"season",20,0
4709,49,140,"season",1,0
4710,68,140,"season",2,1
4711,41,140,"season",3,0
4712,59,140,"season",4,0
4713,56,140,"season",5,0
4714,57,140,"season",6,0
4715,199,140,"season",7,0
4716,60,140,"season",8,0
4717,63,140,"season",9,0
4718,61,140,"season",10,0
4719,62,140,"season",11,0
4720,190,140,"season",12,0
4721,226,140,"season",13,0
4722,191,140,"season",14,0
4723,227,140,"season",15,0
4724,225,140,"season",16,0
4725,29,140,"season",17,0
4726,192,140,"season",18,0
4727,193,140,"season",19,0
4728,194,140,"season",20,0
4729,49,141,"season",1,0
4730,68,141,"season",2,1
4731,99,141,"season",3,0
4732,98,141,"season",4,0
4733,228,141,"season",5,0
4734,23,141,"season",6,0
4735,22,141,"season",7,0
4736,25,141,"season",8,0
4737,18,141,"season",9,0
4738,19,141,"season",10,0
4739,20,141,"season",11,0
4740,21,141,"season",12,0
4741,49,142,"season",1,0
4742,68,142,"season",2,1
4743,141,142,"season",3,0
4744,224,142,"season",4,0
4745,104,142,"season",5,0
4746,105,142,"season",6,0
4747,106,142,"season",7,0
4748,109,142,"season",8,0
4749,111,142,"season",9,0
4750,108,142,"season",10,0
4751,107,142,"season",11,0
4752,49,143,"season",1,0
4753,68,143,"season",2,1
4754,141,143,"season",3,0
4755,224,143,"season",4,0
4756,104,143,"season",5,0
4757,105,143,"season",6,0
4758,106,143,"season",7,0
4759,109,143,"season",8,0
4760,111,143,"season",9,0
4761,108,143,"season",10,0
4762,107,143,"season",11,0
4763,49,144,"season",1,0
4764,68,144,"season",2,1
4765,141,144,"season",3,0
4766,224,144,"season",4,0
4767,104,144,"season",5,0
4768,105,144,"season",6,0
4769,106,144,"season",7,0
4770,109,144,"season",8,0
4771,111,144,"season",9,0
4772,108,144,"season",10,0
4773,107,144,"season",11,0
4774,94,154,"season",1,0
4775,49,154,"season",2,0
4776,95,154,"season",3,0
4777,96,154,"season",4,0
4778,7,154,"season",6,0
4779,27,154,"season",7,0
4780,48,154,"season",8,0
4781,51,154,"season",9,0
4782,1,154,"season",10,0
4783,229,154,"season",11,0
4784,230,154,"season",12,0
4785,104,154,"season",13,0
4786,105,154,"season",14,0
4787,231,154,"season",15,0
4788,106,154,"season",16,0
4789,234,154,"season",17,0
4790,110,154,"season",18,0
4791,232,154,"season",19,0
4792,109,154,"season",20,0
4793,108,154,"season",21,0
4794,107,154,"season",22,0
4795,233,154,"season",23,0
4796,94,155,"season",1,0
4797,49,155,"season",2,0
4798,95,155,"season",3,0
4799,96,155,"season",4,0
4800,7,155,"season",6,0
4801,27,155,"season",7,0
4802,48,155,"season",8,0
4803,51,155,"season",9,0
4804,1,155,"season",10,0
4805,229,155,"season",11,0
4806,230,155,"season",12,0
4807,104,155,"season",13,0
4808,105,155,"season",14,0
4809,231,155,"season",15,0
4810,106,155,"season",16,0
4811,234,155,"season",17,0
4812,110,155,"season",18,0
4813,232,155,"season",19,0
4814,109,155,"season",20,0
4815,108,155,"season",21,0
4816,107,155,"season",22,0
4817,233,155,"season",23,0
4818,94,156,"season",1,0
4819,49,156,"season",2,0
4820,95,156,"season",3,0
4821,96,156,"season",4,0
4822,7,156,"season",6,0
4823,27,156,"season",7,0
4824,48,156,"season",8,0
4825,51,156,"season",9,0
4826,1,156,"season",10,0
4827,229,156,"season",11,0
4828,230,156,"season",12,0
4829,104,156,"season",13,0
4830,105,156,"season",14,0
4831,231,156,"season",15,0
4832,106,156,"season",16,0
4833,234,156,"season",17,0
4834,110,156,"season",18,0
4835,232,156,"season",19,0
4836,109,156,"season",20,0
4837,108,156,"season",21,0
4838,107,156,"season",22,0
4839,233,156,"season",23,0
4840,1,7,"season",10,0
4841,37,7,"season",11,0
4842,1,7,"week",10,0
4843,37,7,"week",11,0
4844,166,7,"season",31,1
4845,166,7,"week",31,1
4846,1,8,"season",10,0
4847,37,8,"season",11,0
4848,1,8,"week",10,0
4849,37,8,"week",11,0
4850,166,8,"season",31,1
4851,166,8,"week",31,1
4852,1,9,"season",10,0
4853,37,9,"season",11,0
4854,1,9,"week",10,0
4855,37,9,"week",11,0
4856,166,9,"season",31,1
4857,166,9,"week",31,1
4858,166,10,"season",31,1
4859,166,10,"week",31,1
4860,1,10,"season",10,0
4861,37,10,"season",11,0
4862,1,10,"week",10,0
4863,37,10,"week",11,0
4864,38,7,"season",12,0
4865,38,7,"week",12,0
4866,38,8,"season",12,0
4867,38,8,"week",12,0
4868,38,9,"season",12,0
4869,38,9,"week",12,0
4870,38,10,"season",12,0
4871,38,10,"week",12,0
4872,40,7,"season",16,0
4873,40,7,"week",16,0
4874,40,8,"season",16,0
4875,40,8,"week",16,0
4876,40,9,"week",16,0
4877,40,9,"season",16,0
4878,40,10,"season",16,0
4879,40,10,"week",16,0
4880,59,7,"season",27,0
4881,59,7,"week",27,0
4882,59,8,"season",27,0
4883,59,8,"week",27,0
4884,59,9,"season",27,0
4885,59,9,"week",27,0
4886,59,10,"season",27,0
4887,59,10,"week",27,0
4888,21,11,"season",15,0
4889,237,11,"season",16,0
4890,238,11,"season",17,0
4891,239,11,"season",18,0
4892,240,11,"season",19,0
4893,99,11,"season",21,0
4894,21,11,"week",15,0
4895,237,11,"week",16,0
4896,238,11,"week",17,0
4897,239,11,"week",18,0
4898,240,11,"week",19,0
4899,99,11,"week",21,0
4900,14,12,"season",13,0
4901,14,12,"week",13,0
4902,4,12,"season",18,0
4903,4,12,"week",18,0
4904,243,12,"season",19,0
4905,243,12,"week",19,0
4906,101,12,"season",20,0
4907,101,12,"week",20,0
4908,244,12,"season",21,0
4909,244,12,"week",21,0
4910,111,154,"season",24,1
4911,111,155,"season",24,1
4912,111,156,"season",24,1
4913,248,7,"season",5,1
4914,248,7,"week",5,1
4915,197,7,"season",17,0
4916,197,7,"week",17,0
4917,62,7,"season",21,0
4918,62,7,"week",21,0
4919,41,7,"season",26,0
4920,41,7,"week",26,0
4921,248,8,"season",5,1
4922,248,8,"week",5,1
4923,197,8,"season",17,0
4924,197,8,"week",17,0
4925,62,8,"season",21,0
4926,62,8,"week",21,0
4927,41,8,"season",26,0
4928,41,8,"week",26,0
4929,248,9,"season",5,1
4930,248,9,"week",5,1
4931,197,9,"season",17,0
4932,197,9,"week",17,0
4933,62,9,"season",21,0
4934,62,9,"week",21,0
4935,41,9,"season",26,0
4936,41,9,"week",26,0
4937,248,10,"season",5,1
4938,248,10,"week",5,1
4939,197,10,"season",17,0
4940,197,10,"week",17,0
4941,62,10,"season",21,0
4942,62,10,"week",21,0
4943,41,10,"season",26,0
4944,41,10,"week",26,0
4945,248,11,"season",5,1
4946,248,11,"week",5,1
4947,248,12,"season",5,1
4948,248,12,"week",5,1
4949,248,154,"season",5,1
4950,248,155,"season",5,1
4951,248,156,"season",5,1
4952,60,61,"season",7,0
4953,29,61,"season",10,0
4954,55,157,"season",1,1
4955,143,157,"season",2,0
4956,142,157,"season",3,0
4957,68,157,"season",4,1
4958,7,157,"season",5,1
4959,42,157,"season",6,0
4960,46,157,"season",7,0
4961,37,157,"season",8,0
4962,62,157,"season",9,0
4963,63,157,"season",10,0
4964,60,157,"season",11,0
4965,145,157,"season",12,0
4972,55,158,"season",1,1
4973,143,158,"season",2,0
4974,142,158,"season",3,0
4975,68,158,"season",4,1
4976,7,158,"season",5,1
4977,62,158,"season",6,0
4978,63,158,"season",7,0
4979,60,158,"season",8,0
4980,57,158,"season",9,0
4981,59,158,"season",10,0
4982,41,158,"season",11,0
4983,145,158,"season",12,0
4984,59,158,"season",10,0
4985,57,158,"season",9,0
5003,55,159,"season",1,1
5004,143,159,"season",2,0
5005,142,159,"season",3,0
5006,68,159,"season",4,1
5007,7,159,"season",5,1
5008,57,159,"season",6,0
5009,59,159,"season",7,0
5010,41,159,"season",8,0
5011,62,159,"season",9,0
5012,63,159,"season",10,0
5013,60,159,"season",11,0
5014,145,159,"season",12,0
5015,59,159,"season",7,0
5016,57,159,"season",6,0
5034,55,160,"season",1,1
5035,143,160,"season",2,0
5036,142,160,"season",3,0
5037,68,160,"season",4,1
5038,7,160,"season",5,1
5039,57,160,"season",6,0
5040,59,160,"season",7,0
5041,41,160,"season",8,0
5042,62,160,"season",9,0
5043,63,160,"season",10,0
5044,60,160,"season",11,0
5045,145,160,"season",12,0
5046,59,160,"season",7,0
5047,57,160,"season",6,0
5065,55,161,"season",1,1
5066,143,161,"season",2,0
5067,142,161,"season",3,0
5068,68,161,"season",4,1
5069,7,161,"season",5,1
5070,23,161,"season",6,0
5071,22,161,"season",7,0
5072,145,161,"season",8,0
5079,22,161,"season",7,0
5080,23,161,"season",6,0
5083,253,133,"season",1,1
5084,49,133,"season",2,0
5085,141,133,"season",3,0
5086,68,133,"season",4,0
5087,27,133,"season",5,0
5088,144,133,"season",6,0
5089,38,133,"season",7,0
5090,37,133,"season",8,0
5091,46,133,"season",9,0
5092,42,133,"season",10,0
5093,40,133,"season",11,0
5094,60,133,"season",12,0
5095,63,133,"season",13,0
5096,62,133,"season",14,0
5097,41,133,"season",15,0
5098,59,133,"season",16,0
5099,29,133,"season",18,0
5100,99,133,"season",19,0
13322,253,135,"season",1,1
13323,49,135,"season",2,0
13324,141,135,"season",3,0
13325,68,135,"season",4,0
13326,27,135,"season",5,0
13327,144,135,"season",6,0
13328,38,135,"season",7,0
13329,37,135,"season",8,0
13330,46,135,"season",9,0
13331,42,135,"season",10,0
13332,40,135,"season",11,0
13333,60,135,"season",12,0
13334,63,135,"season",13,0
13335,62,135,"season",14,0
13336,41,135,"season",15,0
13337,59,135,"season",16,0
13338,29,135,"season",18,0
13339,99,135,"season",19,0
13353,253,136,"season",1,1
13354,49,136,"season",2,0
13355,141,136,"season",3,0
13356,68,136,"season",4,0
13357,27,136,"season",5,0
13358,144,136,"season",6,0
13359,38,136,"season",7,0
13360,37,136,"season",8,0
13361,46,136,"season",9,0
13362,42,136,"season",10,0
13363,40,136,"season",11,0
13364,60,136,"season",12,0
13365,63,136,"season",13,0
13366,62,136,"season",14,0
13367,41,136,"season",15,0
13368,59,136,"season",16,0
13369,29,136,"season",18,0
13370,99,136,"season",19,0
13384,253,162,"season",1,1
13385,49,162,"season",2,0
13386,141,162,"season",3,0
13387,68,162,"season",4,0
13388,27,162,"season",5,0
13389,144,162,"season",6,0
13390,38,162,"season",7,0
13391,37,162,"season",8,0
13392,42,162,"season",10,0
13394,40,162,"season",11,0
13395,60,162,"season",12,0
13396,63,162,"season",13,0
13397,62,162,"season",14,0
13398,41,162,"season",15,0
13399,59,162,"season",16,0
13400,29,162,"season",18,0
13415,253,134,"season",1,1
13416,49,134,"season",2,0
13417,141,134,"season",3,0
13418,68,134,"season",4,0
13419,27,134,"season",5,0
13420,144,134,"season",6,0
13421,38,134,"season",7,0
13422,37,134,"season",8,0
13423,46,134,"season",9,0
13424,42,134,"season",10,0
13425,40,134,"season",11,0
13426,60,134,"season",12,0
13427,63,134,"season",13,0
13428,62,134,"season",14,0
13429,41,134,"season",15,0
13430,59,134,"season",16,0
13431,29,134,"season",18,0
13432,99,134,"season",19,0
13433,57,133,"season",17,0
13434,57,134,"season",17,0
13435,57,135,"season",17,0
13436,57,136,"season",17,0
13437,57,162,"season",17,0
13438,133,133,"week",1,1
13439,49,133,"week",2,0
13440,141,133,"week",3,0
13441,68,133,"week",4,0
13442,144,133,"week",5,0
13443,38,133,"week",6,0
13444,37,133,"week",7,0
13445,46,133,"week",8,0
13446,42,133,"week",9,0
13447,40,133,"week",10,0
13448,60,133,"week",11,0
13449,63,133,"week",12,0
13450,62,133,"week",13,0
13451,41,133,"week",14,0
13452,59,133,"week",15,0
13453,57,133,"week",16,0
13455,99,133,"week",19,0
13456,23,133,"week",20,0
13457,133,134,"week",1,1
13458,49,134,"week",2,0
13459,141,134,"week",3,0
13460,68,134,"week",4,0
13461,144,134,"week",5,0
13462,38,134,"week",6,0
13463,37,134,"week",7,0
13464,46,134,"week",8,0
13465,42,134,"week",9,0
13466,40,134,"week",10,0
13467,60,134,"week",11,0
13468,63,134,"week",12,0
13469,62,134,"week",13,0
13470,41,134,"week",14,0
13471,59,134,"week",15,0
13472,57,134,"week",16,0
13474,99,134,"week",19,0
13475,23,134,"week",20,0
13476,133,136,"week",1,1
13477,49,136,"week",2,0
13478,141,136,"week",3,0
13479,68,136,"week",4,0
13480,144,136,"week",5,0
13481,38,136,"week",6,0
13482,37,136,"week",7,0
13483,46,136,"week",8,0
13484,42,136,"week",9,0
13485,40,136,"week",10,0
13486,60,136,"week",11,0
13487,63,136,"week",12,0
13488,62,136,"week",13,0
13489,41,136,"week",14,0
13490,59,136,"week",15,0
13491,57,136,"week",16,0
13493,99,136,"week",19,0
13494,23,136,"week",20,0
13502,133,162,"week",1,1
13503,49,162,"week",2,0
13504,141,162,"week",3,0
13505,68,162,"week",4,0
13506,144,162,"week",5,0
13507,38,162,"week",6,0
13508,37,162,"week",7,0
13509,46,162,"week",8,0
13510,42,162,"week",9,0
13511,40,162,"week",10,0
13512,60,162,"week",11,0
13513,63,162,"week",12,0
13514,62,162,"week",13,0
13515,41,162,"week",14,0
13516,59,162,"week",15,0
13517,57,162,"week",16,0
13519,99,162,"week",19,0
13520,23,162,"week",20,0
13565,133,135,"week",1,1
13566,49,135,"week",2,0
13567,141,135,"week",3,0
13568,68,135,"week",4,0
13569,144,135,"week",5,0
13570,38,135,"week",6,0
13571,37,135,"week",7,0
13572,46,135,"week",8,0
13573,42,135,"week",9,0
13574,40,135,"week",10,0
13575,60,135,"week",11,0
13576,63,135,"week",12,0
13577,62,135,"week",13,0
13578,41,135,"week",14,0
13579,59,135,"week",15,0
13580,57,135,"week",16,0
13582,99,135,"week",19,0
13583,23,135,"week",20,0
13584,143,137,"week",1,0
13585,142,137,"week",2,0
13586,68,137,"week",3,1
13587,141,137,"week",4,0
13588,35,137,"week",5,1
13589,249,137,"week",6,1
13590,250,137,"week",7,1
13591,143,138,"week",1,0
13592,142,138,"week",2,0
13593,68,138,"week",3,1
13594,141,138,"week",4,0
13595,35,138,"week",5,1
13596,249,138,"week",6,1
13597,250,138,"week",7,1
13598,143,139,"week",1,0
13599,142,139,"week",2,0
13600,68,139,"week",3,1
13601,141,139,"week",4,0
13602,35,139,"week",5,1
13603,249,139,"week",6,1
13604,250,139,"week",7,1
13605,143,140,"week",1,0
13606,142,140,"week",2,0
13607,68,140,"week",3,1
13608,141,140,"week",4,0
13609,35,140,"week",5,1
13610,249,140,"week",6,1
13611,250,140,"week",7,1
13612,143,141,"week",1,0
13613,142,141,"week",2,0
13614,68,141,"week",3,1
13615,141,141,"week",4,0
13616,35,141,"week",5,1
13617,249,141,"week",6,1
13618,250,141,"week",7,1
13619,38,137,"week",8,0
13620,37,137,"week",9,0
13621,46,137,"week",10,0
13622,42,137,"week",11,0
13623,40,137,"week",12,0
13624,60,137,"week",13,0
13625,63,137,"week",14,0
13626,62,137,"week",15,0
13627,27,137,"week",16,0
13628,60,138,"week",8,0
13629,63,138,"week",9,0
13630,62,138,"week",10,0
13631,41,138,"week",11,0
13632,59,138,"week",12,0
13633,57,138,"week",13,0
13634,27,138,"week",14,0
13635,41,139,"week",8,0
13636,59,139,"week",9,0
13637,57,139,"week",10,0
13638,60,139,"week",11,0
13639,63,139,"week",12,0
13640,62,139,"week",13,0
13641,27,139,"week",14,0
13642,41,140,"week",8,0
13643,59,140,"week",9,0
13644,57,140,"week",10,0
13645,60,140,"week",11,0
13646,63,140,"week",12,0
13647,62,140,"week",13,0
13648,27,140,"week",14,0
13649,23,141,"week",8,0
13650,22,141,"week",9,0
13651,99,141,"week",10,0
13652,98,141,"week",11,0
13653,27,141,"week",12,0
13654,49,41,"season",1,0
13655,37,41,"season",2,0
13656,38,41,"season",3,0
13657,46,41,"season",4,0
13658,42,41,"season",5,0
13659,40,41,"season",6,0
13660,60,41,"season",7,0
13661,63,41,"season",8,0
13662,62,41,"season",9,0
13663,29,41,"season",10,0
13664,27,41,"season",11,1
13665,49,42,"season",1,0
13666,60,42,"season",2,0
13667,63,42,"season",3,0
13668,62,42,"season",4,0
13669,41,42,"season",5,0
13670,59,42,"season",6,0
13671,57,42,"season",7,0
13672,29,42,"season",8,0
13673,27,42,"season",9,1
13674,49,43,"season",1,0
13675,60,43,"season",2,0
13676,63,43,"season",3,0
13677,62,43,"season",4,0
13678,41,43,"season",5,0
13679,59,43,"season",6,0
13680,57,43,"season",7,0
13681,29,43,"season",8,0
13682,27,43,"season",9,1
13683,49,44,"season",1,0
13684,41,44,"season",2,0
13685,59,44,"season",3,0
13686,57,44,"season",4,0
13687,29,44,"season",5,0
13688,27,44,"season",6,1
13689,49,45,"season",1,0
13690,23,45,"season",2,0
13691,22,45,"season",3,0
13692,99,45,"season",4,0
13693,27,45,"season",5,1
13694,236,7,"season",32,0
13695,58,7,"season",33,0
13696,225,7,"season",35,0
13697,29,7,"season",36,1
13698,236,8,"season",32,0
13699,58,8,"season",33,0
13700,225,8,"season",35,0
13701,29,8,"season",36,1
13702,236,9,"season",32,0
13703,58,9,"season",33,0
13704,225,9,"season",35,0
13705,29,9,"season",36,1
13706,236,10,"season",32,0
13707,58,10,"season",33,0
13708,225,10,"season",35,0
13709,29,10,"season",36,1
13710,27,116,"week",13,1
13711,27,116,"season",14,1
13712,27,117,"season",14,1
13713,27,118,"season",14,1
13714,236,7,"week",32,0
13715,58,7,"week",33,0
13716,225,7,"week",35,0
13717,29,7,"week",36,1
13718,236,8,"week",32,0
13719,58,8,"week",33,0
13720,225,8,"week",35,0
13721,29,8,"week",36,1
13722,236,9,"week",32,0
13723,58,9,"week",33,0
13724,225,9,"week",35,0
13725,29,9,"week",36,1
13726,236,10,"week",32,0
13727,58,10,"week",33,0
13728,225,10,"week",35,0
13729,29,10,"week",36,1
13730,69,7,"season",34,0
13731,69,8,"season",34,0
13732,69,9,"season",34,0
13733,69,10,"season",34,0
13734,69,7,"week",34,0
13735,69,8,"week",34,0
13736,69,9,"week",34,0
13737,69,10,"week",34,0
13738,55,163,"season",1,0
13739,55,164,"season",1,0
13740,55,165,"season",1,0
13741,55,166,"season",1,0
13742,55,167,"season",1,0
13743,55,168,"season",1,0
13744,49,163,"season",2,0
13745,141,163,"season",3,0
13746,68,163,"season",4,0
13747,248,163,"season",5,0
13748,38,163,"season",6,0
13749,37,163,"season",7,0
13750,39,163,"season",8,0
13751,46,163,"season",9,0
13752,45,163,"season",10,0
13753,42,163,"season",11,0
13754,40,163,"season",12,0
13755,1,163,"season",13,1
13756,60,163,"season",14,0
13757,63,163,"season",15,0
13758,61,163,"season",16,0
13759,62,163,"season",17,0
13760,27,163,"season",18,1
13761,32,163,"season",19,1
13762,49,164,"season",2,0
13763,141,164,"season",3,0
13764,68,164,"season",4,0
13765,248,164,"season",5,0
13766,60,164,"season",6,0
13767,63,164,"season",7,0
13768,61,164,"season",8,0
13769,62,164,"season",9,0
13770,199,164,"season",10,0
13771,41,164,"season",11,0
13772,59,164,"season",12,0
13773,57,164,"season",13,0
13774,225,164,"season",14,0
13775,29,164,"season",15,0
13776,27,164,"season",16,1
13777,32,164,"season",17,1
13778,49,165,"season",2,0
13779,141,165,"season",3,0
13780,68,165,"season",4,0
13781,248,165,"season",5,0
13782,199,165,"season",6,0
13783,41,165,"season",7,0
13784,39,165,"season",8,1
13785,59,165,"season",9,0
13786,57,165,"season",10,0
13787,171,165,"season",11,1
13788,61,165,"season",12,1
13789,56,165,"season",13,0
13790,60,165,"season",14,0
13791,63,165,"season",15,0
13792,62,165,"season",16,0
13793,225,165,"season",17,0
13794,29,165,"season",18,0
13795,27,165,"season",19,1
13796,32,165,"season",20,1
13797,49,166,"season",2,0
13798,141,166,"season",3,0
13799,68,166,"season",4,0
13800,248,166,"season",5,0
13801,199,166,"season",6,0
13802,41,166,"season",7,0
13803,39,166,"season",8,1
13804,59,166,"season",9,0
13805,57,166,"season",10,0
13806,171,166,"season",11,0
13807,61,166,"season",12,1
13808,56,166,"season",13,0
13809,60,166,"season",14,0
13810,63,166,"season",15,0
13811,62,166,"season",16,0
13812,225,166,"season",17,0
13813,29,166,"season",18,0
13814,32,166,"season",20,0
13815,49,167,"season",2,0
13816,141,167,"season",3,0
13817,68,167,"season",4,0
13818,248,167,"season",5,0
13819,23,167,"season",6,0
13820,25,167,"season",8,0
13821,24,167,"season",9,1
13822,99,167,"season",10,0
13823,98,167,"season",11,0
13824,27,167,"season",12,0
13825,32,167,"season",13,0
13826,49,168,"season",2,0
13827,141,168,"season",3,0
13828,68,168,"season",4,0
13829,248,168,"season",5,0
13830,242,168,"season",6,0
13831,13,168,"season",7,0
13832,11,168,"season",8,1
13833,10,168,"season",9,0
13834,30,168,"season",10,0
13835,14,168,"season",11,0
13836,15,168,"season",12,0
13837,58,168,"season",13,0
13838,52,168,"season",14,0
13839,27,168,"season",15,0
13840,32,168,"season",16,0
13841,27,166,"season",19,0
13842,22,167,"season",7,0
13843,55,116,"season",1,1
13844,40,169,"season",10,0
13845,37,169,"season",7,0
13846,46,169,"season",8,0
13847,42,169,"season",9,0
13848,35,169,"season",4,0
13849,248,169,"season",5,0
13850,254,169,"season",19,0
13851,38,169,"season",6,0
13852,145,169,"season",20,0
13853,27,169,"season",18,0
13854,225,169,"season",15,0
13855,68,169,"season",3,0
13856,62,169,"season",14,0
13857,55,169,"season",1,0
13858,69,169,"season",17,0
13859,29,169,"season",16,0
13860,49,169,"season",2,0
13861,197,169,"season",11,0
13862,63,169,"season",13,0
13863,60,169,"season",12,0
13864,63,170,"season",7,0
13865,62,170,"season",8,0
13866,43,170,"season",9,0
13867,254,170,"season",19,0
13868,145,170,"season",20,0
13869,60,170,"season",6,0
13870,35,170,"season",4,0
13871,248,170,"season",5,0
13872,69,170,"season",17,0
13873,27,170,"season",18,0
13874,68,170,"season",3,0
13875,55,170,"season",1,0
13876,49,170,"season",2,0
13877,225,170,"season",15,0
13878,58,170,"season",14,0
13879,29,170,"season",16,0
13880,236,170,"season",13,0
13881,57,170,"season",12,0
13882,41,170,"season",10,0
13883,59,170,"season",11,0
13884,57,171,"season",9,0
13885,59,171,"season",8,0
13886,41,171,"season",7,0
13887,35,171,"season",4,0
13888,69,171,"season",17,0
13889,68,171,"season",3,0
13890,43,171,"season",6,0
13891,27,171,"season",18,0
13892,145,171,"season",20,0
13893,248,171,"season",5,0
13894,254,171,"season",19,0
13895,29,171,"season",16,0
13896,225,171,"season",15,0
13897,55,171,"season",1,0
13898,49,171,"season",2,0
13899,58,171,"season",14,0
13900,63,171,"season",11,0
13901,60,171,"season",10,0
13902,236,171,"season",13,0
13903,62,171,"season",12,0
13904,59,172,"season",8,0
13905,57,172,"season",9,0
13906,41,172,"season",7,0
13907,68,172,"season",3,0
13908,145,172,"season",17,0
13909,248,172,"season",5,0
13910,35,172,"season",4,0
13911,43,172,"season",6,0
13912,49,172,"season",2,0
13913,69,172,"season",14,0
13914,55,172,"season",1,0
13915,27,172,"season",15,0
13916,254,172,"season",16,0
13917,29,172,"season",13,0
13918,236,172,"season",10,0
13919,58,172,"season",11,0
13920,225,172,"season",12,0
13921,18,173,"season",7,0
13922,19,173,"season",8,0
13923,17,173,"season",6,0
13924,68,173,"season",3,0
13925,49,173,"season",2,0
13926,248,173,"season",5,0
13927,35,173,"season",4,0
13928,55,173,"season",1,0
13929,145,173,"season",14,0
13930,254,173,"season",13,0
13931,20,173,"season",9,0
13932,27,173,"season",12,0
13933,21,173,"season",10,0
13934,99,173,"season",11,0
13935,28,174,"season",7,0
13936,254,174,"season",18,0
13937,13,174,"season",4,0
13938,10,174,"season",6,0
13939,145,174,"season",19,0
13940,14,174,"season",5,0
13941,55,174,"season",1,0
13942,27,174,"season",17,0
13943,49,174,"season",2,0
13944,260,174,"season",15,0
13945,178,174,"season",16,0
13946,35,174,"season",3,0
13947,258,174,"season",13,0
13948,259,174,"season",14,0
13950,257,174,"season",12,0
13951,30,174,"season",8,0
13952,15,174,"season",9,0
13953,172,174,"season",10,0
13956,214,128,"season",27,1
13957,111,145,"season",8,0
13958,110,145,"season",9,0
13959,107,145,"season",10,0
13960,111,146,"season",8,0
13961,110,146,"season",9,0
13962,107,146,"season",10,0
13963,111,147,"season",8,0
13964,110,147,"season",9,0
13965,107,147,"season",10,0
13966,62,148,"season",13,0
13967,34,148,"season",14,0
13968,27,148,"season",15,0
13969,57,149,"season",12,0
13970,34,149,"season",13,1
13971,27,149,"season",14,1
13972,57,150,"season",12,0
13973,34,150,"season",13,1
13974,27,150,"season",14,1
13975,57,151,"season",9,0
13976,34,151,"season",10,1
13977,27,151,"season",11,1
13978,68,152,"season",4,0
13979,50,152,"season",5,0
13980,34,153,"season",11,1
13981,27,153,"season",12,1
13983,27,28,"season",16,0
13984,141,152,"season",3,0
13985,70,152,"season",16,0
13986,81,152,"season",17,0
13987,23,133,"season",20,0
13988,23,135,"season",20,0
13989,23,136,"season",20,0
13990,99,162,"season",19,0
13991,23,162,"season",20,0
13992,23,134,"season",20,0
13993,46,162,"season",9,0
13994,212,128,"season",25,1
13995,97,7,"season",37,1
13996,97,8,"season",37,1
13997,97,9,"season",37,1
13998,97,10,"season",37,1
13999,97,11,"season",23,1
14000,97,12,"season",24,1
14001,97,154,"season",25,1
14002,97,155,"season",25,1
14003,97,156,"season",25,1
14004,97,7,"week",37,1
14005,97,8,"week",37,1
14006,97,9,"week",37,1
14007,97,10,"week",37,1
14008,97,11,"week",23,1
14009,97,12,"week",24,1
14010,7,154,"week",6,0
14011,7,155,"week",6,0
14012,7,156,"week",6,0
14013,94,7,"season",1,1
14014,94,154,"week",1,1
14015,49,154,"week",2,0
14016,95,154,"week",3,1
14017,96,154,"week",4,1
14018,248,154,"week",5,1
14019,94,155,"week",1,1
14020,49,155,"week",2,0
14021,95,155,"week",3,1
14022,96,155,"week",4,1
14023,248,155,"week",5,1
14024,27,154,"week",7,1
14025,48,154,"week",8,1
14026,230,154,"week",9,0
14027,229,154,"week",10,0
14028,104,154,"week",11,0
14029,224,154,"week",12,0
14030,105,154,"week",13,0
14031,231,154,"week",14,0
14032,106,154,"week",15,0
14033,234,154,"week",16,0
14034,110,154,"week",17,0
14035,232,154,"week",18,0
14036,109,154,"week",19,0
14037,108,154,"week",20,0
14038,107,154,"week",21,0
14039,233,154,"week",22,0
14040,236,154,"week",23,0
14041,111,154,"week",24,0
14042,97,154,"week",25,0
14043,27,155,"week",7,1
14044,48,155,"week",8,1
14045,230,155,"week",9,0
14046,229,155,"week",10,0
14047,104,155,"week",11,0
14048,224,155,"week",12,0
14049,105,155,"week",13,0
14050,231,155,"week",14,0
14051,106,155,"week",15,0
14052,234,155,"week",16,0
14053,110,155,"week",17,0
14054,232,155,"week",18,0
14055,109,155,"week",19,0
14056,108,155,"week",20,0
14057,107,155,"week",21,0
14058,233,155,"week",22,0
14059,236,155,"week",23,0
14060,111,155,"week",24,0
14061,97,155,"week",25,0
14062,27,156,"week",7,1
14063,48,156,"week",8,1
14064,230,156,"week",9,0
14065,229,156,"week",10,0
14066,104,156,"week",11,0
14067,224,156,"week",12,0
14068,105,156,"week",13,0
14069,231,156,"week",14,0
14070,106,156,"week",15,0
14071,234,156,"week",16,0
14072,110,156,"week",17,0
14073,232,156,"week",18,0
14074,109,156,"week",19,0
14075,108,156,"week",20,0
14076,107,156,"week",21,0
14077,233,156,"week",22,0
14078,236,156,"week",23,0
14079,111,156,"week",24,0
14080,97,156,"week",25,0
14081,94,156,"week",1,1
14082,49,156,"week",2,0
14083,95,156,"week",3,1
14084,96,156,"week",4,1
14085,248,156,"week",5,1
14086,7,7,"season",6,0
