"name","pos","team_cbs","positionRank_cbs","overallRank_cbs","passAtt_cbs","passComp_cbs","passYds_cbs","passTds_cbs","passInt_cbs","passCompPct_cbs","passYdsPerAtt_cbs","rushAtt_cbs","rushYds_cbs","rushYdsPerAtt_cbs","rushTds_cbs","rec_cbs","recYds_cbs","recYdsPerRec_cbs","recTds_cbs","twoPts_cbs","fumbles_cbs","pts_cbs"
"Drew Brees","QB","NO",1,1,657.3,444,5139.7,43,16.7,67.5,7.8,16.7,21.3,1.3,1,NA,NA,NA,NA,NA,2,423.6
"Aaron Rodgers","QB","GB",2,2,552,370,4573,39.3,11,67,8.3,59.3,266,4.5,3,NA,NA,NA,NA,NA,2.3,420.2
"Peyton Manning","QB","DEN",3,3,603,413,4861.7,39.7,12,68.5,8.1,18.3,10.7,0.6,0,NA,NA,NA,NA,NA,1.3,399.6
"Cam Newton","QB","CAR",4,4,508,307.7,4070.3,22.7,12.3,60.6,8,123,709.7,5.8,7.3,NA,NA,NA,NA,NA,3,368.4
"Tom Brady","QB","NE",5,5,595.3,392,4525.7,33.7,12,65.8,7.6,33,57,1.7,2.7,NA,NA,NA,NA,NA,1.3,367.8
"Matt Ryan","QB","ATL",6,6,612,412.3,4798.7,33.3,13.3,67.4,7.8,34.3,96.7,2.8,1,NA,NA,NA,NA,NA,2.7,360.8
"Matthew Stafford","QB","DET",7,7,679.7,422.7,4948.7,30.7,16.3,62.2,7.3,23.3,80.3,3.4,1.7,NA,NA,NA,NA,NA,2.3,352.2
"Andrew Luck","QB","IND",8,8,579.3,369.3,4460,28.3,14.3,63.7,7.7,61.3,270,4.4,3,NA,NA,NA,NA,NA,3,343.2
"Colin Kaepernick","QB","SF",9,9,511.3,326.3,4003.3,22.3,13.3,63.8,7.8,110,618,5.6,5.3,NA,NA,NA,NA,NA,3.3,338.4
"Robert Griffin III","QB","WAS",10,10,440.7,289.3,3462.3,24,9.7,65.6,7.9,96.3,581.3,6,6,NA,NA,NA,NA,NA,3.3,334
"Russell Wilson","QB","SEA",11,11,468,306,3698.7,26,11.7,65.4,7.9,93.3,487,5.2,4,NA,NA,NA,NA,NA,3,333.6
"Tony Romo","QB","DAL",12,12,625.3,408.3,4867,29,15.3,65.3,7.8,22,46.7,2.1,0.7,NA,NA,NA,NA,NA,2.3,332
"Eli Manning","QB","NYG",13,13,567.3,360.7,4324.7,29.3,14,63.6,7.6,28,35.7,1.3,0,NA,NA,NA,NA,NA,2.3,308.2
"Jay Cutler","QB","CHI",14,14,528.3,334.7,4001.3,26.3,13.7,63.4,7.6,34.3,170.3,5,1,NA,NA,NA,NA,NA,3.7,291
"Andy Dalton","QB","CIN",15,15,555,343,4086.7,27,16.7,61.8,7.4,41.7,127.3,3.1,1,NA,NA,NA,NA,NA,3.7,289.2
"Michael Vick","QB","PHI",16,16,451,282.7,3491,22.3,14,62.7,7.7,78,478.7,6.1,3.3,NA,NA,NA,NA,NA,3.7,287.2
"Josh Freeman","QB","TB",17,17,546.7,331.7,4106.3,25.7,16.3,60.7,7.5,44.3,163.7,3.7,0.7,NA,NA,NA,NA,NA,3,286.8
"Ben Roethlisberger","QB","PIT",18,18,524.3,334.3,3929,24.3,10.3,63.8,7.5,27.7,94.7,3.4,2,NA,NA,NA,NA,NA,3,283.2
"Joe Flacco","QB","BAL",19,19,561.3,355,4113.3,25,15.7,63.2,7.3,39,67.3,1.7,1.3,NA,NA,NA,NA,NA,4,279.4
"Matt Schaub","QB","HOU",20,20,540.7,344.7,4143.7,24.3,12.7,63.8,7.7,20.7,12.3,0.6,0.3,NA,NA,NA,NA,NA,2.3,275.6
"Philip Rivers","QB","SD",21,21,563.7,359.7,4315,25.3,17.3,63.8,7.7,24.3,35.3,1.5,0,NA,NA,NA,NA,NA,4,273.2
"Ryan Tannehill","QB","MIA",22,22,549.3,349,4068,21.7,15.3,63.5,7.4,52.3,226.7,4.3,1.3,NA,NA,NA,NA,NA,3,272.4
"Alex Smith","QB","KC",23,23,560.3,361.7,4090.7,22.7,13.7,64.6,7.3,38.3,131.3,3.4,1,NA,NA,NA,NA,NA,3.7,270.4
"Sam Bradford","QB","STL",24,24,551,340,3927.7,23.3,13.3,61.7,7.1,28.7,66,2.3,0.7,NA,NA,NA,NA,NA,3,262.4
"Carson Palmer","QB","ARI",25,25,580,355.7,4072,24,17,61.3,7,21.7,29.7,1.4,0,NA,NA,NA,NA,NA,3.3,261.4
"Adrian Peterson","RB","MIN",1,26,NA,NA,NA,NA,NA,NA,NA,326.3,1612.3,4.9,13.7,39.7,259.7,6.5,1.7,NA,1.3,260.8
"Jake Locker","QB","TEN",26,27,498,304.7,3651.3,19.7,13.7,61.2,7.3,58.3,276.7,4.7,2.3,NA,NA,NA,NA,NA,2.3,260
"Arian Foster","RB","HOU",2,28,NA,NA,NA,NA,NA,NA,NA,300,1344,4.5,14.3,45.3,329,7.3,2,NA,2,245.8
"Brandon Weeden","QB","CLE",27,29,545,330,3895.3,20.7,15.7,60.6,7.1,24,83.3,3.5,0,NA,NA,NA,NA,NA,1.3,240.2
"Christian Ponder","QB","MIN",28,30,497.3,308.3,3517.3,21,15,62,7.1,47,209.7,4.5,1,NA,NA,NA,NA,NA,4,239
"Jamaal Charles","RB","KC",3,31,NA,NA,NA,NA,NA,NA,NA,266,1437,5.4,7.7,58,496.7,8.6,2.3,NA,1.7,234.6
"Doug Martin","RB","TB",4,32,NA,NA,NA,NA,NA,NA,NA,301.3,1337,4.4,10,50.7,454,9,1.3,NA,1.3,228.2
"Matt Flynn","QB","OAK",29,33,457,285.3,3583.7,20.7,14.7,62.4,7.8,27,47,1.7,0.3,NA,NA,NA,NA,NA,2.3,227
"Marshawn Lynch","RB","SEA",5,34,NA,NA,NA,NA,NA,NA,NA,298,1428,4.8,12.3,24.7,195.3,7.9,1,NA,1.7,223.4
"Calvin Johnson","WR","DET",1,35,NA,NA,NA,NA,NA,NA,NA,NA,NA,NA,NA,106.3,1680.3,15.8,10.3,NA,1,220.8
"Trent Richardson","RB","CLE",6,36,NA,NA,NA,NA,NA,NA,NA,300.3,1280.7,4.3,10,49.3,386.7,7.8,1.3,NA,0.7,218.4
"C.J. Spiller","RB","BUF",7,37,NA,NA,NA,NA,NA,NA,NA,259.3,1382.3,5.3,8,41,346.3,8.4,2.7,NA,2,217.2
"LeSean McCoy","RB","PHI",8,38,NA,NA,NA,NA,NA,NA,NA,268,1270.7,4.7,9,53.7,386,7.2,2.3,NA,2,213.8
"Ray Rice","RB","BAL",9,39,NA,NA,NA,NA,NA,NA,NA,262,1182,4.5,8,62.3,516.7,8.3,2,NA,1.7,210.6
"E.J. Manuel","QB","BUF",30,40,354.7,212.7,2710.3,16.3,11.3,60,7.6,46,263,5.7,2.7,NA,NA,NA,NA,NA,1.7,205
"Alfred Morris","RB","WAS",10,41,NA,NA,NA,NA,NA,NA,NA,313.3,1431.3,4.6,10.7,14.3,87.3,6.1,0.3,NA,2.3,200.4
"A.J. Green","WR","CIN",2,42,NA,NA,NA,NA,NA,NA,NA,NA,NA,NA,NA,95.7,1408.7,14.7,10.3,NA,0,195.8
"Matt Forte","RB","CHI",11,43,NA,NA,NA,NA,NA,NA,NA,255.3,1154,4.5,5.7,59,470,8,3,NA,2,195.2
"Brandon Marshall","WR","CHI",3,44,NA,NA,NA,NA,NA,NA,NA,NA,NA,NA,NA,103.7,1384,13.3,10.7,NA,0.7,192.8
"Dez Bryant","WR","DAL",4,45,NA,NA,NA,NA,NA,NA,NA,NA,NA,NA,NA,93,1384,14.9,10.7,NA,1.3,191.6
"Julio Jones","WR","ATL",5,46,NA,NA,NA,NA,NA,NA,NA,NA,NA,NA,NA,85.3,1312,15.4,10.7,NA,0,189.2
"Steven Jackson","RB","ATL",12,47,NA,NA,NA,NA,NA,NA,NA,255,1144,4.5,9,42,335,8,0.7,NA,1,188.2
"Demaryius Thomas","WR","DEN",6,48,NA,NA,NA,NA,NA,NA,NA,NA,NA,NA,NA,86.7,1312,15.1,10.7,NA,1.7,184.8
"Maurice Jones-Drew","RB","JAC",13,49,NA,NA,NA,NA,NA,NA,NA,287,1267,4.4,6.3,38,298,7.8,1.7,NA,1.7,184.6
"Chris Johnson","RB","TEN",14,50,NA,NA,NA,NA,NA,NA,NA,271,1293,4.8,6.3,39,291.3,7.5,1,NA,1.7,182.4
"Stevan Ridley","RB","NE",15,51,NA,NA,NA,NA,NA,NA,NA,268,1223.3,4.6,11.7,7,58.3,8.3,0,NA,2,182.2
"Blaine Gabbert","QB","JAC",31,52,367,221.7,2815.3,16,11.7,60.4,7.7,25,70.7,2.8,0.7,NA,NA,NA,NA,NA,2.7,179.4
"Roddy White","WR","ATL",7,53,NA,NA,NA,NA,NA,NA,NA,NA,NA,NA,NA,90,1278,14.2,9.3,NA,0,174.8
"Andre Johnson","WR","HOU",8,54,NA,NA,NA,NA,NA,NA,NA,NA,NA,NA,NA,98.7,1384.3,14,7.3,NA,0,173.8
"DeMarco Murray","RB","DAL",16,54,NA,NA,NA,NA,NA,NA,NA,244.7,1114.7,4.6,7.3,38.7,312,8.1,1,NA,1,173.8
"Reggie Bush","RB","DET",17,56,NA,NA,NA,NA,NA,NA,NA,210.3,959.7,4.6,5,70.3,548,7.8,2.3,NA,2.3,173.2
"Larry Fitzgerald","WR","ARI",9,57,NA,NA,NA,NA,NA,NA,NA,NA,NA,NA,NA,91.3,1292.7,14.2,8.3,NA,0.3,170.2
"Percy Harvin","WR","SEA",10,58,NA,NA,NA,NA,NA,NA,NA,NA,NA,NA,NA,81.3,1075,13.2,7,NA,1,165.8
"Vincent Jackson","WR","TB",11,59,NA,NA,NA,NA,NA,NA,NA,NA,NA,NA,NA,71.7,1215.3,16.9,8.7,NA,0,165.2
"Randall Cobb","WR","GB",12,60,NA,NA,NA,NA,NA,NA,NA,NA,NA,NA,NA,92.3,1138,12.3,8.7,NA,1.3,164.8
"Frank Gore","RB","SF",18,61,NA,NA,NA,NA,NA,NA,NA,249,1120.7,4.5,7.3,23.7,203.3,8.6,1,NA,1.3,164.2
"Lamar Miller","RB","MIA",19,62,NA,NA,NA,NA,NA,NA,NA,232.7,1115.7,4.8,5.7,35,295,8.4,1.3,NA,1,164
"Victor Cruz","WR","NYG",13,63,NA,NA,NA,NA,NA,NA,NA,NA,NA,NA,NA,87.7,1225.7,14,8.3,NA,0,163.8
"Jimmy Graham","TE","NO",1,64,NA,NA,NA,NA,NA,NA,NA,NA,NA,NA,NA,87,1094.3,12.6,10,NA,0,161
"Wes Welker","WR","DEN",14,65,NA,NA,NA,NA,NA,NA,NA,NA,NA,NA,NA,97,1212.7,12.5,7.7,NA,0,159.2
"Darren McFadden","RB","OAK",20,66,NA,NA,NA,NA,NA,NA,NA,228.7,1030.7,4.5,5.7,39,310.3,8,1.3,NA,2,156
"Marques Colston","WR","NO",15,67,NA,NA,NA,NA,NA,NA,NA,NA,NA,NA,NA,81.7,1128.7,13.8,8.7,NA,1,155.2
"David Wilson","RB","NYG",21,68,NA,NA,NA,NA,NA,NA,NA,227.3,1115.7,4.9,5.3,26.3,236.7,9,1.3,NA,1.3,155
"Reggie Wayne","WR","IND",16,69,NA,NA,NA,NA,NA,NA,NA,NA,NA,NA,NA,92.3,1196.3,13,7.3,NA,0.7,153.4
"Geno Smith","QB","NYJ",32,70,317.3,192,1515.3,15,11,60.5,4.8,76.7,340.7,4.4,2,NA,NA,NA,NA,NA,2.7,152.6
"Dwayne Bowe","WR","KC",17,71,NA,NA,NA,NA,NA,NA,NA,NA,NA,NA,NA,79.7,1158.7,14.5,7.3,NA,0.3,151.2
"Rob Gronkowski","TE","NE",2,72,NA,NA,NA,NA,NA,NA,NA,NA,NA,NA,NA,69,944,13.7,11,NA,1,151
"Jordy Nelson","WR","GB",18,73,NA,NA,NA,NA,NA,NA,NA,NA,NA,NA,NA,68,1079.3,15.9,8.7,NA,0.7,150.8
"Eric Decker","WR","DEN",19,74,NA,NA,NA,NA,NA,NA,NA,NA,NA,NA,NA,71.3,973.7,13.7,10.3,NA,0.7,149.4
"Pierre Garcon","WR","WAS",20,75,NA,NA,NA,NA,NA,NA,NA,NA,NA,NA,NA,72.7,1097,15.1,8,NA,0.7,148.6
"Darren Sproles","RB","NO",22,76,NA,NA,NA,NA,NA,NA,NA,75.7,420.3,5.6,2.3,77.7,691,8.9,6.7,NA,1,148
"James Jones","WR","GB",21,77,NA,NA,NA,NA,NA,NA,NA,NA,NA,NA,NA,70,929.7,13.3,10.3,NA,0.7,145.4
"Steve Smith","WR","CAR",22,78,NA,NA,NA,NA,NA,NA,NA,NA,NA,NA,NA,73,1132.3,15.5,6.7,NA,1,144.2
"Le'Veon Bell","RB","PIT",23,79,NA,NA,NA,NA,NA,NA,NA,247,1008,4.1,6.3,24.3,177.3,7.3,0.7,NA,1.7,143.6
"Montee Ball","RB","DEN",24,80,NA,NA,NA,NA,NA,NA,NA,230.3,1006.3,4.4,7.3,22,168,7.6,0.3,NA,1.7,143.2
"Chris Ivory","RB","NYJ",25,81,NA,NA,NA,NA,NA,NA,NA,249.3,1094.7,4.4,6.7,11,82.7,7.5,0,NA,1.7,141.8
"Hakeem Nicks","WR","NYG",23,81,NA,NA,NA,NA,NA,NA,NA,NA,NA,NA,NA,72.3,1065,14.7,7.3,NA,0,141.8
"Cecil Shorts","WR","JAC",24,83,NA,NA,NA,NA,NA,NA,NA,NA,NA,NA,NA,68.3,1096.3,16.1,6.7,NA,0.3,140.6
"Torrey Smith","WR","BAL",25,84,NA,NA,NA,NA,NA,NA,NA,NA,NA,NA,NA,62,1016.3,16.4,7.3,NA,0.3,138.2
"Danny Amendola","WR","NE",26,85,NA,NA,NA,NA,NA,NA,NA,NA,NA,NA,NA,89.3,1097.7,12.3,6,NA,1.3,135.4
"Chad Henne","QB","JAC",33,86,245,153.7,2059.3,13.7,11,62.7,8.4,16,48.7,3,0,NA,NA,NA,NA,NA,1.7,134.8
"Steve Johnson","WR","BUF",27,87,NA,NA,NA,NA,NA,NA,NA,NA,NA,NA,NA,78.7,1046,13.3,6.7,NA,1.3,134.6
"Tavon Austin","WR","STL",28,88,NA,NA,NA,NA,NA,NA,NA,NA,NA,NA,NA,79.3,964.3,12.2,5,NA,1.3,133.2
"Eddie Lacy","RB","GB",26,89,NA,NA,NA,NA,NA,NA,NA,201,883.7,4.4,7,20.3,147,7.2,0.7,NA,0.7,132.8
"Kenny Britt","WR","TEN",29,90,NA,NA,NA,NA,NA,NA,NA,NA,NA,NA,NA,62,961.7,15.5,7.3,NA,0.3,132.2
"T.Y. Hilton","WR","IND",30,91,NA,NA,NA,NA,NA,NA,NA,NA,NA,NA,NA,66,962.7,14.6,7,NA,0,132
"Mike Williams","WR","TB",31,92,NA,NA,NA,NA,NA,NA,NA,NA,NA,NA,NA,65,948.3,14.6,7.3,NA,0.3,130.2
"Antonio Brown","WR","PIT",32,93,NA,NA,NA,NA,NA,NA,NA,NA,NA,NA,NA,77,1053,13.7,5.7,NA,1.3,129.6
"Mike Wallace","WR","MIA",33,94,NA,NA,NA,NA,NA,NA,NA,NA,NA,NA,NA,65.7,995.7,15.2,6.3,NA,1,128.8
"Danario Alexander","WR","SD",34,95,NA,NA,NA,NA,NA,NA,NA,NA,NA,NA,NA,58.7,936,15.9,7.3,NA,0.3,128.2
"Shane Vereen","RB","NE",27,96,NA,NA,NA,NA,NA,NA,NA,137.3,624,4.5,4.3,46,428.3,9.3,2.3,NA,0.3,128
"Rashard Mendenhall","RB","ARI",28,97,NA,NA,NA,NA,NA,NA,NA,228.7,920.7,4,6,19,149,7.8,0.3,NA,0.7,127.4
"Jeremy Maclin","WR","PHI",35,98,NA,NA,NA,NA,NA,NA,NA,NA,NA,NA,NA,69,914.3,13.3,7.3,NA,1,126.8
"Ryan Mathews","RB","SD",29,98,NA,NA,NA,NA,NA,NA,NA,215.3,934,4.3,5,30,217,7.2,0.3,NA,2,126.8
"DeSean Jackson","WR","PHI",36,100,NA,NA,NA,NA,NA,NA,NA,NA,NA,NA,NA,63.7,961.7,15.1,5,NA,1.7,125.8
"Josh Gordon","WR","CLE",37,101,NA,NA,NA,NA,NA,NA,NA,NA,NA,NA,NA,58.7,954,16.3,6.7,NA,1,125.2
"Tony Gonzalez","TE","ATL",3,102,NA,NA,NA,NA,NA,NA,NA,NA,NA,NA,NA,84.3,891.7,10.6,7.3,NA,0,124.8
"Andre Brown","RB","NYG",30,103,NA,NA,NA,NA,NA,NA,NA,161.7,712.7,4.4,8.3,22.7,165.3,7.3,0.3,NA,1,121.6
"Giovani Bernard","RB","CIN",32,104,NA,NA,NA,NA,NA,NA,NA,179.3,816.7,4.6,4,33,259.7,7.9,1.3,NA,1.7,121.4
"Jonathan Stewart","RB","CAR",31,104,NA,NA,NA,NA,NA,NA,NA,177.7,815.3,4.6,5,26.7,224,8.4,1,NA,1.3,121.4
"Greg Jennings","WR","MIN",38,106,NA,NA,NA,NA,NA,NA,NA,NA,NA,NA,NA,69.7,863.3,12.4,7,NA,0,120
"Lance Moore","WR","NO",39,107,NA,NA,NA,NA,NA,NA,NA,NA,NA,NA,NA,62.7,911.3,14.5,6.3,NA,0.3,119.2
"Vernon Davis","TE","SF",4,108,NA,NA,NA,NA,NA,NA,NA,NA,NA,NA,NA,64,883.7,13.8,6.3,NA,0,118.8
"Jason Witten","TE","DAL",5,109,NA,NA,NA,NA,NA,NA,NA,NA,NA,NA,NA,91.3,920.7,10.1,5.7,NA,0,118.2
"Miles Austin","WR","DAL",40,109,NA,NA,NA,NA,NA,NA,NA,NA,NA,NA,NA,63.3,868,13.7,6.7,NA,1,118.2
"Dennis Pitta","TE","BAL",6,111,NA,NA,NA,NA,NA,NA,NA,NA,NA,NA,NA,70,767.3,11,7.7,NA,0.3,113.6
"Anquan Boldin","WR","SF",41,112,NA,NA,NA,NA,NA,NA,NA,NA,NA,NA,NA,61.3,874.3,14.3,5.7,NA,0.3,112.6
"BenJarvus Green-Ellis","RB","CIN",33,112,NA,NA,NA,NA,NA,NA,NA,186.7,776,4.2,7,11,71,6.5,0,NA,0.7,112.6
"Denarius Moore","WR","OAK",42,114,NA,NA,NA,NA,NA,NA,NA,NA,NA,NA,NA,58.3,843.3,14.5,6,NA,0.3,112.4
"Mark Ingram","RB","NO",34,115,NA,NA,NA,NA,NA,NA,NA,182.3,767.3,4.2,7,7.3,37.7,5.2,0,NA,1,109
"Justin Blackmon","WR","JAC",43,116,NA,NA,NA,NA,NA,NA,NA,NA,NA,NA,NA,58.7,798.3,13.6,5.7,NA,0,108
"Michael Floyd","WR","ARI",44,117,NA,NA,NA,NA,NA,NA,NA,NA,NA,NA,NA,58,803,13.8,5.7,NA,0.3,106.6
"Vick Ballard","RB","IND",35,118,NA,NA,NA,NA,NA,NA,NA,171,723.3,4.2,4.3,21.3,183,8.6,1,NA,0.7,106.4
"Emmanuel Sanders","WR","PIT",45,119,NA,NA,NA,NA,NA,NA,NA,NA,NA,NA,NA,65.7,862.3,13.1,5,NA,1.3,105.4
"Chris Givens","WR","STL",46,120,NA,NA,NA,NA,NA,NA,NA,NA,NA,NA,NA,53.7,809,15.1,5,NA,0.3,103.4
"Greg Olsen","TE","CAR",7,120,NA,NA,NA,NA,NA,NA,NA,NA,NA,NA,NA,66,802,12.2,5.3,NA,0.7,103.4
"Antonio Gates","TE","SD",8,122,NA,NA,NA,NA,NA,NA,NA,NA,NA,NA,NA,61.7,714,11.6,6.7,NA,0,103.2
"Kendall Wright","WR","TEN",47,122,NA,NA,NA,NA,NA,NA,NA,NA,NA,NA,NA,64.3,787,12.2,5.7,NA,1,103.2
"DeAndre Hopkins","WR","HOU",48,124,NA,NA,NA,NA,NA,NA,NA,NA,NA,NA,NA,50,762.7,15.3,5.7,NA,0.3,102.6
"Zac Stacy","RB","STL",36,125,NA,NA,NA,NA,NA,NA,NA,168,769,4.6,5,14,102.3,7.3,0,NA,0.7,101.6
"Kyle Rudolph","TE","MIN",9,126,NA,NA,NA,NA,NA,NA,NA,NA,NA,NA,NA,59,610.7,10.4,8,NA,0,101
"Alshon Jeffery","WR","CHI",50,127,NA,NA,NA,NA,NA,NA,NA,NA,NA,NA,NA,49,772.7,15.8,5.3,NA,0,100.8
"Santonio Holmes","WR","NYJ",49,127,NA,NA,NA,NA,NA,NA,NA,NA,NA,NA,NA,58.3,760.7,13,5.7,NA,0.7,100.8
"Mikel Leshoure","RB","DET",37,129,NA,NA,NA,NA,NA,NA,NA,141,598.3,4.2,8,14.7,107,7.3,0,NA,2,100
"Rueben Randle","WR","NYG",51,130,NA,NA,NA,NA,NA,NA,NA,NA,NA,NA,NA,49.3,726,14.7,5.7,NA,0.3,98.6
"Martellus Bennett","TE","CHI",10,131,NA,NA,NA,NA,NA,NA,NA,NA,NA,NA,NA,57.7,700.3,12.1,6,NA,0,98
"Jared Cook","TE","STL",11,132,NA,NA,NA,NA,NA,NA,NA,NA,NA,NA,NA,58.7,727.3,12.4,5.7,NA,0.7,97.8
"Sidney Rice","WR","SEA",52,132,NA,NA,NA,NA,NA,NA,NA,NA,NA,NA,NA,54.3,738,13.6,5.3,NA,0,97.8
"Brandon LaFell","WR","CAR",53,134,NA,NA,NA,NA,NA,NA,NA,NA,NA,NA,NA,52.7,800,15.2,4,NA,0,97
"Bernard Pierce","RB","BAL",38,135,NA,NA,NA,NA,NA,NA,NA,157,742.7,4.7,4,13,88.3,6.8,0.7,NA,0.7,96.8
"Brian Hartline","WR","MIA",54,136,NA,NA,NA,NA,NA,NA,NA,NA,NA,NA,NA,59.7,816,13.7,3.7,NA,1,95.2
"Jermichael Finley","TE","GB",12,137,NA,NA,NA,NA,NA,NA,NA,NA,NA,NA,NA,62.3,726,11.7,5,NA,0,95
"Isaiah Pead","RB","STL",39,138,NA,NA,NA,NA,NA,NA,NA,168,758.7,4.5,3.7,18,122,6.8,0.3,NA,1.3,94.4
"Pierre Thomas","RB","NO",40,139,NA,NA,NA,NA,NA,NA,NA,127.7,562.3,4.4,3.3,34.3,294.3,8.6,1,NA,1,93.8
"Rod Streater","WR","OAK",55,140,NA,NA,NA,NA,NA,NA,NA,NA,NA,NA,NA,58,723,12.5,5,NA,0.7,93.6
"Fred Jackson","RB","BUF",41,141,NA,NA,NA,NA,NA,NA,NA,138.7,602.7,4.3,5,26.3,182.3,6.9,0.7,NA,2,93.2
"Danny Woodhead","RB","SD",42,142,NA,NA,NA,NA,NA,NA,NA,101.7,442.3,4.3,3,41.7,348.3,8.4,2,NA,0.3,92.4
"Owen Daniels","TE","HOU",13,142,NA,NA,NA,NA,NA,NA,NA,NA,NA,NA,NA,64.7,718,11.1,5,NA,0.3,92.4
"Mohamed Sanu","WR","CIN",56,144,NA,NA,NA,NA,NA,NA,NA,NA,NA,NA,NA,46.3,595,12.9,6,NA,0,90.8
"Brandon Myers","TE","NYG",14,145,NA,NA,NA,NA,NA,NA,NA,NA,NA,NA,NA,63.7,697.3,10.9,4.7,NA,0,90.2
"Darrius Heyward-Bey","WR","IND",57,146,NA,NA,NA,NA,NA,NA,NA,NA,NA,NA,NA,45.3,681.3,15,4.7,NA,0.7,87.8
"Ryan Broyles","WR","DET",58,147,NA,NA,NA,NA,NA,NA,NA,NA,NA,NA,NA,50.7,702.7,13.9,4.3,NA,0.3,87.2
"DeAngelo Williams","RB","CAR",43,148,NA,NA,NA,NA,NA,NA,NA,141.3,637.7,4.5,4,13,113.3,8.7,0.7,NA,1,86.2
"Greg Little","WR","CLE",59,149,NA,NA,NA,NA,NA,NA,NA,NA,NA,NA,NA,53.7,683.7,12.7,4.3,NA,0.7,84.4
"Shonn Greene","RB","TEN",44,150,NA,NA,NA,NA,NA,NA,NA,136,558.3,4.1,6,10.7,80.3,7.5,0,NA,2,83
"Ahmad Bradshaw","RB","IND",45,151,NA,NA,NA,NA,NA,NA,NA,128,594.3,4.6,4,15.7,125.7,8,0.3,NA,0,82.8
"Dwayne Allen","TE","IND",15,152,NA,NA,NA,NA,NA,NA,NA,NA,NA,NA,NA,54,631.3,11.7,4.7,NA,0.3,82.6
"Marcedes Lewis","TE","JAC",16,153,NA,NA,NA,NA,NA,NA,NA,NA,NA,NA,NA,53.3,600.7,11.3,5.3,NA,0.7,82.4
"Golden Tate","WR","SEA",60,154,NA,NA,NA,NA,NA,NA,NA,NA,NA,NA,NA,41.3,600.7,14.5,5,NA,0,82
"Ben Tate","RB","HOU",46,155,NA,NA,NA,NA,NA,NA,NA,130.3,607.3,4.7,4.3,14.7,101,6.9,0.3,NA,1.3,81
"Malcom Floyd","WR","SD",61,155,NA,NA,NA,NA,NA,NA,NA,NA,NA,NA,NA,43.7,649.3,14.9,4,NA,0,81
"Brandon Pettigrew","TE","DET",17,157,NA,NA,NA,NA,NA,NA,NA,NA,NA,NA,NA,62,648,10.5,4.3,NA,1,80.8
"Fred Davis","TE","WAS",18,158,NA,NA,NA,NA,NA,NA,NA,NA,NA,NA,NA,48,607.7,12.7,4.7,NA,0,80.2
"Bryce Brown","RB","PHI",47,159,NA,NA,NA,NA,NA,NA,NA,135,612.3,4.5,4,15.7,107.7,6.9,0.7,NA,2.7,79.8
"Ronnie Hillman","RB","DEN",48,160,NA,NA,NA,NA,NA,NA,NA,122.3,540,4.4,2.7,28.3,199.7,7.1,1.3,NA,1.3,79.4
"Aaron Dobson","WR","NE",63,161,NA,NA,NA,NA,NA,NA,NA,NA,NA,NA,NA,38,544,14.3,5,NA,0,77
"Donnie Avery","WR","KC",62,161,NA,NA,NA,NA,NA,NA,NA,NA,NA,NA,NA,47.7,620.3,13,4,NA,0,77
"Heath Miller","TE","PIT",19,163,NA,NA,NA,NA,NA,NA,NA,NA,NA,NA,NA,45.7,550.7,12.1,5,NA,0.3,76.4
"Nate Burleson","WR","DET",64,163,NA,NA,NA,NA,NA,NA,NA,NA,NA,NA,NA,46.7,563.3,12.1,4.3,NA,0.7,76.4
"Jeremy Kerley","WR","NYJ",65,165,NA,NA,NA,NA,NA,NA,NA,NA,NA,NA,NA,52,669.3,12.9,3,NA,1.3,75.4
"Johnathan Franklin","RB","GB",49,165,NA,NA,NA,NA,NA,NA,NA,121.3,553,4.6,2.3,24.7,178,7.2,0.7,NA,0.3,75.4
"Jacoby Jones","WR","BAL",66,167,NA,NA,NA,NA,NA,NA,NA,NA,NA,NA,NA,40,592,14.8,3.7,NA,0,75.2
"Dustin Keller","TE","MIA",20,168,NA,NA,NA,NA,NA,NA,NA,NA,NA,NA,NA,48.3,562.3,11.6,4.3,NA,0,74.8
"Vincent Brown","WR","SD",67,168,NA,NA,NA,NA,NA,NA,NA,NA,NA,NA,NA,36,569,15.8,4.3,NA,0,74.8
"Cordarrelle Patterson","WR","MIN",68,170,NA,NA,NA,NA,NA,NA,NA,NA,NA,NA,NA,36.3,578.7,15.9,3.7,NA,0.7,74.6
"Michael Bush","RB","CHI",50,171,NA,NA,NA,NA,NA,NA,NA,110.7,435.7,3.9,5.7,11,83.3,7.6,0,NA,0.7,72.8
"James Casey","TE","PHI",21,172,NA,NA,NA,NA,NA,NA,NA,NA,NA,NA,NA,39.7,526.7,13.3,4.7,NA,0.3,72.6
"Joe Morgan","WR","NO",69,173,NA,NA,NA,NA,NA,NA,NA,NA,NA,NA,NA,35.3,553.7,15.7,4.3,NA,0.3,72.2
"Rob Housler","TE","ARI",22,173,NA,NA,NA,NA,NA,NA,NA,NA,NA,NA,NA,52,578.7,11.1,3.7,NA,0,72.2
"Jacquizz Rodgers","RB","ATL",51,175,NA,NA,NA,NA,NA,NA,NA,97.3,423.3,4.4,0.7,44.7,350,7.8,1.3,NA,0.7,71.6
"Kevin Kolb","QB","BUF",34,175,186.3,111,1150,7,4.3,59.6,6.2,7.3,22.3,3.1,0.3,NA,NA,NA,NA,NA,0.3,71.6
"Jermaine Gresham","TE","CIN",23,177,NA,NA,NA,NA,NA,NA,NA,NA,NA,NA,NA,51.7,585.3,11.3,4,NA,1.3,71.4
"Santana Moss","WR","WAS",70,178,NA,NA,NA,NA,NA,NA,NA,NA,NA,NA,NA,35.3,507,14.4,4.7,NA,0.7,69.8
"Mike Tolbert","RB","CAR",52,179,NA,NA,NA,NA,NA,NA,NA,69,277.3,4,5.7,27.7,230,8.3,0.3,NA,0.7,69.6
"Jordan Cameron","TE","CLE",24,180,NA,NA,NA,NA,NA,NA,NA,NA,NA,NA,NA,46.7,549,11.8,3.7,NA,0.3,68.6
"Joseph Randle","RB","DAL",53,180,NA,NA,NA,NA,NA,NA,NA,98,432.7,4.4,2.7,21.7,183.7,8.5,1,NA,0.3,68.6
"Zach Miller","TE","SEA",25,182,NA,NA,NA,NA,NA,NA,NA,NA,NA,NA,NA,40,497.7,12.4,4.3,NA,0.3,68.2
"Andre Roberts","WR","ARI",71,183,NA,NA,NA,NA,NA,NA,NA,NA,NA,NA,NA,48.3,586.3,12.1,3,NA,0,68
"Delanie Walker","TE","TEN",26,184,NA,NA,NA,NA,NA,NA,NA,NA,NA,NA,NA,37,489.3,13.2,4.7,NA,0.7,67.8
"Robert Woods","WR","BUF",72,185,NA,NA,NA,NA,NA,NA,NA,NA,NA,NA,NA,40,576.3,14.4,3,NA,0.3,67.4
"Markus Wheaton","WR","PIT",73,186,NA,NA,NA,NA,NA,NA,NA,NA,NA,NA,NA,38.7,547.7,14.2,3.3,NA,0,66.8
"Mike Goodson","RB","NYJ",54,187,NA,NA,NA,NA,NA,NA,NA,104.7,469.7,4.5,2,26.7,187.3,7,1.3,NA,1.7,66.4
"Stephen Hill","WR","NYJ",74,188,NA,NA,NA,NA,NA,NA,NA,NA,NA,NA,NA,37.3,545.3,14.6,3.3,NA,0.3,66.2
"Tyler Eifert","TE","CIN",27,189,NA,NA,NA,NA,NA,NA,NA,NA,NA,NA,NA,39.7,520.7,13.1,3.7,NA,0.3,65.6
"Jarius Wright","WR","MIN",75,190,NA,NA,NA,NA,NA,NA,NA,NA,NA,NA,NA,43.3,557,12.9,3,NA,0.3,65.4
"Brandon Gibson","WR","MIA",77,191,NA,NA,NA,NA,NA,NA,NA,NA,NA,NA,NA,44.3,567.7,12.8,2.7,NA,0,65.2
"Leonard Hankerson","WR","WAS",76,191,NA,NA,NA,NA,NA,NA,NA,NA,NA,NA,NA,35,535.3,15.3,3.3,NA,0.3,65.2
"Davone Bess","WR","CLE",78,193,NA,NA,NA,NA,NA,NA,NA,NA,NA,NA,NA,52,564.3,10.9,3,NA,1,65
"Daryl Richardson","RB","STL",55,194,NA,NA,NA,NA,NA,NA,NA,97,460.7,4.7,2.3,25.3,171.3,6.8,1,NA,1,63.8
"Brian Quick","WR","STL",79,195,NA,NA,NA,NA,NA,NA,NA,NA,NA,NA,NA,40.3,555,13.8,3,NA,0.7,63.6
"LaMichael James","RB","SF",56,196,NA,NA,NA,NA,NA,NA,NA,98.7,495,5,2.3,16.7,129.7,7.8,0.7,NA,1,63
"Josh Morgan","WR","WAS",80,197,NA,NA,NA,NA,NA,NA,NA,NA,NA,NA,NA,39.3,506,12.9,3.3,NA,0,62.8
"Mark Sanchez","QB","NYJ",35,197,169,100.7,1067.3,6.7,6.3,59.6,6.3,14.3,42,2.9,0.7,NA,NA,NA,NA,NA,2,62.8
"Coby Fleener","TE","IND",28,199,NA,NA,NA,NA,NA,NA,NA,NA,NA,NA,NA,40.3,475.7,11.8,3.7,NA,0,61.2
"Kendall Hunter","RB","SF",57,200,NA,NA,NA,NA,NA,NA,NA,99.3,451.7,4.5,2.7,14.3,114.7,8,0.3,NA,0.3,59.4
"Brent Celek","TE","PHI",30,201,NA,NA,NA,NA,NA,NA,NA,NA,NA,NA,NA,38.7,489,12.6,3,NA,0,59
"Jacob Tamme","TE","DEN",29,201,NA,NA,NA,NA,NA,NA,NA,NA,NA,NA,NA,42.3,483,11.4,3,NA,0,59
"Andrew Hawkins","WR","CIN",81,203,NA,NA,NA,NA,NA,NA,NA,NA,NA,NA,NA,41,492,12,2.7,NA,0,58.2
"Marcel Reece","RB","OAK",58,204,NA,NA,NA,NA,NA,NA,NA,53,236,4.5,1,37.7,303.7,8.1,2.7,NA,0.7,56.8
"Scott Chandler","TE","BUF",31,205,NA,NA,NA,NA,NA,NA,NA,NA,NA,NA,NA,36.7,429.7,11.7,4,NA,0.7,56.6
"Dexter McCluster","WR","KC",82,206,NA,NA,NA,NA,NA,NA,NA,NA,NA,NA,NA,44.3,491,11.1,2,NA,1.7,56.4
"T.J. Graham","WR","BUF",83,207,NA,NA,NA,NA,NA,NA,NA,NA,NA,NA,NA,35,520.3,14.9,2,NA,0,56
"Earl Bennett","WR","CHI",85,208,NA,NA,NA,NA,NA,NA,NA,NA,NA,NA,NA,38,469,12.3,2.7,NA,0,55.2
"Terrance Williams","WR","DAL",84,208,NA,NA,NA,NA,NA,NA,NA,NA,NA,NA,NA,31.7,466,14.7,2.7,NA,0,55.2
"Joel Dreessen","TE","DEN",32,210,NA,NA,NA,NA,NA,NA,NA,NA,NA,NA,NA,29,335,11.6,5,NA,0,55
"A.J. Jenkins","WR","SF",86,211,NA,NA,NA,NA,NA,NA,NA,NA,NA,NA,NA,29.3,428.3,14.6,3.3,NA,0,54.8
"Justin Hunter","WR","TEN",87,212,NA,NA,NA,NA,NA,NA,NA,NA,NA,NA,NA,28.3,441.3,15.6,3.3,NA,0.7,54.4
"Knile Davis","RB","KC",59,213,NA,NA,NA,NA,NA,NA,NA,93.7,422.3,4.5,2.3,16,128.7,8,0.3,NA,1,53.6
"Robert Turbin","RB","SEA",60,214,NA,NA,NA,NA,NA,NA,NA,90.7,400,4.4,1.7,15.7,128.7,8.2,0.7,NA,0,53.4
"Nate Washington","WR","TEN",88,215,NA,NA,NA,NA,NA,NA,NA,NA,NA,NA,NA,31.3,449.3,14.4,2.7,NA,0.3,52.6
"Keenan Allen","WR","SD",89,216,NA,NA,NA,NA,NA,NA,NA,NA,NA,NA,NA,29.3,425.7,14.5,2.7,NA,0.3,52.4
"LaRod Stephens-Howling","RB","PIT",61,217,NA,NA,NA,NA,NA,NA,NA,69.7,276.3,4,1.3,25.3,213.3,8.4,1.7,NA,0.3,51.4
"Rashad Jennings","RB","OAK",62,218,NA,NA,NA,NA,NA,NA,NA,96.7,418,4.3,1.7,17.7,125.7,7.1,0.3,NA,0,51
"Jacoby Ford","WR","OAK",90,219,NA,NA,NA,NA,NA,NA,NA,NA,NA,NA,NA,30.3,431.7,14.2,2,NA,0.7,50.8
"Juron Criner","WR","OAK",91,219,NA,NA,NA,NA,NA,NA,NA,NA,NA,NA,NA,34.3,463.7,13.5,2.3,NA,0,50.8
"Domenik Hixon","WR","CAR",92,221,NA,NA,NA,NA,NA,NA,NA,NA,NA,NA,NA,29,416,14.3,2.7,NA,0,50.2
"Ryan Williams","RB","ARI",63,222,NA,NA,NA,NA,NA,NA,NA,105.7,457.7,4.3,2,10.3,66.7,6.5,0,NA,1.3,49.4
"Jeff Cumberland","TE","NYJ",33,223,NA,NA,NA,NA,NA,NA,NA,NA,NA,NA,NA,33.7,405.3,12,2.7,NA,0,49.2
"Harry Douglas","WR","ATL",93,224,NA,NA,NA,NA,NA,NA,NA,NA,NA,NA,NA,33.7,442,13.1,2,NA,0,48
"Michael Crabtree","WR","SF",94,225,NA,NA,NA,NA,NA,NA,NA,NA,NA,NA,NA,25.7,365.7,14.2,3.3,NA,0,47.8
"Jerricho Cotchery","WR","PIT",95,226,NA,NA,NA,NA,NA,NA,NA,NA,NA,NA,NA,36.3,454.7,12.5,1.7,NA,0,47.2
"Tony Scheffler","TE","DET",34,226,NA,NA,NA,NA,NA,NA,NA,NA,NA,NA,NA,32.7,398,12.2,2.7,NA,0,47.2
"Anthony Fasano","TE","KC",35,228,NA,NA,NA,NA,NA,NA,NA,NA,NA,NA,NA,34,364,10.7,3,NA,0,46
"Jon Baldwin","WR","KC",96,228,NA,NA,NA,NA,NA,NA,NA,NA,NA,NA,NA,29,420.3,14.5,2,NA,0,46
"Jordan Shipley","WR","JAC",97,228,NA,NA,NA,NA,NA,NA,NA,NA,NA,NA,NA,37,425.3,11.5,2,NA,0,46
"Mike Gillislee","RB","MIA",64,231,NA,NA,NA,NA,NA,NA,NA,86.3,391,4.5,2,14.3,105.7,7.4,0,NA,0.7,45.6
"Travis Kelce","TE","KC",36,232,NA,NA,NA,NA,NA,NA,NA,NA,NA,NA,NA,29.3,358.7,12.2,3,NA,0.3,45.4
"Ed Dickson","TE","BAL",37,233,NA,NA,NA,NA,NA,NA,NA,NA,NA,NA,NA,33.7,363.3,10.8,2.7,NA,0,44.2
"Terrelle Pryor","QB","OAK",36,234,105.3,64.3,577,4,2.3,61.1,5.5,15,90.3,6,1,NA,NA,NA,NA,NA,0.7,43
"Denard Robinson","RB","JAC",65,235,NA,NA,NA,NA,NA,NA,NA,49,247,5,1,22,218.7,9.9,0.7,NA,1,42.8
"Jason Avant","WR","PHI",99,236,NA,NA,NA,NA,NA,NA,NA,NA,NA,NA,NA,37,444.7,12,1.3,NA,1,41.8
"Kevin Ogletree","WR","TB",98,236,NA,NA,NA,NA,NA,NA,NA,NA,NA,NA,NA,27,362.3,13.4,2.3,NA,0,41.8
"Bilal Powell","RB","NYJ",66,238,NA,NA,NA,NA,NA,NA,NA,66.3,304,4.6,1.3,14.3,112,7.8,0.7,NA,0,40
"Toby Gerhart","RB","MIN",67,238,NA,NA,NA,NA,NA,NA,NA,69.7,294.3,4.2,2.3,16.3,143,8.8,0.3,NA,1.3,40
"Stepfan Taylor","RB","ARI",68,240,NA,NA,NA,NA,NA,NA,NA,80,352.7,4.4,1,11.3,79,7,0.3,NA,0,38.8
"Matt Barkley","QB","PHI",37,241,107.3,68,757.3,4,2.3,63.4,7.1,4,13.3,3.3,0,NA,NA,NA,NA,NA,1,38.4
"Knowshon Moreno","RB","DEN",69,242,NA,NA,NA,NA,NA,NA,NA,63,272,4.3,2,14,111,7.9,0.7,NA,1,38.2
"Tony Moeaki","TE","KC",38,242,NA,NA,NA,NA,NA,NA,NA,NA,NA,NA,NA,29.3,358.3,12.2,1.7,NA,0,38.2
"Justin Forsett","RB","JAC",70,244,NA,NA,NA,NA,NA,NA,NA,75.3,343,4.6,0.7,15.3,109.3,7.1,0.3,NA,0,37
"Garrett Graham","TE","HOU",39,245,NA,NA,NA,NA,NA,NA,NA,NA,NA,NA,NA,26.3,316.3,12,2.3,NA,0,36.8
"Jake Ballard","TE","NE",40,245,NA,NA,NA,NA,NA,NA,NA,NA,NA,NA,NA,20.3,242,11.9,3.3,NA,0,36.8
"Daniel Thomas","RB","MIA",71,247,NA,NA,NA,NA,NA,NA,NA,74.7,292.3,3.9,2.3,12.3,95.7,7.8,0,NA,1.3,36.2
"David Ausberry","TE","OAK",41,248,NA,NA,NA,NA,NA,NA,NA,NA,NA,NA,NA,26.3,334.7,12.7,1.7,NA,0,35.2
"Jonathan Dwyer","RB","PIT",72,249,NA,NA,NA,NA,NA,NA,NA,82,343.3,4.2,1.3,7,49.3,7,0,NA,1.3,34.2
"Evan Royster","RB","WAS",73,250,NA,NA,NA,NA,NA,NA,NA,57.3,267.3,4.7,1.3,11.7,85.3,7.3,0.7,NA,0,34
"Jason Campbell","QB","CLE",38,251,89,55.7,610,3.3,1.7,62.6,6.9,6.3,34,5.4,0,NA,NA,NA,NA,NA,0.3,33.8
"Aaron Hernandez","TE","NE",42,252,NA,NA,NA,NA,NA,NA,NA,NA,NA,NA,NA,20.7,251,12.1,2.3,NA,0,31.8
"Delone Carter","RB","IND",74,252,NA,NA,NA,NA,NA,NA,NA,48.3,189.3,3.9,3.3,3.3,18.3,5.5,0,NA,0,31.8
"Montario Hardesty","RB","CLE",75,252,NA,NA,NA,NA,NA,NA,NA,77,300.3,3.9,1,8.7,73.3,8.4,0.3,NA,0,31.8
"Christine Michael","RB","SEA",77,255,NA,NA,NA,NA,NA,NA,NA,51.3,246.3,4.8,1.7,9.7,82.3,8.5,0,NA,0,31.2
"DuJuan Harris","RB","GB",76,255,NA,NA,NA,NA,NA,NA,NA,61.3,285.7,4.7,1,12,100.3,8.4,0.3,NA,0.3,31.2
"Roy Helu","RB","WAS",78,257,NA,NA,NA,NA,NA,NA,NA,51.7,218.7,4.2,0.7,27.3,204.3,7.5,0.3,NA,1,30
"John Kuhn","RB","GB",79,258,NA,NA,NA,NA,NA,NA,NA,31.7,110.7,3.5,2,15.3,109.7,7.2,1.7,NA,0.3,29.6
"Joique Bell","RB","DET",80,259,NA,NA,NA,NA,NA,NA,NA,44,212.7,4.8,1,20.7,167.7,8.1,0.3,NA,0.7,29.4
"Donald Brown","RB","IND",81,260,NA,NA,NA,NA,NA,NA,NA,65,268.7,4.1,1,12.3,99,8,0.3,NA,0.3,29.2
"Tom Crabtree","TE","TB",43,261,NA,NA,NA,NA,NA,NA,NA,NA,NA,NA,NA,20.3,253.3,12.5,2,NA,0,29
"Luke Stocker","TE","TB",44,262,NA,NA,NA,NA,NA,NA,NA,NA,NA,NA,NA,22.3,266.7,12,1.7,NA,0,28.2
"Andre Ellington","RB","ARI",82,263,NA,NA,NA,NA,NA,NA,NA,54.7,270,4.9,0.7,12.7,101,8,0.3,NA,0,28
"Kirk Cousins","QB","WAS",39,264,62.3,39,457.3,3,1.7,62.6,7.3,4,14.3,3.6,0,NA,NA,NA,NA,NA,0,26.6
"Benjamin Watson","TE","NO",45,265,NA,NA,NA,NA,NA,NA,NA,NA,NA,NA,NA,19.3,246.7,12.8,1.3,NA,0,24.8
"Lance Kendricks","TE","STL",46,266,NA,NA,NA,NA,NA,NA,NA,NA,NA,NA,NA,19,212,11.2,1.7,NA,0,24.2
"Ronnie Brown","RB","SD",83,267,NA,NA,NA,NA,NA,NA,NA,54.7,222.7,4.1,0.7,18,142.7,7.9,0,NA,0.7,22.8
"Isaac Redman","RB","PIT",84,268,NA,NA,NA,NA,NA,NA,NA,48,209.3,4.4,1,13.3,105.3,7.9,0,NA,0.7,22.6
"Brian Leonard","RB","TB",85,269,NA,NA,NA,NA,NA,NA,NA,42.7,184,4.3,0.7,21,150.7,7.2,0,NA,0,22.2
"Anthony McCoy","TE","SEA",47,270,NA,NA,NA,NA,NA,NA,NA,NA,NA,NA,NA,17,219.3,12.9,1.3,NA,0,21.8
"Jason Snelling","RB","ATL",86,271,NA,NA,NA,NA,NA,NA,NA,28,124,4.4,0.7,19,154,8.1,1,NA,0.3,21.6
"LeGarrette Blount","RB","NE",87,271,NA,NA,NA,NA,NA,NA,NA,48,194.3,4,1.7,2.7,14.3,5.3,0,NA,0.3,21.6
"Jeff King","TE","ARI",48,273,NA,NA,NA,NA,NA,NA,NA,NA,NA,NA,NA,17,166,9.8,2,NA,0,21
"Ryan Fitzpatrick","QB","TEN",40,273,63.3,38.7,377,3,1.7,61.1,6,2.7,8.3,3.1,0.3,NA,NA,NA,NA,NA,0.7,21
"Shaun Draughn","RB","KC",88,275,NA,NA,NA,NA,NA,NA,NA,42.7,187.7,4.4,1,6.7,51.7,7.7,0,NA,0.3,18.4
"Zach Ertz","TE","PHI",49,276,NA,NA,NA,NA,NA,NA,NA,NA,NA,NA,NA,16,195.7,12.2,1,NA,0,18
"Armando Allen","RB","CHI",89,277,NA,NA,NA,NA,NA,NA,NA,38.3,160.3,4.2,0.7,8.7,80,9.2,0,NA,0,17.2
"Jorvorskie Lane","RB","MIA",90,278,NA,NA,NA,NA,NA,NA,NA,19,61.7,3.2,1.7,8.3,58,7,0.7,NA,0.7,17
"Brandon Bolden","RB","NE",91,279,NA,NA,NA,NA,NA,NA,NA,37.3,165.7,4.4,1,2.7,25.3,9.4,0,NA,0,16
"Leon Washington","RB","NE",92,280,NA,NA,NA,NA,NA,NA,NA,25.3,126,5,1,16,115,7.2,0,NA,0.3,15.4
"Mike James","RB","TB",93,281,NA,NA,NA,NA,NA,NA,NA,33.7,147.3,4.4,0.7,6,49.3,8.2,0.3,NA,0.3,14.4
"Jed Collins","RB","NO",94,282,NA,NA,NA,NA,NA,NA,NA,2,4.3,2.1,0.7,9,49.3,5.5,1.3,NA,0,14
"Kenjon Barner","RB","CAR",95,283,NA,NA,NA,NA,NA,NA,NA,37,182.7,4.9,0.3,3,22.3,7.4,0,NA,0.3,13.2
"Vonta Leach","RB","BAL",96,284,NA,NA,NA,NA,NA,NA,NA,13,43,3.3,1.3,14,92.7,6.6,0,NA,0,12.8
"Phillip Tanner","RB","DAL",97,285,NA,NA,NA,NA,NA,NA,NA,43.7,173.7,4,0.3,5,45.3,9.1,0,NA,0,11.8
"Chris Ogbonnaya","RB","CLE",98,286,NA,NA,NA,NA,NA,NA,NA,32,143,4.5,0,12.7,114.7,9,0.3,NA,0.7,11.4
"Alex Green","RB","GB",99,287,NA,NA,NA,NA,NA,NA,NA,38.7,156.3,4,0.3,6,41.7,7,0.3,NA,0.3,11
"Bruce Gradkowski","QB","PIT",41,288,36.7,22.3,257.3,1,1,60.8,7,2.7,6.3,2.3,0,NA,NA,NA,NA,NA,0.3,7.4
"Nick Foles","QB","PHI",42,289,27.3,17.7,177.7,1,0.3,64.8,6.5,2,7.3,3.6,0,NA,NA,NA,NA,NA,0.3,6.8
"Matt Cassel","QB","MIN",43,290,28.3,18.7,159.3,1.3,1.3,66.1,5.6,3.7,9.3,2.5,0,NA,NA,NA,NA,NA,0.3,6.6
"David Garrard","QB","NYJ",44,291,17.7,11.3,118,0.7,0.3,63.8,6.7,2.7,9.7,3.6,0,NA,NA,NA,NA,NA,0,5.6
"Graham Harrell","QB","GB",45,292,9.3,6,63,0.7,0,64.5,6.8,1,4,4,0,NA,NA,NA,NA,NA,0,5.2
"Drew Stanton","QB","ARI",46,293,18.7,12.7,117,0.7,0.3,67.9,6.3,0.7,2.3,3.3,0,NA,NA,NA,NA,NA,0.3,5
"Charlie Whitehurst","QB","SD",47,294,20,11,117.3,0.7,0.7,55,5.9,0,0,0,0,NA,NA,NA,NA,NA,0,4.8
"Tyrod Taylor","QB","BAL",48,294,15,9.3,105.3,0.3,0,62,7,3.7,17.3,4.7,0,NA,NA,NA,NA,NA,0,4.8
"Dennis Dixon","QB","PHI",49,296,7.7,5,37.3,0.3,0,64.9,4.8,3.7,21.7,5.9,0,NA,NA,NA,NA,NA,0,3.8
"Brian Hoyer","QB","CLE",50,297,5,3,38.3,0.3,0,60,7.7,1,3.7,3.7,0,NA,NA,NA,NA,NA,0,2.8
"Brock Osweiler","QB","DEN",51,297,12.7,8.3,89,0.3,0,65.4,7,2,3.7,1.9,0,NA,NA,NA,NA,NA,0,2.8
"Josh McCown","QB","CHI",53,299,17,9.3,100.3,0.3,0.7,54.7,5.9,2,8.7,4.3,0,NA,NA,NA,NA,NA,0.3,1.8
"Kyle Orton","QB","DAL",52,299,5,3.3,26,0.3,0,66,5.2,0.7,0.7,1,0,NA,NA,NA,NA,NA,0,1.8
"Ryan Mallett","QB","NE",54,299,3.7,2.3,22.7,0.3,0,62.2,6.1,0,0,0,0,NA,NA,NA,NA,NA,0,1.8
"Shaun Hill","QB","DET",55,299,5,3,25.3,0.3,0,60,5.1,0.7,0.7,1,0,NA,NA,NA,NA,NA,0,1.8
"Curtis Painter","QB","NYG",56,303,5.7,3.3,34,0,0,57.9,6,1,4.7,4.7,0,NA,NA,NA,NA,NA,0,1
"Dan Orlovsky","QB","TB",59,304,1.3,0.7,6.7,0,0,53.8,5.2,0.7,0.7,1,0,NA,NA,NA,NA,NA,0,0
"David Carr","QB","NYG",58,304,1.7,1,7.7,0,0,58.8,4.5,0,0,0,0,NA,NA,NA,NA,NA,0,0
"T.J. Yates","QB","HOU",57,304,13.7,8,74.3,0.3,0.7,58.4,5.4,2.7,9.3,3.4,0,NA,NA,NA,NA,NA,0.7,0
