"name","pos","team_fp","overallRank_fp","passAtt_fp","passComp_fp","passYds_fp","passTds_fp","passInt_fp","rushYds_fp","rushTds_fp","rec_fp","recYds_fp","recTds_fp","twoPts_fp","fumbles_fp","pts_fp"
"Aaron Rodgers","QB","GB",1,549.7,371.7,4448,38,8,263.3,2.3,NA,NA,NA,NA,6,342.3
"Drew Brees","QB","NO",2,649.7,427,5052,40.7,17.7,21,1,NA,NA,NA,NA,5,327.5
"Tom Brady","QB","NE",3,610.7,394,4652.3,34.3,10.3,48,2,NA,NA,NA,NA,2,315.6
"Peyton Manning","QB","DEN",4,603.3,403.7,4816.3,36.3,13,6.7,0.3,NA,NA,NA,NA,3,308.7
"Matt Ryan","QB","ATL",5,607.3,394.7,4759,31.3,12.7,107.7,1,NA,NA,NA,NA,5,297.1
"Cam Newton","QB","CAR",6,484.7,284.7,3631,19.7,13.3,704.3,7.3,NA,NA,NA,NA,8,295.7
"Russell Wilson","QB","SEA",7,446.3,288.7,3465.3,26.3,10.3,524.3,3.7,NA,NA,NA,NA,6,285.7
"Colin Kaepernick","QB","SF",8,437.7,272.7,3481,21,10,712.7,6.3,NA,NA,NA,NA,15,282.5
"Matthew Stafford","QB","DET",9,674.7,419,4847,27.7,15.7,95,1.7,NA,NA,NA,NA,6,280.7
"Tony Romo","QB","DAL",10,603,394,4665,29,15.7,44.7,1,NA,NA,NA,NA,6,269.7
"Andrew Luck","QB","IND",11,594.3,354.7,4151.7,25.3,13,255.7,3,NA,NA,NA,NA,10,265
"Adrian Peterson","RB","MIN",12,NA,NA,NA,NA,NA,1648.3,12,35.7,290.7,1,NA,5,261.9
"Arian Foster","RB","HOU",13,NA,NA,NA,NA,NA,1343.3,12.7,43.7,352,1.7,NA,3,249.5
"Robert Griffin III","QB","WAS",14,363.7,237.7,2928.3,18.7,7,604.7,5,NA,NA,NA,NA,14,240.3
"Eli Manning","QB","NYG",15,551,329.3,4148,27.3,16.3,25.3,1,NA,NA,NA,NA,7,237.1
"Doug Martin","RB","TB",16,NA,NA,NA,NA,NA,1324,9,54.7,432.3,1.3,NA,1,235.6
"C.J. Spiller","RB","BUF",17,NA,NA,NA,NA,NA,1407.7,6.3,48.3,431.7,1.7,NA,4,223.9
"Andy Dalton","QB","CIN",18,528.3,318.7,3648.7,24,15.7,146.7,1,NA,NA,NA,NA,4,223.3
"Matt Schaub","QB","HOU",19,540,345.3,4055.3,23,12.3,13,0.3,NA,NA,NA,NA,5,222.8
"Calvin Johnson","WR","DET",20,NA,NA,NA,NA,NA,5,0,102.3,1611.7,10.7,NA,2,221.7
"Alfred Morris","RB","WAS",21,NA,NA,NA,NA,NA,1479.3,11,15,110.7,0.3,NA,3,221
"Ray Rice","RB","BAL",22,NA,NA,NA,NA,NA,1153.3,8.7,57.3,473,2,NA,3,220.6
"Joe Flacco","QB","BAL",23,530.7,314,3790.3,23.3,10.7,46,1,NA,NA,NA,NA,8,218.2
"Josh Freeman","QB","TB",24,561,315.3,3867.7,24.3,17.3,156.7,0.7,NA,NA,NA,NA,11,215
"Marshawn Lynch","RB","SEA",25,NA,NA,NA,NA,NA,1372.7,10.3,23.3,183,1,NA,5,213.6
"Jamaal Charles","RB","KC",26,NA,NA,NA,NA,NA,1351.3,6,50,413.3,1.7,NA,5,212.5
"Philip Rivers","QB","SD",27,542.3,341,3917.7,26.3,16.7,36.3,0.3,NA,NA,NA,NA,11,212.3
"Ben Roethlisberger","QB","PIT",28,475.7,302.7,3472.7,23,10.7,91,0.7,NA,NA,NA,NA,6,210.7
"Trent Richardson","RB","CLE",29,NA,NA,NA,NA,NA,1153.3,9.3,50,366,1,NA,3,207.9
"Carson Palmer","QB","ARI",30,524.7,319.7,3997.3,22.3,16.7,31.7,0,NA,NA,NA,NA,6,207.1
"Sam Bradford","QB","STL",31,541.3,324.7,3699,21.7,13.3,92.3,0.7,NA,NA,NA,NA,8,205.2
"Jay Cutler","QB","CHI",32,487.7,291.7,3490.3,21.3,15.3,203.7,0.7,NA,NA,NA,NA,9,200.6
"Ryan Tannehill","QB","MIA",33,489.3,292.7,3517,18,11.7,210.3,1.7,NA,NA,NA,NA,10,200.4
"Michael Vick","QB","PHI",34,412.3,245,2911,17.3,13,498.7,2,NA,NA,NA,NA,11,199.6
"LeSean McCoy","RB","PHI",35,NA,NA,NA,NA,NA,1136,7,54,388.3,2,NA,4,198.4
"A.J. Green","WR","CIN",36,NA,NA,NA,NA,NA,35,0,93,1335.7,10.3,NA,2,195.1
"Dez Bryant","WR","DAL",37,NA,NA,NA,NA,NA,7.3,0,92.7,1338.3,10.7,NA,2,194.6
"Alex Smith","QB","KC",38,451,277.7,3240.3,18.7,9.3,156.7,1,NA,NA,NA,NA,7,193.3
"Matt Forte","RB","CHI",39,NA,NA,NA,NA,NA,1081.3,4.7,54.7,472.3,1.7,NA,2,189.4
"Brandon Marshall","WR","CHI",40,NA,NA,NA,NA,NA,1,0,104.7,1364.7,9,NA,2,186.6
"Julio Jones","WR","ATL",41,NA,NA,NA,NA,NA,49,0,81,1239.3,9.3,NA,1,182.8
"Demaryius Thomas","WR","DEN",42,NA,NA,NA,NA,NA,0,0,83.7,1237,10.3,NA,2,181.7
"Steven Jackson","RB","ATL",43,NA,NA,NA,NA,NA,951.7,8.7,37.3,303.3,1,NA,1,181.5
"Chris Johnson","RB","TEN",44,NA,NA,NA,NA,NA,1171.7,5.7,37,285,0.7,NA,3,177.7
"Roddy White","WR","ATL",45,NA,NA,NA,NA,NA,0,0,94.3,1306.7,8,NA,1,176.7
"Maurice Jones-Drew","RB","JAC",46,NA,NA,NA,NA,NA,1120.7,6.3,36,285.7,1,NA,4,176.6
"Frank Gore","RB","SF",47,NA,NA,NA,NA,NA,1120,7.7,24,180,1,NA,3,176
"Andre Johnson","WR","HOU",48,NA,NA,NA,NA,NA,0,0,95.7,1333.7,6.3,NA,0,171.4
"Stevan Ridley","RB","NE",49,NA,NA,NA,NA,NA,1151.3,9.7,7.7,59,0,NA,4,171
"Jimmy Graham","TE","NO",50,NA,NA,NA,NA,NA,NA,NA,93.3,1136.3,9.7,NA,1,169.6
"Vincent Jackson","WR","TB",51,NA,NA,NA,NA,NA,0,0,70.7,1254.3,7.7,NA,1,169.4
"Jake Locker","QB","TEN",52,378.7,216,2696,14,13,346.3,1,NA,NA,NA,NA,5,168.5
"Randall Cobb","WR","GB",53,NA,NA,NA,NA,NA,113,0.3,88.7,1078.3,8,NA,1,167.1
"Matt Flynn","QB","OAK",54,430.7,255.7,3041.7,18.3,14.3,60,0.7,NA,NA,NA,NA,5,166.3
"David Wilson","RB","NYG",55,NA,NA,NA,NA,NA,1048,6,27.3,232,1.3,NA,3,166
"Rob Gronkowski","TE","NE",55,NA,NA,NA,NA,NA,NA,NA,72,980,11.7,NA,1,166
"Reggie Bush","RB","DET",57,NA,NA,NA,NA,NA,764.7,3.7,68.7,550.3,3,NA,3,165.5
"Larry Fitzgerald","WR","ARI",58,NA,NA,NA,NA,NA,0,0,86.3,1231.7,7,NA,0,165.2
"Darren McFadden","RB","OAK",59,NA,NA,NA,NA,NA,997.7,5.7,39.7,305,1,NA,3,164.3
"Percy Harvin","WR","SEA",60,NA,NA,NA,NA,NA,159.3,0.7,91.7,1006.3,7.3,NA,1,162.6
"Victor Cruz","WR","NYG",61,NA,NA,NA,NA,NA,0,0,84,1125.3,8.7,NA,1,162.5
"Le'Veon Bell","RB","PIT",62,NA,NA,NA,NA,NA,981.7,7,32.3,237.7,0.7,NA,3,161.9
"Brandon Weeden","QB","CLE",63,442,260.3,3169,14,12,88,0.3,NA,NA,NA,NA,5,159.6
"DeMarco Murray","RB","DAL",64,NA,NA,NA,NA,NA,965.7,5.3,42.3,316,0.7,NA,4,156.2
"Lamar Miller","RB","MIA",65,NA,NA,NA,NA,NA,965.7,6.3,29.3,230.7,0.7,NA,3,155.6
"Marques Colston","WR","NO",66,NA,NA,NA,NA,NA,0,0,77.3,1068.7,8.3,NA,1,154.9
"Reggie Wayne","WR","IND",67,NA,NA,NA,NA,NA,0,0,93,1208,6,NA,1,154.8
"Mike Wallace","WR","MIA",68,NA,NA,NA,NA,NA,30.7,0,71.7,1098,7,NA,1,152.9
"Darren Sproles","RB","NO",69,NA,NA,NA,NA,NA,358.3,1.7,82.7,685.3,6.3,NA,0,152.4
"Jordy Nelson","WR","GB",70,NA,NA,NA,NA,NA,0,0,73,1042.7,8,NA,0,152.3
"Vick Ballard","RB","IND",71,NA,NA,NA,NA,NA,956.7,5.3,26,202.7,0.7,NA,3,145.9
"Torrey Smith","WR","BAL",72,NA,NA,NA,NA,NA,27.7,0,61.3,989,7.7,NA,1,145.7
"Chris Ivory","RB","NYJ",73,NA,NA,NA,NA,NA,955.3,6.7,18.3,141,0.3,NA,3,145.6
"Wes Welker","WR","DEN",74,NA,NA,NA,NA,NA,5.3,0,90.3,1083.7,6.3,NA,1,144.9
"Dwayne Bowe","WR","KC",75,NA,NA,NA,NA,NA,0,0,78.3,1067,6.7,NA,1,144.7
"Eric Decker","WR","DEN",76,NA,NA,NA,NA,NA,0,0,70.7,944.3,8.7,NA,1,144.4
"Pierre Garcon","WR","WAS",77,NA,NA,NA,NA,NA,14,0,75.7,1034,6.7,NA,1,142.8
"Ryan Mathews","RB","SD",78,NA,NA,NA,NA,NA,894.7,4.7,34,255,0.7,NA,3,141
"Montee Ball","RB","DEN",79,NA,NA,NA,NA,NA,870,7,18,131.3,0.3,NA,2,140.1
"Eddie Lacy","RB","GB",80,NA,NA,NA,NA,NA,842.3,6.3,21.7,157.7,0.7,NA,2,138
"Steve Smith","WR","CAR",81,NA,NA,NA,NA,NA,33.7,0,70.7,1065,5.3,NA,2,137.9
"Antonio Brown","WR","PIT",82,NA,NA,NA,NA,NA,40,0,75.7,1011.7,5.7,NA,1,137.2
"Hakeem Nicks","WR","NYG",83,NA,NA,NA,NA,NA,0,0,66.3,960.7,6.7,NA,1,134.1
"Tony Gonzalez","TE","ATL",84,NA,NA,NA,NA,NA,NA,NA,86.7,896.3,7.3,NA,0,133.6
"E.J. Manuel","QB","BUF",85,315.7,182.3,2209.3,13,13.3,258.3,1.7,NA,NA,NA,NA,8,133.5
"Steve Johnson","WR","BUF",86,NA,NA,NA,NA,NA,0,0,75,975.3,6,NA,1,131.5
"Cecil Shorts","WR","JAC",87,NA,NA,NA,NA,NA,0,0,66.7,1000.7,5.3,NA,1,130.1
"Jason Witten","TE","DAL",88,NA,NA,NA,NA,NA,NA,NA,92.7,998,5,NA,0,129.8
"James Jones","WR","GB",89,NA,NA,NA,NA,NA,0,0,66.3,876,7.3,NA,1,129.6
"Aaron Hernandez","TE","NE",90,NA,NA,NA,NA,NA,NA,NA,75.3,872.7,7.3,NA,1,129.3
"Lance Moore","WR","NO",90,NA,NA,NA,NA,NA,0,0,64,872.7,7,NA,0,129.3
"BenJarvus Green-Ellis","RB","CIN",92,NA,NA,NA,NA,NA,855.3,5.7,16.3,112.3,0,NA,1,128.8
"Rashard Mendenhall","RB","ARI",93,NA,NA,NA,NA,NA,820.3,6,19.3,136.7,0.3,NA,3,127.7
"Christian Ponder","QB","MIN",94,323.7,197.7,2187,12.3,10.3,193.7,0.7,NA,NA,NA,NA,6,127.5
"Mike Williams","WR","TB",95,NA,NA,NA,NA,NA,0,0,65,947,6,NA,2,126.7
"Danny Amendola","WR","NE",96,NA,NA,NA,NA,NA,7,0,84.3,939.3,6,NA,2,126.6
"Danario Alexander","WR","SD",97,NA,NA,NA,NA,NA,0,0,57.7,889.7,6.3,NA,1,125
"Josh Gordon","WR","CLE",98,NA,NA,NA,NA,NA,0,0,62.3,948.7,5.3,NA,1,124.9
"Denarius Moore","WR","OAK",99,NA,NA,NA,NA,NA,5.7,0,60,878,6,NA,1,122.4
"T.Y. Hilton","WR","IND",100,NA,NA,NA,NA,NA,26,0,58,866.7,5.7,NA,1,121.3
"Jeremy Maclin","WR","PHI",101,NA,NA,NA,NA,NA,22.3,0,65.3,886.3,5.3,NA,1,120.9
"Tavon Austin","WR","STL",102,NA,NA,NA,NA,NA,99.7,0.3,66.3,818,4.3,NA,1,117.8
"Greg Jennings","WR","MIN",103,NA,NA,NA,NA,NA,0,0,67,869.3,5.3,NA,1,116.9
"Miles Austin","WR","DAL",103,NA,NA,NA,NA,NA,0,0,58,829.3,6,NA,1,116.9
"Jonathan Stewart","RB","CAR",105,NA,NA,NA,NA,NA,670.7,4.3,29,224,1,NA,3,115.5
"DeSean Jackson","WR","PHI",106,NA,NA,NA,NA,NA,69,0,51.3,840,4.3,NA,1,114.9
"Anquan Boldin","WR","SF",107,NA,NA,NA,NA,NA,4,0,63,840.7,5.3,NA,1,114.5
"Vernon Davis","TE","SF",108,NA,NA,NA,NA,NA,NA,NA,61,770.3,6.3,NA,1,113
"Chris Givens","WR","STL",109,NA,NA,NA,NA,NA,12,0,52.5,840,4.5,NA,0,112.2
"Dennis Pitta","TE","BAL",110,NA,NA,NA,NA,NA,NA,NA,62.7,712.3,6.7,NA,0,111.2
"Andre Brown","RB","NYG",111,NA,NA,NA,NA,NA,604,6.7,16,117.7,0.3,NA,2,110.2
"Mark Ingram","RB","NO",111,NA,NA,NA,NA,NA,677.3,6.3,10,64.3,0,NA,1,110.2
"Isaiah Pead","RB","STL",113,NA,NA,NA,NA,NA,706.3,3.3,22.7,191.7,1,NA,3,109.8
"Giovani Bernard","RB","CIN",114,NA,NA,NA,NA,NA,607,2.7,35.7,289.7,1,NA,2,107.7
"Greg Olsen","TE","CAR",115,NA,NA,NA,NA,NA,NA,NA,62,756.3,5.3,NA,1,105.6
"Emmanuel Sanders","WR","PIT",116,NA,NA,NA,NA,NA,11.7,0,58.7,800.7,4.3,NA,1,105.2
"Shane Vereen","RB","NE",117,NA,NA,NA,NA,NA,482.3,3.7,39,305,1,NA,2,102.7
"Kendall Wright","WR","TEN",118,NA,NA,NA,NA,NA,0,0,65.7,776.7,4.3,NA,1,101.7
"Michael Floyd","WR","ARI",119,NA,NA,NA,NA,NA,0,0,59.7,814.3,3.7,NA,1,101.4
"Jermichael Finley","TE","GB",120,NA,NA,NA,NA,NA,NA,NA,59.3,711.7,5,NA,0,101.2
"Geno Smith","QB","NYJ",121,280.7,157,1949.7,9.3,11,165,1,NA,NA,NA,NA,8,99.8
"Santonio Holmes","WR","NYJ",122,NA,NA,NA,NA,NA,0,0,56.7,776.7,4,NA,1,99.7
"Sidney Rice","WR","SEA",123,NA,NA,NA,NA,NA,5.3,0,45,690,5,NA,0,99.5
"Kenny Britt","WR","TEN",124,NA,NA,NA,NA,NA,0,0,50.3,734.3,4.7,NA,1,99.4
"Owen Daniels","TE","HOU",124,NA,NA,NA,NA,NA,NA,NA,60.3,713.7,5,NA,1,99.4
"Ahmad Bradshaw","RB","IND",126,NA,NA,NA,NA,NA,570,4,24,178,0,NA,0,98.8
"Brandon Myers","TE","NYG",127,NA,NA,NA,NA,NA,NA,NA,65.7,677.3,5,NA,0,97.7
"Brian Hartline","WR","MIA",128,NA,NA,NA,NA,NA,0,0,55,773.3,3.7,NA,1,97.3
"Antonio Gates","TE","SD",129,NA,NA,NA,NA,NA,NA,NA,52,631.3,5.7,NA,0,97.1
"Brandon Pettigrew","TE","DET",130,NA,NA,NA,NA,NA,NA,NA,64.7,683.7,5,NA,1,96.4
"Kyle Rudolph","TE","MIN",131,NA,NA,NA,NA,NA,NA,NA,59,602,6.3,NA,1,96.2
"Pierre Thomas","RB","NO",132,NA,NA,NA,NA,NA,499.7,2,40.3,299.3,1,NA,1,95.9
"Jared Cook","TE","STL",133,NA,NA,NA,NA,NA,NA,NA,54.3,672.7,5,NA,1,95.3
"DeAngelo Williams","RB","CAR",134,NA,NA,NA,NA,NA,607,4.3,11,91.3,0,NA,1,93.8
"Martellus Bennett","TE","CHI",135,NA,NA,NA,NA,NA,NA,NA,51.3,602.3,5.3,NA,0,92.2
"Greg Little","WR","CLE",136,NA,NA,NA,NA,NA,12.7,0,56.7,704.7,3.3,NA,0,91.7
"Andre Roberts","WR","ARI",137,NA,NA,NA,NA,NA,25,0,54.3,685.7,3.7,NA,1,91.1
"Johnathan Franklin","RB","GB",138,NA,NA,NA,NA,NA,457.3,2.7,32.3,250,1.3,NA,2,90.7
"Mikel Leshoure","RB","DET",139,NA,NA,NA,NA,NA,449.3,6,15.3,107.7,0,NA,1,89.7
"Justin Blackmon","WR","JAC",140,NA,NA,NA,NA,NA,12.3,0,52.7,700.7,3,NA,1,87.3
"DeAndre Hopkins","WR","HOU",141,NA,NA,NA,NA,NA,0,0,48.3,652.3,4,NA,1,87.2
"Danny Woodhead","RB","SD",142,NA,NA,NA,NA,NA,370.7,1,41,365.7,1.3,NA,1,85.6
"Jacquizz Rodgers","RB","ATL",143,NA,NA,NA,NA,NA,378.7,1.7,45,336.3,1,NA,1,85.5
"Alshon Jeffery","WR","CHI",144,NA,NA,NA,NA,NA,0,0,42,651.7,3.7,NA,1,85.2
"Rod Streater","WR","OAK",145,NA,NA,NA,NA,NA,0,0,46.3,627.7,4,NA,1,84.8
"Brandon LaFell","WR","CAR",146,NA,NA,NA,NA,NA,15.3,0,47.3,658.3,3,NA,1,83.4
"Jordan Cameron","TE","CLE",147,NA,NA,NA,NA,NA,NA,NA,57.3,672.7,3,NA,1,83.3
"Fred Jackson","RB","BUF",148,NA,NA,NA,NA,NA,463.7,3.7,23.7,165.3,0.7,NA,3,82.9
"Michael Bush","RB","CHI",149,NA,NA,NA,NA,NA,439.3,5.3,10.3,74.7,0,NA,1,81.4
"Chad Henne","QB","JAC",150,238,137.7,1603,8,8.3,48,0,NA,NA,NA,NA,2,80.3
"Blaine Gabbert","QB","JAC",151,264,155,1703.7,8.3,9,67.3,0.7,NA,NA,NA,NA,7,80.2
"Ben Tate","RB","HOU",152,NA,NA,NA,NA,NA,554.3,3.3,9.7,77,0,NA,2,79.1
"Dustin Keller","TE","MIA",152,NA,NA,NA,NA,NA,NA,NA,51.3,590.7,3.3,NA,0,79.1
"Jermaine Gresham","TE","CIN",154,NA,NA,NA,NA,NA,NA,NA,52,584.3,3.7,NA,1,78.4
"Rob Housler","TE","ARI",155,NA,NA,NA,NA,NA,NA,NA,57.3,598,3.3,NA,1,77.8
"Fred Davis","TE","WAS",156,NA,NA,NA,NA,NA,NA,NA,44.3,555.3,3.7,NA,0,77.5
"Marcedes Lewis","TE","JAC",157,NA,NA,NA,NA,NA,NA,NA,53,591.3,3.3,NA,1,77.1
"Bryce Brown","RB","PHI",158,NA,NA,NA,NA,NA,500,3.3,14.3,108.3,0.3,NA,3,76.8
"Rueben Randle","WR","NYG",159,NA,NA,NA,NA,NA,0,0,42.3,587.3,3.3,NA,1,76.7
"Jacoby Jones","WR","BAL",160,NA,NA,NA,NA,NA,6,0,41,560,3.3,NA,0,76.6
"Dwayne Allen","TE","IND",161,NA,NA,NA,NA,NA,NA,NA,45.3,523,4.3,NA,1,76.3
"Zach Miller","TE","SEA",162,NA,NA,NA,NA,NA,NA,NA,46.3,514,4,NA,0,75.4
"Malcom Floyd","WR","SD",163,NA,NA,NA,NA,NA,0,0,36.7,531,3.7,NA,0,75.1
"Daryl Richardson","RB","STL",164,NA,NA,NA,NA,NA,481.3,1.3,28.7,206.3,0.3,NA,2,74.8
"Bernard Pierce","RB","BAL",165,NA,NA,NA,NA,NA,535.7,2.7,8.7,65.3,0,NA,1,74.1
"Ryan Williams","RB","ARI",166,NA,NA,NA,NA,NA,403.3,2.7,21.3,173.7,0.3,NA,1,73.7
"Robert Woods","WR","BUF",167,NA,NA,NA,NA,NA,8,0,39.3,528.3,3.7,NA,1,73.6
"Santana Moss","WR","WAS",168,NA,NA,NA,NA,NA,4,0,40,509.7,4,NA,1,73.4
"Aaron Dobson","WR","NE",169,NA,NA,NA,NA,NA,0,0,40.7,520,3.7,NA,1,72
"Nate Burleson","WR","DET",170,NA,NA,NA,NA,NA,45.3,0,46.7,533,2.7,NA,1,71.8
"Joseph Randle","RB","DAL",171,NA,NA,NA,NA,NA,441.3,2.3,19,149.7,0,NA,1,71.1
"Joe Morgan","WR","NO",172,NA,NA,NA,NA,NA,27.3,0,26.7,451.7,3.7,NA,0,69.9
"Mike Goodson","RB","NYJ",172,NA,NA,NA,NA,NA,432,2.3,19,147,0.3,NA,2,69.9
"Stephen Hill","WR","NYJ",174,NA,NA,NA,NA,NA,0,0,39,554,2.7,NA,1,69.4
"Robert Turbin","RB","SEA",175,NA,NA,NA,NA,NA,401,2,18.3,151.7,0.3,NA,0,69.3
"Dexter McCluster","WR","KC",176,NA,NA,NA,NA,NA,57.5,0,57,534.5,2,NA,1,69.2
"Kevin Kolb","QB","BUF",176,181.7,107.3,1204.3,7.3,6.3,43.3,0.3,NA,NA,NA,NA,1,69.2
"Mohamed Sanu","WR","CIN",178,NA,NA,NA,NA,NA,21.7,0,41.7,468,3.7,NA,1,69
"Mike Tolbert","RB","CAR",179,NA,NA,NA,NA,NA,155,5.3,24.3,191,0.7,NA,1,68.6
"Daniel Thomas","RB","MIA",180,NA,NA,NA,NA,NA,404,3,12.3,95.7,0.3,NA,1,68
"Brian Quick","WR","STL",181,NA,NA,NA,NA,NA,0,0,36.7,531.7,2.7,NA,1,67.2
"Coby Fleener","TE","IND",182,NA,NA,NA,NA,NA,NA,NA,38,443.7,3.7,NA,0,66.4
"Delanie Walker","TE","TEN",182,NA,NA,NA,NA,NA,NA,NA,42,504.3,3,NA,1,66.4
"Shonn Greene","RB","TEN",184,NA,NA,NA,NA,NA,383.3,4,8,59.7,0,NA,1,66.3
"A.J. Jenkins","WR","SF",185,NA,NA,NA,NA,NA,8,0,39.3,508,2.7,NA,1,65.6
"Justin Hunter","WR","TEN",186,NA,NA,NA,NA,NA,0,0,31.3,474.7,3,NA,0,65.5
"Darrius Heyward-Bey","WR","IND",187,NA,NA,NA,NA,NA,6,0,33.3,482.7,2.7,NA,0,64.9
"Heath Miller","TE","PIT",188,NA,NA,NA,NA,NA,NA,NA,36.3,427.7,4,NA,1,64.8
"Marcel Reece","RB","OAK",189,NA,NA,NA,NA,NA,165.3,0.3,44.7,397,1.3,NA,1,64.2
"Ronnie Hillman","RB","DEN",190,NA,NA,NA,NA,NA,347.3,1.3,25,172,1,NA,1,63.9
"Willis McGahee","RB","DEN",191,NA,NA,NA,NA,NA,427.7,2.7,13.7,91.7,0.3,NA,4,61.9
"Jeremy Kerley","WR","NYJ",192,NA,NA,NA,NA,NA,16,0,40.3,502,2,NA,1,61.8
"Golden Tate","WR","SEA",193,NA,NA,NA,NA,NA,16.3,0,31,419.7,3.3,NA,1,61.6
"Mark Sanchez","QB","NYJ",194,185,103,1199.7,5.3,6.3,20.7,0.7,NA,NA,NA,NA,1,60.7
"Davone Bess","WR","CLE",195,NA,NA,NA,NA,NA,0,0,45.7,520.7,1.7,NA,1,60.1
"Josh Morgan","WR","WAS",196,NA,NA,NA,NA,NA,15,0,40,465,2,NA,0,60
"Brandon Gibson","WR","MIA",197,NA,NA,NA,NA,NA,4.7,0,33.3,451,2.3,NA,0,59.6
"Matt Cassel","QB","MIN",198,169,100.7,1168,6.7,7,56.7,0,NA,NA,NA,NA,3,59.1
"Donnie Avery","WR","KC",199,NA,NA,NA,NA,NA,0.7,0,34.7,468.7,2,NA,0,58.9
"Vincent Brown","WR","SD",200,NA,NA,NA,NA,NA,0,0,29,424.7,2.7,NA,0,58.5
"Leonard Hankerson","WR","WAS",201,NA,NA,NA,NA,NA,5.3,0,31,438.3,2.3,NA,0,58.4
"Ryan Broyles","WR","DET",202,NA,NA,NA,NA,NA,0,0,36,442.3,2.7,NA,1,58.2
"Brent Celek","TE","PHI",203,NA,NA,NA,NA,NA,NA,NA,38.7,457.7,2,NA,0,57.8
"Donald Brown","RB","IND",203,NA,NA,NA,NA,NA,360,1.7,15,118,0,NA,0,57.8
"Joel Dreessen","TE","DEN",205,NA,NA,NA,NA,NA,NA,NA,36,377.3,3.7,NA,1,57.7
"Toby Gerhart","RB","MIN",206,NA,NA,NA,NA,NA,320.7,1.7,20,155.3,0.7,NA,2,57.6
"Isaac Redman","RB","PIT",207,NA,NA,NA,NA,NA,322.3,2,19.3,153,0.3,NA,2,57.5
"Markus Wheaton","WR","PIT",208,NA,NA,NA,NA,NA,9,0,32.3,424.3,2.7,NA,1,57.3
"Mike Gillislee","RB","MIA",209,NA,NA,NA,NA,NA,326,1.5,17.5,137.5,0.5,NA,1,56.4
"Jacob Tamme","TE","DEN",210,NA,NA,NA,NA,NA,NA,NA,38.3,422.3,2.3,NA,0,56.2
"Scott Chandler","TE","BUF",211,NA,NA,NA,NA,NA,NA,NA,30.3,350,3.3,NA,0,55
"Tony Scheffler","TE","DET",212,NA,NA,NA,NA,NA,NA,NA,34.7,420.3,2.3,NA,1,54
"Andrew Hawkins","WR","CIN",213,NA,NA,NA,NA,NA,15.7,0,38.7,423,1.7,NA,0,53.9
"Jon Baldwin","WR","KC",214,NA,NA,NA,NA,NA,0,0,28,412.7,2,NA,0,53.3
"Domenik Hixon","WR","CAR",215,NA,NA,NA,NA,NA,0,0,30.7,401.3,2,NA,0,52.1
"Tyler Eifert","TE","CIN",215,NA,NA,NA,NA,NA,NA,NA,33,400.7,2,NA,0,52.1
"Zac Stacy","RB","STL",217,NA,NA,NA,NA,NA,317.7,2.7,8,59.7,0,NA,1,51.7
"Cordarrelle Patterson","WR","MIN",218,NA,NA,NA,NA,NA,8.3,0,26.7,384.3,2,NA,0,51.3
"Harry Douglas","WR","ATL",219,NA,NA,NA,NA,NA,1.3,0,35.7,424,1.3,NA,0,50.5
"David Ausberry","TE","OAK",220,NA,NA,NA,NA,NA,NA,NA,31.5,400,2,NA,1,50
"Dwayne Harris","WR","DAL",220,NA,NA,NA,NA,NA,0,0,31.3,400.3,1.7,NA,0,50
"Jerome Simpson","WR","MIN",220,NA,NA,NA,NA,NA,0,0,29,400.3,2,NA,1,50
"Jacoby Ford","WR","OAK",223,NA,NA,NA,NA,NA,45.7,0.3,26.3,353,1.3,NA,0,49.9
"Keenan Allen","WR","SD",224,NA,NA,NA,NA,NA,6,0,26.3,347,2.3,NA,0,49.3
"Tiquan Underwood","WR","TB",225,NA,NA,NA,NA,NA,0,0,27,385.3,1.7,NA,0,48.5
"Kirk Cousins","QB","WAS",226,99.3,62,756.7,6,3.7,33.3,0,NA,NA,NA,NA,1,48.3
"Jason Avant","WR","PHI",227,NA,NA,NA,NA,NA,0,0,36.7,441.7,1,NA,1,48.2
"Luke Stocker","TE","TB",228,NA,NA,NA,NA,NA,NA,NA,34,336.3,2.3,NA,0,47.6
"Jeff Cumberland","TE","NYJ",229,NA,NA,NA,NA,NA,NA,NA,34.7,391.7,1.7,NA,1,47.2
"Denard Robinson","RB","JAC",230,NA,NA,NA,NA,NA,248,1,15.7,121,0.7,NA,1,44.9
"Travis Kelce","TE","KC",231,NA,NA,NA,NA,NA,NA,NA,32,347.7,1.7,NA,0,44.8
"Ed Dickson","TE","BAL",232,NA,NA,NA,NA,NA,NA,NA,28,305.7,2.3,NA,0,44.6
"Jarius Wright","WR","MIN",232,NA,NA,NA,NA,NA,27,0,29.3,339,1.3,NA,0,44.6
"Earl Bennett","WR","CHI",234,NA,NA,NA,NA,NA,0,0,30.7,382.7,1.3,NA,1,44.3
"Anthony Fasano","TE","KC",235,NA,NA,NA,NA,NA,NA,NA,27.7,298.7,2.3,NA,0,43.9
"James Casey","TE","PHI",236,NA,NA,NA,NA,NA,NA,NA,32,333.3,2,NA,1,43.3
"Kendall Hunter","RB","SF",237,NA,NA,NA,NA,NA,281,1.7,7,50.3,0,NA,0,43.1
"T.J. Graham","WR","BUF",237,NA,NA,NA,NA,NA,9,0,26,322.3,1.7,NA,0,43.1
"Mario Manningham","WR","SF",239,NA,NA,NA,NA,NA,0,0,24.7,321.3,1.7,NA,0,42.1
"Ryan Fitzpatrick","QB","TEN",240,118,69.3,813,4.3,4.3,45,0,NA,NA,NA,NA,2,41.7
"Damian Williams","WR","TEN",241,NA,NA,NA,NA,NA,0,0,28,356,1,NA,0,41.6
"Garrett Graham","TE","HOU",242,NA,NA,NA,NA,NA,NA,NA,30,290.3,2,NA,0,41
"Juron Criner","WR","OAK",243,NA,NA,NA,NA,NA,0,0,27.5,339,1.5,NA,1,40.9
"LaMichael James","RB","SF",244,NA,NA,NA,NA,NA,286,1,12,82.3,0,NA,1,40.8
"Nick Foles","QB","PHI",245,119.7,70,798.7,4.3,3,14.3,0,NA,NA,NA,NA,2,40.7
"Evan Royster","RB","WAS",246,NA,NA,NA,NA,NA,198,1,16.7,126.7,0.3,NA,0,40.5
"Quinton Patton","WR","SF",247,NA,NA,NA,NA,NA,0,0,22.3,299,1.7,NA,0,39.9
"Rashad Jennings","RB","OAK",248,NA,NA,NA,NA,NA,276.7,1,10.3,77.7,0,NA,1,39.4
"Jordan Shipley","WR","JAC",249,NA,NA,NA,NA,NA,0,0,29,330,1,NA,0,39
"Julian Edelman","WR","NE",250,NA,NA,NA,NA,NA,33.7,0,24.3,275.7,1.3,NA,0,38.9
"Zach Ertz","TE","PHI",251,NA,NA,NA,NA,NA,NA,NA,23,272,1.7,NA,0,37.2
"Mike James","RB","TB",252,NA,NA,NA,NA,NA,232.5,2,6,37,0,NA,1,37
"Ronnie Brown","RB","SD",252,NA,NA,NA,NA,NA,206.3,0.7,18.7,143.7,0,NA,1,37
"Travis Benjamin","WR","CLE",254,NA,NA,NA,NA,NA,21,0,18,282,1,NA,0,36.3
"Mohamed Massaquoi","WR","JAC",255,NA,NA,NA,NA,NA,0,0,22,298.7,1,NA,0,35.9
"William Powell","RB","ARI",256,NA,NA,NA,NA,NA,127,1,16,111,1,NA,0,35.8
"Justin Forsett","RB","JAC",257,NA,NA,NA,NA,NA,278.7,0.7,4.3,38.7,0,NA,0,35.7
"Terrance Williams","WR","DAL",258,NA,NA,NA,NA,NA,0,0,23.3,295.7,1,NA,0,35.6
"LaRod Stephens-Howling","RB","PIT",259,NA,NA,NA,NA,NA,152,0.3,22.7,161.3,0.3,NA,0,35.3
"Nate Washington","WR","TEN",260,NA,NA,NA,NA,NA,6,0,15,226,2,NA,0,35.2
"Jason Campbell","QB","CLE",261,108.7,66,754,3.7,3.3,28,0,NA,NA,NA,NA,3,35
"Bilal Powell","RB","NYJ",262,NA,NA,NA,NA,NA,193,0.7,11.3,93,0.3,NA,0,34.6
"Joique Bell","RB","DET",263,NA,NA,NA,NA,NA,137.3,0.3,22.7,181,0.3,NA,1,33.8
"Louis Murphy","WR","NYG",264,NA,NA,NA,NA,NA,2,0,20,255,1.3,NA,0,33.7
"Hayden Smith","TE","NYJ",265,NA,NA,NA,NA,NA,NA,NA,21,248.7,1.3,NA,0,32.9
"Doug Baldwin","WR","SEA",266,NA,NA,NA,NA,NA,0,0,20,246.3,1.3,NA,0,32.6
"Tom Crabtree","TE","TB",267,NA,NA,NA,NA,NA,NA,NA,21,223.3,1.7,NA,0,32.3
"Tommy Streeter","WR","BAL",268,NA,NA,NA,NA,NA,0,0,19,261.7,1,NA,0,32.2
"David Paulson","TE","PIT",269,NA,NA,NA,NA,NA,NA,NA,18.7,212.3,1.7,NA,0,31.2
"Ben Obomanu","WR","NYJ",270,NA,NA,NA,NA,NA,0,0,20,245,1,NA,0,30.5
"Knile Davis","RB","KC",271,NA,NA,NA,NA,NA,205.3,1.3,4.7,36.3,0,NA,1,30.2
"Luke Willson","TE","SEA",272,NA,NA,NA,NA,NA,NA,NA,14.5,178,2,NA,0,29.8
"Marvin Jones","WR","CIN",273,NA,NA,NA,NA,NA,4.7,0,17,212.3,1.3,NA,0,29.7
"Montario Hardesty","RB","CLE",274,NA,NA,NA,NA,NA,199.7,1.3,5.3,34.7,0,NA,1,29.4
"Keshawn Martin","WR","HOU",275,NA,NA,NA,NA,NA,23.3,0,20.3,227.7,0.7,NA,0,29.1
"Lance Kendricks","TE","STL",275,NA,NA,NA,NA,NA,NA,NA,18.3,211.3,1.3,NA,0,29.1
"John Kuhn","RB","GB",277,NA,NA,NA,NA,NA,53,1.5,19,136.5,0.5,NA,1,29
"Jason Snelling","RB","ATL",278,NA,NA,NA,NA,NA,77,0.3,18.3,143,0.7,NA,0,28
"Shaun Draughn","RB","KC",278,NA,NA,NA,NA,NA,170.7,0.3,13.7,109.7,0,NA,1,28
"Spencer Ware","RB","SEA",280,NA,NA,NA,NA,NA,73,1,10,84,1,NA,0,27.7
"Henry Hynoski","RB","NYG",281,NA,NA,NA,NA,NA,51,1,12,104,1,NA,0,27.5
"Mychal Rivera","TE","OAK",282,NA,NA,NA,NA,NA,NA,NA,18.3,213,1,NA,0,27.3
"Josh Boyce","WR","NE",283,NA,NA,NA,NA,NA,0,0,14.7,211.7,1,NA,0,27.2
"Tony Moeaki","TE","KC",284,NA,NA,NA,NA,NA,NA,NA,20,227.7,0.7,NA,0,26.8
"Benjamin Watson","TE","NO",285,NA,NA,NA,NA,NA,NA,NA,15.7,167.3,1.7,NA,0,26.7
"Felix Jones","RB","PHI",286,NA,NA,NA,NA,NA,165.5,0.5,10.5,70,0,NA,0,26.6
"Christine Michael","RB","SEA",287,NA,NA,NA,NA,NA,138.5,1,7.5,66.5,0,NA,0,26.5
"Stedman Bailey","WR","STL",287,NA,NA,NA,NA,NA,0,0,17.3,225.3,0.7,NA,0,26.5
"Tandon Doss","WR","BAL",289,NA,NA,NA,NA,NA,0,0,14.5,200.5,1,NA,0,26.1
"Brad Smith","WR","BUF",290,NA,NA,NA,NA,NA,95,0,9,103,1,NA,0,25.8
"Craig Stevens","TE","TEN",290,NA,NA,NA,NA,NA,NA,NA,18,198,1,NA,0,25.8
"DuJuan Harris","RB","GB",292,NA,NA,NA,NA,NA,196.7,0.7,4.7,39.3,0,NA,1,25.6
"Darrel Young","RB","WAS",293,NA,NA,NA,NA,NA,71,1,7,60,1,NA,0,25.1
"Kris Durham","WR","DET",294,NA,NA,NA,NA,NA,0,0,15,189,1,NA,0,24.9
"LaVon Brazill","WR","IND",295,NA,NA,NA,NA,NA,0,0,12.5,206.5,0.5,NA,0,23.7
"Jonathan Dwyer","RB","PIT",296,NA,NA,NA,NA,NA,163.7,0.7,4.7,32.3,0,NA,0,23.6
"Eddie Royal","WR","SD",297,NA,NA,NA,NA,NA,10.5,0,14.5,163.5,1,NA,0,23.4
"Vonta Leach","RB",NA,298,NA,NA,NA,NA,NA,36.5,1,17.5,136.5,0,NA,0,23.3
"Delone Carter","RB","IND",299,NA,NA,NA,NA,NA,104.7,2.3,1,7.3,0,NA,1,23.2
"Logan Paulsen","TE","WAS",299,NA,NA,NA,NA,NA,NA,NA,15,171.7,1,NA,0,23.2
"Brian Leonard","RB","TB",301,NA,NA,NA,NA,NA,85,0.5,19.5,113.5,0,NA,0,22.9
"Charles Clay","TE","MIA",302,NA,NA,NA,NA,NA,NA,NA,17.5,197,0.5,NA,0,22.7
"Da'Rick Rogers","WR","BUF",303,NA,NA,NA,NA,NA,0,0,12,166,1,NA,0,22.6
"Gavin Escobar","TE","DAL",304,NA,NA,NA,NA,NA,NA,NA,14.7,164,1,NA,0,22.4
"LeGarrette Blount","RB","NE",305,NA,NA,NA,NA,NA,100.3,2.3,0.3,2,0,NA,1,22.2
"Lestar Jean","WR","HOU",306,NA,NA,NA,NA,NA,0,0,12,180.7,0.7,NA,0,22.1
"John Carlson","TE","MIN",307,NA,NA,NA,NA,NA,NA,NA,16,179.3,0.7,NA,0,21.9
"Tyler Wilson","QB","OAK",308,97,50,569,2,5,9,0,NA,NA,NA,NA,0,21.7
"Brandon Bolden","RB","NE",309,NA,NA,NA,NA,NA,139.3,1.3,2,17,0,NA,1,21.6
"Lance Ball","RB","DEN",310,NA,NA,NA,NA,NA,120,1,5,35,0,NA,0,21.5
"Marquise Goodwin","WR","BUF",310,NA,NA,NA,NA,NA,4.7,0,12.3,170.7,0.7,NA,0,21.5
"Corey Fuller","WR","DET",312,NA,NA,NA,NA,NA,0,0,11.7,153.7,1,NA,0,21.4
"Virgil Green","TE","DEN",312,NA,NA,NA,NA,NA,NA,NA,12.7,154,1,NA,0,21.4
"Matt Spaeth","TE","PIT",314,NA,NA,NA,NA,NA,NA,NA,14.5,150,1,NA,0,21
"Knowshon Moreno","RB","DEN",315,NA,NA,NA,NA,NA,127,0.7,6,41,0,NA,0,20.8
"Rishard Matthews","WR","MIA",315,NA,NA,NA,NA,NA,0,0,11,148,1,NA,0,20.8
"Cameron Morrah","TE",NA,317,NA,NA,NA,NA,NA,NA,NA,14,146,1,NA,0,20.6
"Dion Lewis","RB","CLE",318,NA,NA,NA,NA,NA,103,0.3,9.3,80.3,0,NA,0,20.3
"Bruce Gradkowski","QB","PIT",319,77.7,43,504,2.3,3.3,11,0,NA,NA,NA,NA,2,19.9
"Arrelious Benn","WR","PHI",320,NA,NA,NA,NA,NA,0,0,10,133,1,NA,0,19.3
"Bruce Miller","RB","SF",320,NA,NA,NA,NA,NA,52,1,9,81,0,NA,0,19.3
"Bernard Scott","RB","CIN",322,NA,NA,NA,NA,NA,94,0,13,92,0,NA,0,18.6
"Donald Jones","WR","NE",322,NA,NA,NA,NA,NA,0,0,10.5,126,1,NA,0,18.6
"Latavius Murray","RB","OAK",322,NA,NA,NA,NA,NA,133,0.5,7,43,0,NA,1,18.6
"Chris Gragg","TE","BUF",325,NA,NA,NA,NA,NA,NA,NA,10,125,1,NA,0,18.5
"Jordan Reed","TE","WAS",325,NA,NA,NA,NA,NA,NA,NA,10.3,125.3,1,NA,0,18.5
"Nick Kasa","TE","OAK",325,NA,NA,NA,NA,NA,NA,NA,14.3,165,0.3,NA,0,18.5
"Jorvorski Lane","RB","MIA",328,NA,NA,NA,NA,NA,58,1,7,64,0,NA,0,18.2
"Leon Washington","RB","NE",329,NA,NA,NA,NA,NA,86,0,12.5,94.5,0,NA,0,18.1
"Lex Hilliard","RB","NYJ",330,NA,NA,NA,NA,NA,68,1,6,52,0,NA,0,18
"Travaris Cadet","RB","NO",331,NA,NA,NA,NA,NA,83,1,5,35,0,NA,0,17.8
"Vance McDonald","TE","SF",331,NA,NA,NA,NA,NA,NA,NA,12.3,138,0.7,NA,0,17.8
"Adrien Robinson","TE","NYG",333,NA,NA,NA,NA,NA,NA,NA,10,117,1,NA,0,17.7
"Cierre Wood","RB","HOU",333,NA,NA,NA,NA,NA,89,1,4,28,0,NA,0,17.7
"Kevin Ogletree","WR","TB",335,NA,NA,NA,NA,NA,4.3,0,11.7,150.7,0.3,NA,0,17.5
"Andrew Quarless","TE","GB",336,NA,NA,NA,NA,NA,NA,NA,11.7,133.3,0.7,NA,0,17.3
"Ryan Swope","WR","ARI",336,NA,NA,NA,NA,NA,0,0,11.5,142.5,0.5,NA,0,17.3
"Mike Thomas","WR","DET",338,NA,NA,NA,NA,NA,0,0,8.5,112,1,NA,0,17.2
"Taylor Thompson","TE","TEN",338,NA,NA,NA,NA,NA,NA,NA,13,151.7,0.3,NA,0,17.2
"Chris Ogbonnaya","RB","CLE",340,NA,NA,NA,NA,NA,100,0,12,91,0,NA,1,17.1
"Clyde Gates","WR","NYJ",340,NA,NA,NA,NA,NA,0,0,8,111,1,NA,0,17.1
"Cole Beasley","WR","DAL",340,NA,NA,NA,NA,NA,0,0,11,140.5,0.5,NA,0,17.1
"Deonte Thompson","WR","BAL",340,NA,NA,NA,NA,NA,0,0,8,111,1,NA,0,17.1
"Konrad Reuland","TE","NYJ",340,NA,NA,NA,NA,NA,NA,NA,10,111,1,NA,0,17.1
"Roy Helu","RB","WAS",340,NA,NA,NA,NA,NA,78,0.7,6.3,52.7,0,NA,0,17.1
"Jerricho Cotchery","WR","PIT",346,NA,NA,NA,NA,NA,0,0,11,139.5,0.5,NA,0,17
"Jeff King","TE","ARI",347,NA,NA,NA,NA,NA,NA,NA,11,108.5,1,NA,0,16.9
"Michael Williams","TE","DET",348,NA,NA,NA,NA,NA,NA,NA,9,106,1,NA,0,16.6
"Richard Gordon","TE","OAK",349,NA,NA,NA,NA,NA,NA,NA,9,105,1,NA,0,16.5
"Le'Ron McClain","RB","SD",350,NA,NA,NA,NA,NA,70,1,6.5,33.5,0,NA,0,16.4
"John Phillips","TE","SD",351,NA,NA,NA,NA,NA,NA,NA,10,102.7,1,NA,0,16.3
"Michael Crabtree","WR","SF",352,NA,NA,NA,NA,NA,0,0,8,101.5,1,NA,0,16.2
"Kellen Davis","TE","CLE",353,NA,NA,NA,NA,NA,NA,NA,12.3,141,0.3,NA,0,16.1
"Lance Dunbar","RB","DAL",353,NA,NA,NA,NA,NA,73.5,0,7,57.5,0.5,NA,0,16.1
"Robert Meachem","WR","SD",353,NA,NA,NA,NA,NA,3.7,0,8.3,117.7,0.7,NA,0,16.1
"Justin Brown","WR","PIT",356,NA,NA,NA,NA,NA,0,0,7,100,1,NA,0,16
"Kealoha Pilares","WR","CAR",357,NA,NA,NA,NA,NA,0,0,7,99,1,NA,0,15.9
"Chase Daniel","QB","KC",358,49.3,28.7,331.3,1.7,2,14.7,0,NA,NA,NA,NA,1,15.4
"Armando Allen","RB","CHI",359,NA,NA,NA,NA,NA,122,0,4.3,30,0,NA,0,15.2
"Matt Asiata","RB","MIN",359,NA,NA,NA,NA,NA,65,1,3,27,0,NA,0,15.2
"Da'Rel Scott","RB","NYG",361,NA,NA,NA,NA,NA,102.7,0.3,3.7,28,0,NA,0,15.1
"Andre Ellington","RB","ARI",362,NA,NA,NA,NA,NA,67.5,0,6.5,52,0.5,NA,0,15
"Stepfan Taylor","RB","ARI",362,NA,NA,NA,NA,NA,94.5,0.5,6.5,45.5,0,NA,1,15
"Nick Toon","WR","NO",364,NA,NA,NA,NA,NA,0,0,8.3,107.7,0.7,NA,0,14.8
"Tavarres King","WR","DEN",365,NA,NA,NA,NA,NA,0,0,6,87,1,NA,0,14.7
"Lawrence Vickers","RB","DAL",366,NA,NA,NA,NA,NA,35,0,13,110,0,NA,0,14.5
"Andre Caldwell","WR","DEN",367,NA,NA,NA,NA,NA,0,0,11,141,0,NA,0,14.1
"Chase Coffman","TE","ATL",367,NA,NA,NA,NA,NA,NA,NA,15,141,0,NA,0,14.1
"Jake Ballard","TE","NE",369,NA,NA,NA,NA,NA,NA,NA,10.7,119,0.3,NA,0,13.9
"Jed Collins","RB","NO",369,NA,NA,NA,NA,NA,0,0,9,79,1,NA,0,13.9
"Ace Sanders","WR","JAC",371,NA,NA,NA,NA,NA,8.3,0,10.7,130,0,NA,0,13.8
"Steve Maneri","TE","CHI",371,NA,NA,NA,NA,NA,NA,NA,7,78,1,NA,0,13.8
"Chris Harper","WR","SEA",373,NA,NA,NA,NA,NA,0,0,7.5,98.5,0.5,NA,0,12.9
"Colt McCoy","QB","SF",374,28,16.7,196.7,1.3,0.7,8,0,NA,NA,NA,NA,0,12.7
"Jacob Hester","RB","DEN",374,NA,NA,NA,NA,NA,67,1,0,0,0,NA,0,12.7
"Ladarius Green","TE","SD",376,NA,NA,NA,NA,NA,NA,NA,8,85.7,0.7,NA,0,12.6
"Michael Robinson","RB","SEA",377,NA,NA,NA,NA,NA,37,0,11,86,0,NA,0,12.3
"Will Johnson","RB","PIT",377,NA,NA,NA,NA,NA,0,0,7,63,1,NA,0,12.3
"Seneca Wallace","QB","NO",379,44,23,276,2,4,12,0,NA,NA,NA,NA,0,12.2
"Michael Cox","RB","NYG",380,NA,NA,NA,NA,NA,61,1,0,0,0,NA,0,12.1
"Riley Cooper","WR","PHI",380,NA,NA,NA,NA,NA,0,0,6,91,0.5,NA,0,12.1
"Matt Moore","QB","MIA",382,28,17,196.7,1.3,1,7.3,0,NA,NA,NA,NA,0,11.9
"Tashard Choice","RB","BUF",382,NA,NA,NA,NA,NA,98.7,0.3,3,20.7,0,NA,1,11.9
"Anthony Dixon","RB","SF",384,NA,NA,NA,NA,NA,54.5,1,0.5,2,0,NA,0,11.7
"David Nelson","WR","CLE",385,NA,NA,NA,NA,NA,0,0,8.5,111,0,NA,0,11.1
"Marcus Thigpen","RB","MIA",386,NA,NA,NA,NA,NA,52,0,7,58,0,NA,0,11
"Anthony Allen","RB","BAL",387,NA,NA,NA,NA,NA,58,0.5,2.5,20.5,0,NA,0,10.9
"Cedric Peerman","RB","CIN",388,NA,NA,NA,NA,NA,80,0,4,28,0,NA,0,10.8
"James Hanna","TE","DAL",388,NA,NA,NA,NA,NA,NA,NA,6.7,68.3,0.7,NA,0,10.8
"Joe McKnight","RB","NYJ",388,NA,NA,NA,NA,NA,95.5,0,1.5,12.5,0,NA,0,10.8
"Jarrett Boykin","WR","GB",391,NA,NA,NA,NA,NA,0,0,5.5,76,0.5,NA,0,10.6
"Rex Burkhead","RB","CIN",391,NA,NA,NA,NA,NA,64.5,0.5,2,11,0,NA,0,10.6
"Allen Reisner","TE","JAC",393,NA,NA,NA,NA,NA,NA,NA,9,105,0,NA,0,10.5
"Kenny Stills","WR","NO",393,NA,NA,NA,NA,NA,0,0,6.3,85.3,0.3,NA,0,10.5
"Ted Ginn Jr.","WR","CAR",393,NA,NA,NA,NA,NA,0,0,8,105,0,NA,0,10.5
"Matthew Mulligan","TE","GB",396,NA,NA,NA,NA,NA,NA,NA,6,73.5,0.5,NA,0,10.4
"Aldrick Robinson","WR","WAS",397,NA,NA,NA,NA,NA,0,0,5,72.5,0.5,NA,0,10.3
"Erik Lorig","RB","TB",398,NA,NA,NA,NA,NA,0,0,12,99,0,NA,0,9.9
"Michael Hoomanawanui","TE","NE",399,NA,NA,NA,NA,NA,NA,NA,6.7,76.7,0.3,NA,0,9.7
"Stephen Burton","WR","MIN",400,NA,NA,NA,NA,NA,0,0,6.5,95,0,NA,0,9.5
"Terrelle Pryor","QB","OAK",400,29.7,17.7,202,1,1,14,0,NA,NA,NA,NA,1,9.5
"Kenjon Barner","RB","CAR",402,NA,NA,NA,NA,NA,60,0.5,0,0,0,NA,0,9
"Alex Green","RB","GB",403,NA,NA,NA,NA,NA,73.7,0,2.7,15,0,NA,0,8.9
"Derek Hagan","WR",NA,403,NA,NA,NA,NA,NA,0,0,6,89,0,NA,0,8.9
"Evan Rodriguez","TE","MIA",403,NA,NA,NA,NA,NA,NA,NA,8.5,88.5,0,NA,0,8.9
"Kevin Walter","WR","TEN",406,NA,NA,NA,NA,NA,0,0,6.5,86,0,NA,0,8.6
"Devon Wylie","WR","KC",407,NA,NA,NA,NA,NA,0,0,6,85,0,NA,0,8.5
"Drew Stanton","QB","ARI",407,32.3,19.7,248.7,1,2,6,0,NA,NA,NA,NA,1,8.5
"Levine Toilolo","TE","ATL",407,NA,NA,NA,NA,NA,NA,NA,5,54.5,0.5,NA,0,8.5
"Chris Polk","RB","PHI",410,NA,NA,NA,NA,NA,74.5,0,1.5,9.5,0,NA,0,8.4
"Lee Smith","TE","BUF",410,NA,NA,NA,NA,NA,NA,NA,5,53.5,0.5,NA,0,8.4
"D.J. Williams","TE","GB",412,NA,NA,NA,NA,NA,NA,NA,4.5,52,0.5,NA,0,8.2
"Marquess Wilson","WR","CHI",412,NA,NA,NA,NA,NA,0,0,6,82,0,NA,0,8.2
"Jordan White","WR","NYJ",414,NA,NA,NA,NA,NA,0,0,6,80,0,NA,0,8
"Domanique Davis","QB","ATL",415,21.5,12.5,139,0.5,0,2.5,0,NA,NA,NA,NA,0,7.8
"Kyle Adams","TE","CHI",415,NA,NA,NA,NA,NA,NA,NA,7,78,0,NA,0,7.8
"Anthony Armstrong","WR","DAL",417,NA,NA,NA,NA,NA,0,0,5,77,0,NA,0,7.7
"Plaxico Burress","WR","PIT",417,NA,NA,NA,NA,NA,0,0,6,77,0,NA,0,7.7
"Brice Butler","WR","OAK",419,NA,NA,NA,NA,NA,0,0,5,75,0,NA,0,7.5
"Michael Egnew","TE","MIA",419,NA,NA,NA,NA,NA,NA,NA,8,75,0,NA,0,7.5
"Niles Paul","TE","WAS",421,NA,NA,NA,NA,NA,NA,NA,6,74,0,NA,0,7.4
"DeVier Posey","WR","HOU",422,NA,NA,NA,NA,NA,0,0,6,72,0,NA,0,7.2
"Devin Hester","WR","CHI",422,NA,NA,NA,NA,NA,10,0,4.5,62,0,NA,0,7.2
"Kevin Cone","WR","ATL",424,NA,NA,NA,NA,NA,0,0,5,71,0,NA,0,7.1
"Kyle Orton","QB","DAL",424,20,12,143.3,0.7,0.7,0.7,0,NA,NA,NA,NA,0,7.1
"Ben Hartsock","TE","CAR",426,NA,NA,NA,NA,NA,NA,NA,6.5,70,0,NA,0,7
"Alan Bonner","WR","HOU",427,NA,NA,NA,NA,NA,0,0,5,69,0,NA,0,6.9
"Mike McNeill","TE","STL",427,NA,NA,NA,NA,NA,NA,NA,6,69,0,NA,0,6.9
"Rhett Ellison","TE","MIN",427,NA,NA,NA,NA,NA,NA,NA,6,69,0,NA,0,6.9
"Will Ta'ufo'ou","RB","JAC",427,NA,NA,NA,NA,NA,41,0,3,28,0,NA,0,6.9
"Anthony Sherman","RB","KC",431,NA,NA,NA,NA,NA,37,0,4,31,0,NA,0,6.8
"Austin Pettis","WR","STL",431,NA,NA,NA,NA,NA,0,0,4.5,67.5,0,NA,0,6.8
"Brett Brackett","TE","JAC",431,NA,NA,NA,NA,NA,NA,NA,6,68,0,NA,0,6.8
"Ramses Barden","WR","NYG",431,NA,NA,NA,NA,NA,0,0,5,68,0,NA,0,6.8
"Drew Davis","WR","ATL",435,NA,NA,NA,NA,NA,0,0,5,67,0,NA,0,6.7
"Tommy Gallarda","TE","ATL",435,NA,NA,NA,NA,NA,NA,NA,6,67,0,NA,0,6.7
"Josh Johnson","QB","CIN",437,21,13,147,0,0,7,0,NA,NA,NA,NA,0,6.6
"Brandon Tate","WR","CIN",438,NA,NA,NA,NA,NA,0,0,5,65,0,NA,0,6.5
"Matt Barkley","QB","PHI",438,18,10.5,123.5,0.5,0.5,5.5,0,NA,NA,NA,NA,0,6.5
"Tyrod Taylor","QB","BAL",438,10.3,6.3,71.3,0.3,0.3,29.7,0,NA,NA,NA,NA,0,6.5
"Edwin Baker","RB","SD",441,NA,NA,NA,NA,NA,64,0,0,0,0,NA,0,6.4
"Laron Byrd","WR","ARI",441,NA,NA,NA,NA,NA,0,0,5,64,0,NA,0,6.4
"Orson Charles","TE","CIN",441,NA,NA,NA,NA,NA,NA,NA,6,64,0,NA,0,6.4
"Darius Reynaud","RB","TEN",444,NA,NA,NA,NA,NA,37,0,3,26,0,NA,0,6.3
"Kyle Williams","WR","SF",444,NA,NA,NA,NA,NA,0,0,4.5,62.5,0,NA,0,6.3
"Bear Pascoe","TE","NYG",446,NA,NA,NA,NA,NA,NA,NA,5,62,0,NA,0,6.2
"Garrett Celek","TE","SF",446,NA,NA,NA,NA,NA,NA,NA,5,62,0,NA,0,6.2
"Jeremy Stewart","RB","OAK",446,NA,NA,NA,NA,NA,62,0,0,0,0,NA,0,6.2
"Josh McCown","QB","CHI",446,21,12.7,153.7,0.7,0.7,7.3,0,NA,NA,NA,NA,1,6.2
"Richie Brockel","TE","CAR",450,NA,NA,NA,NA,NA,NA,NA,5,61,0,NA,0,6.1
"Weslye Saunders","TE","IND",450,NA,NA,NA,NA,NA,NA,NA,5,61,0,NA,0,6.1
"Nathan Palmer","WR","IND",452,NA,NA,NA,NA,NA,0,0,5,60,0,NA,0,6
"Quinn Johnson","RB","TEN",452,NA,NA,NA,NA,NA,31,0,3,29,0,NA,0,6
"Greg Jones","RB","HOU",454,NA,NA,NA,NA,NA,0,0,7,59,0,NA,0,5.9
"Kerwynn Williams","RB","IND",454,NA,NA,NA,NA,NA,44,0,2,15,0,NA,0,5.9
"Ryan Griffin","TE","HOU",454,NA,NA,NA,NA,NA,NA,NA,5.5,58.5,0,NA,0,5.9
"Armon Binns","WR","MIA",457,NA,NA,NA,NA,NA,0,0,4,57,0,NA,0,5.7
"Gary Barnidge","TE","CLE",457,NA,NA,NA,NA,NA,NA,NA,5,57,0,NA,0,5.7
"James Starks","RB","GB",459,NA,NA,NA,NA,NA,49,0,1,7,0,NA,0,5.6
"Dion Sims","TE","MIA",460,NA,NA,NA,NA,NA,NA,NA,5,54,0,NA,0,5.4
"Dorin Dickerson","RB","BUF",460,NA,NA,NA,NA,NA,0,0,6,54,0,NA,0,5.4
"Ray Graham","RB","HOU",462,NA,NA,NA,NA,NA,53,0,0,0,0,NA,0,5.3
"Jalen Parmele","RB","TEN",463,NA,NA,NA,NA,NA,52,0,0,0,0,NA,0,5.2
"David Reed","WR","BAL",464,NA,NA,NA,NA,NA,0,0,4,51,0,NA,0,5.1
"Theo Riddick","RB","DET",464,NA,NA,NA,NA,NA,51,0,0,0,0,NA,0,5.1
"Jonathan Grimes","RB",NA,466,NA,NA,NA,NA,NA,49,0,0,0,0,NA,0,4.9
"D.C. Jefferson","TE","ARI",467,NA,NA,NA,NA,NA,NA,NA,4,46.5,0,NA,0,4.7
"Nate Byham","TE","TB",468,NA,NA,NA,NA,NA,NA,NA,4,46,0,NA,0,4.6
"Aaron Mellette","WR","BAL",469,NA,NA,NA,NA,NA,0,0,3,45,0,NA,0,4.5
"Chris Thompson","RB","WAS",469,NA,NA,NA,NA,NA,45,0,0,0,0,NA,0,4.5
"Harvey Unga","RB","CHI",469,NA,NA,NA,NA,NA,45,0,0,0,0,NA,0,4.5
"Michael Jenkins","WR","NE",469,NA,NA,NA,NA,NA,0,0,3,45,0,NA,0,4.5
"Phillip Tanner","RB","DAL",473,NA,NA,NA,NA,NA,44,0,0,0,0,NA,0,4.4
"Steve Smith","WR",NA,474,NA,NA,NA,NA,NA,0,0,3,43,0,NA,0,4.3
"Shaun Hill","QB","DET",475,12.3,7.7,87,0.3,0.3,0.3,0,NA,NA,NA,NA,0,4.2
"Julius Thomas","TE","DEN",476,NA,NA,NA,NA,NA,NA,NA,4,40,0,NA,0,4
"Michael Smith","RB","TB",477,NA,NA,NA,NA,NA,38,0,0,0,0,NA,0,3.8
"Antone Smith","RB","ATL",478,NA,NA,NA,NA,NA,36,0,0,0,0,NA,0,3.6
"Bradie Ewing","RB","ATL",478,NA,NA,NA,NA,NA,0,0,4,36,0,NA,0,3.6
"Damien Berry","RB","BAL",478,NA,NA,NA,NA,NA,36,0,0,0,0,NA,0,3.6
"Chris Pressley","RB","CIN",481,NA,NA,NA,NA,NA,0,0,4,31,0,NA,0,3.1
"Jerome Felton","RB","MIN",482,NA,NA,NA,NA,NA,0,0,3,28,0,NA,0,2.8
"Owen Marecic","RB","CLE",482,NA,NA,NA,NA,NA,0,0,3,28,0,NA,0,2.8
"Terrance Ganaway","RB","STL",484,NA,NA,NA,NA,NA,24.5,0,0,0,0,NA,0,2.5
"Cyrus Gray","RB","KC",485,NA,NA,NA,NA,NA,22.5,0,0,0,0,NA,0,2.3
"Derek Anderson","QB","CAR",485,14.3,7.3,90,0.3,0.3,0.7,0,NA,NA,NA,NA,1,2.3
"Dan Orlovsky","QB","TB",487,6.5,4,44.5,0,0,0,0,NA,NA,NA,NA,0,1.8
"Matt Hasselbeck","QB","IND",488,6,3.3,42,0,0,0.3,0,NA,NA,NA,NA,0,1.7
"Graham Harrell","QB","GB",489,5.3,3,38.7,0,0,0.3,0,NA,NA,NA,NA,0,1.6
"Luke McCown","QB","NO",489,5.3,3.3,35.3,0,0,1.7,0,NA,NA,NA,NA,0,1.6
"Austin Davis","QB","STL",491,5,3,33,0,0,2,0,NA,NA,NA,NA,0,1.5
"Brady Quinn","QB","SEA",491,5.7,3.3,36.7,0,0,0.3,0,NA,NA,NA,NA,0,1.5
"Charlie Whitehurst","QB","SD",493,5,3,34.3,0,0,0.7,0,NA,NA,NA,NA,0,1.4
"Ryan Mallett","QB","NE",494,4,2.7,30.3,0,0,0.7,0,NA,NA,NA,NA,0,1.3
"Brock Osweiler","QB","DEN",495,4.3,2.7,30,0,0,0,0,NA,NA,NA,NA,0,1.2
"David Carr","QB","NYG",496,3,2,21.5,0,0,0,0,NA,NA,NA,NA,0,0.9
"Mike Glennon","QB","TB",496,3,1.5,20.5,0,0,0.5,0,NA,NA,NA,NA,0,0.9
"Ryan Nassib","QB","NYG",496,3,1.5,21.5,0,0,0.5,0,NA,NA,NA,NA,0,0.9
"Taylor Yates","QB","HOU",496,3,1.7,21,0,0,0.3,0,NA,NA,NA,NA,0,0.9
"Kellen Clemens","QB","STL",500,2.5,1.5,18.5,0,0,1,0,NA,NA,NA,NA,0,0.8
"John Skelton","QB","CIN",501,3,1.5,18,0,0,0,0,NA,NA,NA,NA,0,0.7
"B.J. Coleman","QB","GB",502,0,0,0,0,0,0,0,NA,NA,NA,NA,0,0
"Brody Eldridge","TE","CHI",502,NA,NA,NA,NA,NA,NA,NA,0,0,0,NA,0,0
"David Johnson","TE",NA,502,NA,NA,NA,NA,NA,NA,NA,0,0,0,NA,0,0
"Devin Thomas","WR","DET",502,NA,NA,NA,NA,NA,0,0,0,0,0,NA,0,0
"Jackie Battle","RB",NA,502,NA,NA,NA,NA,NA,0,0,0,0,0,NA,0,0
"Jamar Newsome","WR","KC",502,NA,NA,NA,NA,NA,0,0,0,0,0,NA,0,0
"Jeff Tuel","QB","BUF",502,0,0,0,0,0,0,0,NA,NA,NA,NA,0,0
"Kyle Juszczyk","RB","BAL",502,NA,NA,NA,NA,NA,0,0,0,0,0,NA,0,0
"Landry Jones","QB","PIT",502,0,0,0,0,0,0,0,NA,NA,NA,NA,0,0
"Marcus Lattimore","RB","SF",502,NA,NA,NA,NA,NA,0,0,0,0,0,NA,0,0
"Richard Goodman","WR","SD",502,NA,NA,NA,NA,NA,0,0,0,0,0,NA,0,0
"Ronnie Wingo","RB","ATL",502,NA,NA,NA,NA,NA,0,0,0,0,0,NA,0,0
"Ryan Taylor","TE","GB",502,NA,NA,NA,NA,NA,NA,NA,0,0,0,NA,0,0
"Ryan Whalen","WR","CIN",502,NA,NA,NA,NA,NA,0,0,0,0,0,NA,0,0
"Scott Tolzien","QB","SF",502,0,0,0,0,0,0,0,NA,NA,NA,NA,0,0
"Terrance Copper","WR","KC",502,NA,NA,NA,NA,NA,0,0,0,0,0,NA,0,0
"Tim Tebow","QB","NE",502,0,0,0,0,0,0,0,NA,NA,NA,NA,0,0
"Tyler Thigpen","QB",NA,502,0,0,0,0,0,0,0,NA,NA,NA,NA,0,0
