"name","pos","team_nfl","positionRank_nfl","overallRank_nfl","passYds_nfl","passTds_nfl","passInt_nfl","rushYds_nfl","rushTds_nfl","recYds_nfl","recTds_nfl","twoPts_nfl","fumbles_nfl","pts_nfl"
"Drew Brees","QB","NO",1,1,5232,38,16,154,1,0,0,2,7,340.68
"Aaron Rodgers","QB","GB",2,1,4452,37,11,346,2,0,0,0,5,340.68
"Peyton Manning","QB","DEN",3,3,5014,40,9,54,0,0,0,1,8,333.96
"Andrew Luck","QB","IND",4,4,5145,27,11,328,3,0,0,0,7,328.6
"Tom Brady","QB","NE",5,5,4907,33,10,80,2,0,0,1,6,318.28
"Arian Foster","RB","HOU",1,6,0,0,0,1483,14,621,3,1,2,310.4
"Cam Newton","QB","CAR",6,7,3903,18,14,764,6,0,0,0,3,306.52
"Colin Kaepernick","QB","SF",7,8,3752,20,8,740,4,0,0,2,7,302.08
"Robert Griffin III","QB","WAS",8,9,3342,21,8,741,4,0,0,3,8,289.78
"Adrian Peterson","RB","MIN",2,10,0,0,0,1874,11,284,2,1,4,287.8
"Russell Wilson","QB","SEA",9,11,3595,24,12,550,4,0,0,2,8,282.8
"Matt Ryan","QB","ATL",10,12,4758,31,16,64,0,0,0,0,6,276.72
"Matthew Stafford","QB","DET",11,13,4823,25,15,133,0,0,0,0,7,262.22
"Tony Romo","QB","DAL",12,14,4824,27,19,74,1,0,0,0,8,260.36
"Josh Freeman","QB","TB",13,15,3703,28,14,284,0,0,0,1,4,254.52
"Andy Dalton","QB","CIN",14,16,3671,28,17,274,1,0,0,2,4,254.24
"Doug Martin","RB","TB",3,17,0,0,0,1490,9,328,2,1,1,247.8
"Marshawn Lynch","RB","SEA",4,18,0,0,0,1578,12,218,0,1,3,247.6
"Eli Manning","QB","NYG",15,19,3971,29,14,56,0,0,0,1,5,244.44
"Jamaal Charles","RB","KC",5,20,0,0,0,1654,4,429,2,1,2,242.3
"Michael Vick","QB","PHI",16,21,3280,16,9,519,3,0,0,0,4,239.1
"Philip Rivers","QB","SD",17,22,4015,27,18,114,0,0,0,0,4,236
"C.J. Spiller","RB","BUF",6,23,0,0,0,1322,7,514,3,0,4,235.6
"Ben Roethlisberger","QB","PIT",18,24,3708,24,12,105,1,0,0,3,5,232.82
"Ray Rice","RB","BAL",7,25,0,0,0,1157,8,460,3,0,1,225.7
"Carson Palmer","QB","ARI",19,26,4381,24,19,35,0,0,0,1,7,224.74
"Alfred Morris","RB","WAS",8,27,0,0,0,1458,12,116,0,0,3,223.4
"Joe Flacco","QB","BAL",20,28,4220,20,13,104,0,0,0,1,6,223.2
"Trent Richardson","RB","CLE",9,29,0,0,0,1153,9,364,2,0,3,211.7
"LeSean McCoy","RB","PHI",10,30,0,0,0,1030,8,445,3,0,1,211.5
"Stevan Ridley","RB","NE",11,31,0,0,0,1315,10,121,1,1,2,207.6
"Calvin Johnson","WR","DET",1,32,0,0,0,0,0,1594,8,1,1,207.4
"Reggie Bush","RB","DET",12,33,0,0,0,995,7,455,4,0,2,207
"Darren McFadden","RB","OAK",13,34,0,0,0,1109,10,319,1,0,1,206.8
"DeMarco Murray","RB","DAL",14,35,0,0,0,1338,9,228,0,0,2,206.6
"Matt Schaub","QB","HOU",21,36,3840,22,14,64,0,0,0,0,7,206
"Alex Smith","QB","KC",22,37,3388,18,11,194,0,0,0,1,2,202.92
"Brandon Marshall","WR","CHI",2,38,0,0,0,0,0,1471,9,0,0,201.1
"Sam Bradford","QB","STL",23,39,3782,19,16,164,0,0,0,2,8,199.68
"Jay Cutler","QB","CHI",24,40,3937,20,18,94,0,0,0,0,6,198.88
"A.J. Green","WR","CIN",3,41,0,0,0,16,0,1324,10,1,1,194
"Maurice Jones-Drew","RB","JAC",15,42,0,0,0,1023,8,355,1,0,1,189.8
"Matt Forte","RB","CHI",16,43,0,0,0,1154,6,357,1,0,2,189.1
"Chris Johnson","RB","TEN",17,44,0,0,0,1162,7,345,0,0,2,188.7
"Dez Bryant","WR","DAL",4,45,0,0,0,0,0,1372,8,1,0,187.2
"Steven Jackson","RB","ATL",18,46,0,0,0,1093,8,315,0,0,1,186.8
"Lamar Miller","RB","MIA",19,47,0,0,0,983,7,307,3,0,2,185
"Julio Jones","WR","ATL",5,48,0,0,0,24,1,1276,8,0,0,184
"Randall Cobb","WR","GB",6,49,0,0,0,170,1,1100,8,0,0,181
"Chris Ivory","RB","NYJ",20,50,0,0,0,1092,7,194,2,0,1,180.6
"David Wilson","RB","NYG",21,51,0,0,0,969,5,410,2,0,0,179.9
"Jimmy Graham","TE","NO",1,52,0,0,0,0,0,1194,10,0,0,179.4
"Montee Ball","RB","DEN",22,53,0,0,0,1058,8,208,1,0,1,178.6
"Demaryius Thomas","WR","DEN",7,54,0,0,0,0,0,1284,8,1,1,176.4
"Jake Locker","QB","TEN",25,55,2950,15,13,378,0,0,0,0,7,175.8
"Frank Gore","RB","SF",23,56,0,0,0,1037,8,218,1,0,2,175.5
"Reggie Wayne","WR","IND",8,57,0,0,0,0,0,1294,7,1,0,173.4
"Ahmad Bradshaw","RB","IND",24,58,0,0,0,1004,7,228,1,0,0,171.2
"Vincent Jackson","WR","TB",9,59,0,0,0,0,0,1237,8,0,1,169.7
"Brandon Weeden","QB","CLE",26,60,3391,15,15,134,0,0,0,1,6,169.04
"Andre Johnson","WR","HOU",10,61,0,0,0,0,0,1346,6,1,2,168.6
"Larry Fitzgerald","WR","ARI",11,62,0,0,0,0,0,1242,7,0,0,166.2
"Eddie Lacy","RB","GB",25,63,0,0,0,968,7,177,1,1,1,162.5
"Darren Sproles","RB","NO",26,64,0,0,0,565,2,615,5,1,0,162
"Percy Harvin","WR","SEA",12,65,0,0,0,177,1,1054,6,0,2,161.1
"Roddy White","WR","ATL",13,66,0,0,0,0,0,1124,8,0,0,160.4
"Victor Cruz","WR","NYG",14,67,0,0,0,0,0,1053,9,1,2,157.3
"Steve Smith","WR","CAR",15,67,0,0,0,79,0,1134,6,0,0,157.3
"Torrey Smith","WR","BAL",16,69,0,0,0,0,0,1071,8,0,0,155.1
"Marques Colston","WR","NO",17,70,0,0,0,0,0,1073,8,0,1,153.3
"Rob Gronkowski","TE","NE",2,71,0,0,0,0,0,991,9,1,1,153.1
"Jonathan Stewart","RB","CAR",27,72,0,0,0,856,5,328,1,0,1,152.4
"Rashard Mendenhall","RB","ARI",28,73,0,0,0,972,7,166,0,0,2,151.8
"Christian Ponder","QB","MIN",27,74,2865,15,15,211,0,0,0,0,7,151.7
"Antonio Brown","WR","PIT",18,74,0,0,0,0,0,1117,7,0,1,151.7
"Danny Amendola","WR","NE",19,76,0,0,0,0,0,1054,7,1,0,149.4
"Jordy Nelson","WR","GB",20,76,0,0,0,0,0,1014,8,0,0,149.4
"Dwayne Bowe","WR","KC",21,78,0,0,0,0,0,1091,7,0,1,149.1
"Hakeem Nicks","WR","NYG",22,79,0,0,0,0,0,1024,8,0,1,148.4
"Pierre Garcon","WR","WAS",23,80,0,0,0,0,0,1037,7,1,0,147.7
"Cecil Shorts","WR","JAC",24,81,0,0,0,0,0,984,8,0,0,146.4
"Eric Decker","WR","DEN",25,82,0,0,0,0,0,951,8,0,0,143.1
"BenJarvus Green-Ellis","RB","CIN",29,83,0,0,0,972,6,153,0,0,3,142.5
"Jeremy Maclin","WR","PHI",26,84,0,0,0,64,0,987,6,0,0,141.1
"Wes Welker","WR","DEN",27,85,0,0,0,0,0,989,7,0,0,140.9
"Danario Alexander","WR","SD",28,86,0,0,0,0,0,948,8,0,1,140.8
"Greg Jennings","WR","MIN",29,86,0,0,0,0,0,1008,7,0,1,140.8
"Ryan Tannehill","QB","MIA",28,88,2629,14,16,73,1,0,0,1,3,138.46
"DeSean Jackson","WR","PHI",30,89,0,0,0,184,0,897,5,0,0,138.1
"Steve Johnson","WR","BUF",31,90,0,0,0,0,0,1014,6,0,0,137.4
"Mike Wallace","WR","MIA",32,91,0,0,0,0,0,971,7,0,1,137.1
"Kenny Britt","WR","TEN",33,92,0,0,0,0,0,942,7,0,0,136.2
"Lance Moore","WR","NO",34,93,0,0,0,0,0,938,7,0,0,135.8
"Anquan Boldin","WR","SF",35,94,0,0,0,0,0,977,6,1,0,135.7
"Ryan Mathews","RB","SD",30,95,0,0,0,772,5,280,0,0,1,133.2
"Miles Austin","WR","DAL",36,96,0,0,0,0,0,911,7,0,0,133.1
"Le'Veon Bell","RB","PIT",31,97,0,0,0,761,6,167,1,0,1,132.8
"T.Y. Hilton","WR","IND",37,98,0,0,0,0,0,847,8,0,0,132.7
"Tavon Austin","WR","STL",38,99,0,0,0,97,1,871,5,0,1,130.8
"Mike Williams","WR","TB",39,100,0,0,0,0,0,907,7,0,1,130.7
"Denarius Moore","WR","OAK",40,101,0,0,0,0,0,924,6,0,0,128.4
"Tony Gonzalez","TE","ATL",3,102,0,0,0,0,0,884,6,1,0,126.4
"Mark Ingram","RB","NO",32,103,0,0,0,784,6,64,0,0,0,120.8
"Dennis Pitta","TE","BAL",4,103,0,0,0,0,0,788,7,0,0,120.8
"Matt Flynn","QB","OAK",29,105,2200,15,12,27,0,0,0,0,3,120.7
"Isaiah Pead","RB","STL",33,106,0,0,0,790,5,114,0,0,0,120.4
"James Jones","WR","GB",41,106,0,0,0,0,0,724,8,0,0,120.4
"Kendall Wright","WR","TEN",42,106,0,0,0,0,0,864,6,0,1,120.4
"E.J. Manuel","QB","BUF",30,109,1816,9,12,350,2,0,0,0,6,119.64
"Emmanuel Sanders","WR","PIT",43,110,0,0,0,0,0,892,5,0,0,119.2
"Fred Jackson","RB","BUF",34,111,0,0,0,575,2,327,3,0,1,118.2
"Blaine Gabbert","QB","JAC",31,112,2285,12,15,184,0,0,0,0,6,115.8
"Jason Witten","TE","DAL",5,113,0,0,0,0,0,854,5,0,0,115.4
"Daryl Richardson","RB","STL",35,114,0,0,0,705,5,134,0,0,1,111.9
"Justin Blackmon","WR","JAC",44,115,0,0,0,0,0,774,6,0,1,111.4
"Andre Brown","RB","NYG",36,116,0,0,0,517,6,184,1,0,1,110.1
"Greg Little","WR","CLE",45,117,0,0,0,0,0,791,5,0,0,109.1
"Vernon Davis","TE","SF",6,118,0,0,0,0,0,788,5,1,2,106.8
"Sidney Rice","WR","SEA",46,119,0,0,0,0,0,815,4,0,0,105.5
"Greg Olsen","TE","CAR",7,120,0,0,0,0,0,694,6,0,0,105.4
"Giovani Bernard","RB","CIN",37,121,0,0,0,513,4,251,1,0,1,104.4
"Mark Sanchez","QB","NYJ",32,122,2014,14,16,35,0,0,0,0,2,104.06
"Darrius Heyward-Bey","WR","IND",47,123,0,0,0,0,0,842,3,0,0,102.2
"Brandon LaFell","WR","CAR",48,124,0,0,0,0,0,712,5,0,0,101.2
"Brandon Myers","TE","NYG",8,125,0,0,0,0,0,697,5,0,0,99.7
"Jacquizz Rodgers","RB","ATL",38,126,0,0,0,430,3,319,1,0,0,98.9
"Pierre Thomas","RB","NO",39,127,0,0,0,513,4,235,0,0,0,98.8
"Kevin Kolb","QB","BUF",33,128,1763,9,7,142,0,0,0,0,4,98.72
"Shane Vereen","RB","NE",40,129,0,0,0,347,4,299,2,0,1,98.6
"Michael Floyd","WR","ARI",49,130,0,0,0,0,0,744,4,0,0,98.4
"Santonio Holmes","WR","NYJ",50,130,0,0,0,0,0,684,5,1,1,98.4
"Ben Tate","RB","HOU",41,132,0,0,0,621,5,56,0,0,0,97.7
"Antonio Gates","TE","SD",9,132,0,0,0,0,0,617,6,0,0,97.7
"Willis McGahee","RB",NA,42,134,0,0,0,488,2,327,1,0,1,97.5
"Mikel Leshoure","RB","DET",43,135,0,0,0,567,6,47,0,0,0,97.4
"Mohamed Sanu","WR","CIN",51,136,0,0,0,0,0,672,5,0,0,97.2
"Danny Woodhead","RB","SD",44,137,0,0,0,421,5,249,0,0,0,97
"Stephen Hill","WR","NYJ",52,138,0,0,0,0,0,728,4,0,0,96.8
"Jermichael Finley","TE","GB",10,139,0,0,0,0,0,581,7,0,2,96.1
"Jared Cook","TE","STL",11,140,0,0,0,0,0,597,6,1,1,95.7
"Johnathan Franklin","RB","GB",45,141,0,0,0,401,4,255,1,0,0,95.6
"Jermaine Gresham","TE","CIN",12,142,0,0,0,0,0,673,5,0,1,95.3
"Kyle Rudolph","TE","MIN",13,143,0,0,0,0,0,589,6,0,0,94.9
"Owen Daniels","TE","HOU",14,144,0,0,0,0,0,647,5,0,0,94.7
"Brian Quick","WR","STL",53,145,0,0,0,0,0,678,4,0,0,91.8
"Vick Ballard","RB","IND",46,146,0,0,0,462,4,148,1,1,1,91
"Andre Roberts","WR","ARI",54,147,0,0,0,0,0,665,4,0,0,90.5
"Brian Hartline","WR","MIA",55,148,0,0,0,0,0,724,3,0,0,90.4
"Geno Smith","QB","NYJ",34,149,888,8,7,307,3,0,0,0,6,90.22
"Alshon Jeffery","WR","CHI",56,150,0,0,0,0,0,647,4,0,0,88.7
"Donnie Avery","WR","KC",57,151,0,0,0,0,0,640,4,0,0,88
"Brandon Pettigrew","TE","DET",15,152,0,0,0,0,0,618,4,0,2,87.8
"Golden Tate","WR","SEA",58,153,0,0,0,0,0,628,4,0,0,86.8
"Malcom Floyd","WR","SD",59,154,0,0,0,0,0,542,5,0,0,84.2
"Fred Davis","TE","WAS",16,155,0,0,0,0,0,594,4,0,0,83.4
"DeAndre Hopkins","WR","HOU",60,156,0,0,0,78,1,524,3,0,1,82.2
"Ryan Broyles","WR","DET",61,157,0,0,0,0,0,521,5,0,0,82.1
"Heath Miller","TE","PIT",17,158,0,0,0,0,0,518,5,1,1,81.8
"Bernard Pierce","RB","BAL",47,159,0,0,0,560,2,132,0,0,0,81.2
"Jordan Cameron","TE","CLE",18,159,0,0,0,0,0,632,3,0,0,81.2
"Rueben Randle","WR","NYG",62,161,0,0,0,0,0,571,4,0,0,81.1
"Santana Moss","WR","WAS",63,162,0,0,0,0,0,507,5,0,0,80.7
"Dustin Keller","TE","MIA",19,163,0,0,0,0,0,547,4,0,0,78.7
"Julian Edelman","WR","NE",64,164,0,0,0,0,0,542,4,0,0,78.2
"Marcedes Lewis","TE","JAC",20,165,0,0,0,0,0,481,5,0,0,78.1
"Ronnie Hillman","RB","DEN",48,166,0,0,0,415,3,184,0,0,0,77.9
"Ryan Williams","RB","ARI",49,167,0,0,0,464,1,194,1,0,0,77.8
"Shonn Greene","RB","TEN",50,168,0,0,0,461,5,35,0,1,2,77.6
"Josh Morgan","WR","WAS",65,169,0,0,0,0,0,587,3,0,0,76.7
"Mike Goodson","RB","NYJ",51,170,0,0,0,402,1,237,1,0,0,75.9
"Nate Burleson","WR","DET",66,171,0,0,0,0,0,577,3,0,0,75.7
"Chris Givens","WR","STL",67,171,0,0,0,0,0,517,4,0,0,75.7
"Bryce Brown","RB","PHI",52,173,0,0,0,468,3,98,0,0,0,74.6
"Vincent Brown","WR","SD",68,174,0,0,0,0,0,504,4,0,0,74.4
"Martellus Bennett","TE","CHI",21,175,0,0,0,0,0,494,4,0,0,73.4
"Michael Bush","RB","CHI",53,176,0,0,0,233,4,147,2,0,1,72
"Dwayne Allen","TE","IND",22,177,0,0,0,0,0,477,4,0,0,71.7
"Scott Chandler","TE","BUF",23,178,0,0,0,0,0,434,5,0,1,71.4
"Nate Washington","WR","TEN",69,179,0,0,0,0,0,528,3,0,0,70.8
"Brandon Gibson","WR","MIA",70,180,0,0,0,0,0,524,3,0,0,70.4
"Cordarrelle Patterson","WR","MIN",71,181,0,0,0,57,0,424,4,0,1,70.1
"Terrance Williams","WR","DAL",72,182,0,0,0,67,1,449,2,0,0,69.6
"Delanie Walker","TE","TEN",24,182,0,0,0,0,0,456,4,0,0,69.6
"Brent Celek","TE","PHI",25,184,0,0,0,0,0,534,3,0,1,69.4
"Tony Scheffler","TE","DET",26,185,0,0,0,0,0,513,3,0,0,69.3
"Coby Fleener","TE","IND",27,186,0,0,0,0,0,445,4,0,0,68.5
"DeAngelo Williams","RB","CAR",54,187,0,0,0,432,2,94,0,0,0,64.6
"Robert Woods","WR","BUF",73,188,0,0,0,11,0,461,3,0,1,63.2
"Jeremy Kerley","WR","NYJ",74,189,0,0,0,0,0,465,3,0,1,62.5
"Jon Baldwin","WR","KC",75,190,0,0,0,0,0,441,3,1,1,62.1
"Kyle Williams","WR","SF",76,191,0,0,0,0,0,491,2,0,0,61.1
"Zach Miller","TE","SEA",28,191,0,0,0,0,0,491,2,0,0,61.1
"Jonathan Dwyer","RB","PIT",55,193,0,0,0,388,2,100,0,0,0,60.8
"Daniel Thomas","RB","MIA",56,194,0,0,0,321,3,104,0,0,0,60.5
"Jake Ballard","TE","NE",29,195,0,0,0,0,0,418,3,1,1,59.8
"Robert Turbin","RB","SEA",57,196,0,0,0,384,1,153,0,0,0,59.7
"Joique Bell","RB","DET",58,197,0,0,0,303,2,113,1,1,1,59.6
"Ed Dickson","TE","BAL",30,198,0,0,0,0,0,413,3,0,0,59.3
"Ace Sanders","WR","JAC",77,199,0,0,0,64,0,427,2,0,1,59.1
"Zac Stacy","RB","STL",59,200,0,0,0,242,3,108,1,0,0,59
"Aaron Dobson","WR","NE",78,201,0,0,0,0,0,467,2,0,0,58.7
"Kendall Hunter","RB","SF",60,202,0,0,0,362,1,164,0,0,0,58.6
"A.J. Jenkins","WR","SF",79,203,0,0,0,0,0,399,3,0,0,57.9
"Mario Manningham","WR","SF",80,204,0,0,0,0,0,457,2,0,0,57.7
"Marvin Jones","WR","CIN",81,205,0,0,0,0,0,389,3,0,0,56.9
"Rob Housler","TE","ARI",31,206,0,0,0,0,0,445,2,0,0,56.5
"Stedman Bailey","WR","STL",82,207,0,0,0,37,0,421,2,0,1,55.8
"Jacoby Jones","WR","BAL",83,208,0,0,0,0,0,437,2,0,0,55.7
"Marcel Reece","RB","OAK",61,209,0,0,0,142,0,294,2,0,0,55.6
"Joseph Randle","RB","DAL",62,210,0,0,0,358,2,75,0,0,0,55.3
"Felix Jones","RB","PHI",63,211,0,0,0,264,1,165,1,0,0,54.9
"Toby Gerhart","RB","MIN",64,212,0,0,0,317,1,151,0,0,0,52.8
"Tyler Eifert","TE","CIN",32,213,0,0,0,0,0,347,3,0,0,52.7
"Benjamin Watson","TE","NO",33,214,0,0,0,0,0,401,2,0,0,52.1
"Denard Robinson","RB","JAC",65,215,0,0,0,290,2,127,0,0,1,51.7
"Lance Kendricks","TE","STL",34,216,0,0,0,0,0,394,2,0,0,51.4
"Jacoby Ford","WR","OAK",84,217,0,0,0,0,0,391,2,0,0,51.1
"Tiquan Underwood","WR","TB",85,217,0,0,0,0,0,391,2,0,0,51.1
"Roy Helu","RB","WAS",66,219,0,0,0,322,1,123,0,0,0,50.5
"Laurent Robinson","WR",NA,86,220,0,0,0,0,0,384,2,0,0,50.4
"Knile Davis","RB","KC",67,221,0,0,0,352,1,87,0,0,0,49.9
"Plaxico Burress","WR","PIT",87,221,0,0,0,0,0,319,3,0,0,49.9
"Ronnie Brown","RB","SD",68,223,0,0,0,234,0,241,0,0,0,47.5
"Luke Stocker","TE","TB",35,224,0,0,0,0,0,354,2,0,0,47.4
"Earl Bennett","WR","CHI",88,225,0,0,0,0,0,351,2,0,0,47.1
"Zach Ertz","TE","PHI",36,225,0,0,0,0,0,291,3,0,0,47.1
"Vance McDonald","TE","SF",37,227,0,0,0,0,0,349,2,0,0,46.9
"Quinton Patton","WR","SF",89,228,0,0,0,12,0,394,1,0,0,46.6
"Dwayne Harris","WR","DAL",90,229,0,0,0,0,0,403,1,0,0,46.3
"Donald Brown","RB","IND",69,230,0,0,0,312,1,89,0,0,0,46.1
"Devin Hester","WR","CHI",91,230,0,0,0,0,0,341,2,0,0,46.1
"Rashad Jennings","RB","OAK",70,232,0,0,0,270,1,104,1,0,2,45.4
"Travis Benjamin","WR","CLE",92,232,0,0,0,0,0,394,1,0,0,45.4
"Domenik Hixon","WR","CAR",93,232,0,0,0,0,0,334,2,0,0,45.4
"Dexter McCluster","WR","KC",94,232,0,0,0,57,0,357,1,0,1,45.4
"Tony Moeaki","TE","KC",38,232,0,0,0,0,0,394,1,0,0,45.4
"Craig Stevens","TE","TEN",39,232,0,0,0,0,0,334,2,0,0,45.4
"Isaac Redman","RB","PIT",71,238,0,0,0,291,1,96,0,0,0,44.7
"Jerome Simpson","WR","MIN",95,238,0,0,0,0,0,387,1,0,0,44.7
"Knowshon Moreno","RB","DEN",72,240,0,0,0,290,2,35,0,0,0,44.5
"Mike Gillislee","RB","MIA",73,241,0,0,0,221,2,62,1,0,1,44.3
"Randy Moss","WR",NA,96,241,0,0,0,0,0,323,2,0,0,44.3
"LaMichael James","RB","SF",74,243,0,0,0,164,1,157,1,0,0,44.1
"Justin Hunter","WR","TEN",97,244,0,0,0,0,0,417,1,0,2,43.7
"Eddie Royal","WR","SD",98,245,0,0,0,0,0,329,2,0,1,42.9
"Jacob Tamme","TE","DEN",40,246,0,0,0,0,0,304,2,0,0,42.4
"Christine Michael","RB","SEA",75,247,0,0,0,301,1,54,0,0,0,41.5
"Braylon Edwards","WR",NA,99,248,0,0,0,0,0,349,1,0,0,40.9
"Ramses Barden","WR","NYG",100,249,0,0,0,0,0,347,1,0,0,40.7
"Davone Bess","WR","CLE",101,250,0,0,0,0,0,341,1,0,0,40.1
"Kenny Stills","WR","NO",102,251,0,0,0,0,0,334,1,0,0,39.4
"Courtney Roby","WR","NO",103,252,0,0,0,0,0,271,2,0,0,39.1
"James Casey","TE","PHI",41,253,0,0,0,1,0,327,1,0,0,38.8
"Joel Dreessen","TE","DEN",42,254,0,0,0,0,0,347,1,0,1,38.7
"Derek Hagan","WR","TB",104,255,0,0,0,0,0,325,1,0,0,38.5
"Anthony Fasano","TE","KC",43,256,0,0,0,0,0,313,1,0,0,37.3
"Kevin Walter","WR","TEN",105,257,0,0,0,0,0,312,1,0,0,37.2
"Harry Douglas","WR","ATL",106,258,0,0,0,0,0,371,0,0,0,37.1
"Bilal Powell","RB","NYJ",76,259,0,0,0,346,0,24,0,0,0,37
"Markus Wheaton","WR","PIT",107,260,0,0,0,0,0,308,1,0,0,36.8
"Terrelle Pryor","QB","OAK",35,261,243,3,2,121,1,0,0,0,0,35.82
"Michael Jenkins","WR","NE",108,262,0,0,0,0,0,294,1,0,0,35.4
"Louis Murphy","WR","NYG",109,262,0,0,0,0,0,354,0,0,0,35.4
"Marquise Goodwin","WR","BUF",110,264,0,0,0,0,0,313,1,0,1,35.3
"Robert Meachem","WR","SD",111,265,0,0,0,0,0,287,1,0,0,34.7
"Aldrick Robinson","WR","WAS",112,265,0,0,0,0,0,287,1,0,0,34.7
"Austin Pettis","WR","STL",113,267,0,0,0,0,0,281,1,0,0,34.1
"Joe McKnight","RB","NYJ",77,268,0,0,0,227,0,104,0,0,0,33.1
"Rishard Matthews","WR","MIA",114,268,0,0,0,0,0,271,1,0,0,33.1
"Jerricho Cotchery","WR","PIT",115,270,0,0,0,0,0,327,0,0,0,32.7
"Montario Hardesty","RB","CLE",78,271,0,0,0,241,1,24,0,0,0,32.5
"Kevin Ogletree","WR","TB",116,271,0,0,0,0,0,325,0,0,0,32.5
"Evan Royster","RB","WAS",79,273,0,0,0,103,2,96,0,0,0,31.9
"Jason Snelling","RB","ATL",80,274,0,0,0,223,1,54,0,0,1,31.7
"T.J. Graham","WR","BUF",117,274,0,0,0,0,0,257,1,0,0,31.7
"LeGarrette Blount","RB","NE",81,276,0,0,0,244,1,31,0,0,1,31.5
"Josh Cribbs","WR","OAK",118,276,0,0,0,98,0,217,0,0,0,31.5
"Josh Boyce","WR","NE",119,278,0,0,0,0,0,312,0,0,0,31.2
"LaVon Brazill","WR","IND",120,279,0,0,0,0,0,311,0,0,0,31.1
"Mike Thomas","WR","DET",121,280,0,0,0,0,0,244,1,0,0,30.4
"Justin Brown","WR","PIT",122,281,0,0,0,0,0,234,1,0,0,29.4
"Keshawn Martin","WR","HOU",123,282,0,0,0,0,0,291,0,0,0,29.1
"Eric Weems","WR","CHI",124,283,0,0,0,0,0,287,0,0,0,28.7
"Deion Branch","WR",NA,125,284,0,0,0,0,0,286,0,0,0,28.6
"Charles Johnson","WR","GB",126,285,0,0,0,0,0,223,1,0,0,28.3
"Dion Lewis","RB","CLE",82,286,0,0,0,94,0,127,1,0,0,28.1
"Ryan Swope","WR","ARI",127,286,0,0,0,0,0,281,0,0,0,28.1
"Lance Dunbar","RB","DAL",83,288,0,0,0,204,1,31,0,0,1,27.5
"Tandon Doss","WR","BAL",128,289,0,0,0,0,0,274,0,0,0,27.4
"David Reed","WR","BAL",129,290,0,0,0,0,0,271,0,0,0,27.1
"David Thomas","TE",NA,44,290,0,0,0,0,0,271,0,0,0,27.1
"James Starks","RB","GB",84,292,0,0,0,270,0,0,0,0,0,27
"Jeff Cumberland","TE","NYJ",45,293,0,0,0,0,0,207,1,0,0,26.7
"Matthew Slater","WR","NE",130,294,0,0,0,0,0,205,1,0,0,26.5
"Jamie Harper","RB",NA,85,295,0,0,0,120,1,44,1,0,1,26.4
"Tavarres King","WR","DEN",131,296,0,0,0,0,0,261,0,0,0,26.1
"Justin Forsett","RB","JAC",86,297,0,0,0,177,1,37,0,0,1,25.4
"Andre Caldwell","WR","DEN",132,298,0,0,0,0,0,253,0,0,0,25.3
"Ben Obomanu","WR","NYJ",133,299,0,0,0,0,0,246,0,0,0,24.6
"Shaun Draughn","RB","KC",87,300,0,0,0,252,0,30,0,0,2,24.2
"DeVier Posey","WR","HOU",134,301,0,0,0,0,0,234,0,0,0,23.4
"Marquess Wilson","WR","CHI",135,302,0,0,0,0,0,251,0,0,1,23.1
"Leonard Hankerson","WR","WAS",136,303,0,0,0,0,0,249,0,0,1,22.9
"Jordan Shipley","WR","JAC",137,304,0,0,0,0,0,228,0,0,0,22.8
"Ted Ginn","WR","CAR",138,305,0,0,0,0,0,227,0,0,0,22.7
"Chaz Schilens","WR",NA,139,305,0,0,0,0,0,227,0,0,0,22.7
"Kevin Dorsey","WR","GB",140,307,0,0,0,0,0,221,0,0,0,22.1
"Brandon Tate","WR","CIN",141,308,0,0,0,0,0,220,0,0,0,22
"Chris Harper","WR","SEA",142,309,0,0,0,0,0,214,0,0,0,21.4
"Devin Aromashodu","WR","CHI",143,310,0,0,0,0,0,204,0,0,0,20.4
"Damian Williams","WR","TEN",144,311,0,0,0,0,0,201,0,0,0,20.1
"Vonta Leach","RB",NA,88,312,0,0,0,11,0,121,1,0,0,19.2
"Kris Durham","WR","DET",145,313,0,0,0,0,0,129,1,0,0,18.9
"David Nelson","WR","CLE",146,314,0,0,0,0,0,188,0,0,0,18.8
"Deon Butler","WR","SD",147,315,0,0,0,0,0,187,0,0,0,18.7
"Lavelle Hawkins","WR","NE",148,316,0,0,0,0,0,186,0,0,0,18.6
"Jason Avant","WR","PHI",149,317,0,0,0,0,0,184,0,0,0,18.4
"Brice Butler","WR","OAK",150,317,0,0,0,0,0,184,0,0,0,18.4
"Mike Tolbert","RB","CAR",89,319,0,0,0,174,0,0,0,0,0,17.4
"Jeff King","TE","ARI",46,319,0,0,0,0,0,174,0,0,0,17.4
"Jordan Reed","TE","WAS",47,321,0,0,0,0,0,113,1,0,0,17.3
"Taiwan Jones","RB","OAK",90,322,0,0,0,155,0,17,0,0,0,17.2
"Tom Crabtree","TE","TB",48,323,0,0,0,0,0,104,1,0,0,16.4
"Stepfan Taylor","RB","ARI",91,324,0,0,0,127,0,34,0,0,0,16.1
"Brian Leonard","RB","TB",92,325,0,0,0,91,0,44,0,0,0,13.5
"Owen Marecic","RB","CLE",93,326,0,0,0,0,0,117,0,0,0,11.7
"Montell Owens","RB","DET",94,327,0,0,0,115,0,0,0,0,0,11.5
"Bernard Scott","RB","CIN",95,328,0,0,0,117,0,27,0,0,2,10.4
"Shaun Chapas","RB","DET",96,329,0,0,0,0,0,100,0,0,0,10
"Michael Robinson","RB","SEA",97,329,0,0,0,26,0,74,0,0,0,10
"Le'Ron McClain","RB","SD",98,331,0,0,0,0,0,90,0,0,0,9
"Tashard Choice","RB","BUF",99,332,0,0,0,77,0,32,0,0,1,8.9
"Clay Harbor","TE","PHI",49,333,0,0,0,0,0,68,0,0,0,6.8
"Evan Rodriguez","TE","MIA",50,334,0,0,0,0,0,64,0,0,0,6.4
"John Kuhn","RB","GB",100,335,0,0,0,17,0,34,0,0,0,5.1
"Derek Anderson","QB","CAR",36,336,0,0,0,0,0,0,0,0,0,0
"Matt Barkley","QB","PHI",37,336,0,0,0,0,0,0,0,0,0,0
"Richard Bartel","QB",NA,38,336,0,0,0,0,0,0,0,0,0,0
"Charlie Batch","QB",NA,39,336,0,0,0,0,0,0,0,0,0,0
"Jason Campbell","QB","CLE",40,336,0,0,0,0,0,0,0,0,0,0
"David Carr","QB","NYG",41,336,0,0,0,0,0,0,0,0,0,0
"Matt Cassel","QB","MIN",42,336,0,0,0,0,0,0,0,0,0,0
"Jimmy Clausen","QB","CAR",43,336,0,0,0,0,0,0,0,0,0,0
"Kellen Clemens","QB","STL",44,336,0,0,0,0,0,0,0,0,0,0
"Kirk Cousins","QB","WAS",45,336,0,0,0,0,0,0,0,0,0,0
"Chase Daniel","QB","KC",46,336,0,0,0,0,0,0,0,0,0,0
"B.J. Daniels","QB","SF",47,336,0,0,0,0,0,0,0,0,0,0
"Jake Delhomme","QB",NA,48,336,0,0,0,0,0,0,0,0,0,0
"Dennis Dixon","QB","PHI",49,336,0,0,0,0,0,0,0,0,0,0
"Zac Dysert","QB","DEN",50,336,0,0,0,0,0,0,0,0,0,0
