"name","name_accu","pos","team_accu","positionRank_accu","overallRank_accu","passAtt_accu","passComp_accu","passYds_accu","passTds_accu","passInt_accu","rushYds_accu","rushTds_accu","recYds_accu","recTds_accu","twoPts_accu","fumbles_accu","pts_accu"
"DREWBREES","Drew Brees","QB","NO",1,1,39.8,28.7,300,2.97,0.95,5,0.08,0,0,NA,0.24,22.5
"PEYTONMANNING","Peyton Manning","QB","DEN",2,2,35.9,24.8,285,2.96,0.65,-3,0.01,0,0,NA,0.35,21
"RUSSELLWILSON","Russell Wilson","QB","SEA",3,3,26,18.7,245,1.68,0.45,45,0.3,0,0,NA,0.49,20.9
"DEMARCOMURRAY","DeMarco Murray","RB","DAL",1,4,0,0,0,0,0,106,0.85,39,0.19,NA,0.2,20.3
"CAMNEWTON","Cam Newton","QB","CAR",4,5,24.3,15.3,223,1.28,0.45,44,0.47,0,0,NA,0.17,20
"NICKFOLES","Nick Foles","QB","PHI",5,6,28.6,19.1,259,1.83,0.61,22,0.21,0,0,NA,0.28,19.3
"ANDREWLUCK","Andrew Luck","QB","IND",5,6,31.6,21.7,235,1.49,0.27,31,0.31,0,0,NA,0.24,19.3
"JAMAALCHARLES","Jamaal Charles","RB","KC",2,8,0,0,0,0,0,70,0.4,59,0.6,NA,0.23,18.5
"LESEANMCCOY","LeSean McCoy","RB","PHI",3,9,0,0,0,0,0,102,0.81,24,0.13,NA,0.22,17.8
"PHILIPRIVERS","Philip Rivers","QB","SD",7,10,34.6,21.7,248,2.21,0.81,6,0.03,0,0,NA,0.28,17.4
"JIMMYGRAHAM","Jimmy Graham","TE","NO",1,10,0,0,0,0,0,0,0,98,1.29,NA,0.08,17.4
"AARONRODGERS","Aaron Rodgers","QB","GB",8,12,35.7,23,258,1.75,0.82,14,0.08,0,0,NA,0.2,17.1
"LEVEONBELL","Le'Veon Bell","RB","PIT",4,12,0,0,0,0,0,95,0.65,30,0.2,NA,0.26,17.1
"BENROETHLISBERGER","Ben Roethlisberger","QB","PIT",9,14,34.1,22,261,1.76,0.61,9,0.05,0,0,NA,0.3,16.8
"DANNYWOODHEAD","Danny Woodhead","RB","SD",5,15,0,0,0,0,0,47,0.27,60,0.76,NA,0.14,16.6
"JAYCUTLER","Jay Cutler","QB","CHI",10,16,35.2,21,268,1.71,1.07,14,0.07,0,0,NA,0.37,16.5
"MATTHEWSTAFFORD","Matthew Stafford","QB","DET",11,17,41.7,26.4,264,1.75,0.76,6,0.07,0,0,NA,0.41,16.2
"ANDYDALTON","Andy Dalton","QB","CIN",12,18,35.7,20.6,249,1.66,0.83,9,0.07,0,0,NA,0.16,15.9
"RYANFITZPATRICK","Ryan Fitzpatrick","QB","TEN",12,18,31.3,17.3,235,1.47,0.87,21,0.16,0,0,NA,0.36,15.9
"RYANTANNEHILL","Ryan Tannehill","QB","MIA",14,20,33.5,20,234,1.6,0.39,10,0.08,0,0,NA,0.3,15.8
"MARSHAWNLYNCH","Marshawn Lynch","RB","SEA",6,20,0,0,0,0,0,79,0.85,24,0.12,NA,0.19,15.8
"COLINKAEPERNICK","Colin Kaepernick","QB","SF",15,22,26.7,15,154,1.15,0.63,48,0.34,0,0,NA,0.43,15.5
"RASHADJENNINGS","Rashad Jennings","RB","OAK",7,23,0,0,0,0,0,81,0.54,32,0.14,NA,0.17,15.1
"ALEXSMITH","Alex Smith","QB","KC",16,24,32.4,20.8,200,1.63,0.57,17,0.07,0,0,NA,0.22,15
"MATTFORTE","Matt Forte","RB","CHI",8,24,0,0,0,0,0,80,0.5,37,0.12,NA,0.21,15
"KEENANALLEN","Keenan Allen","WR","SD",1,24,0,0,0,0,0,0,0,87,1.05,NA,0.16,15
"KYLEORTON","Kyle Orton","QB","DAL",17,27,40.7,25.9,265,1.55,0.92,0,0,0,0,NA,0.13,14.8
"ANDREBROWN","Andre Brown","RB","NYG",9,28,0,0,0,0,0,79,0.63,21,0.19,NA,0.18,14.7
"EDDIELACY","Eddie Lacy","RB","GB",9,28,0,0,0,0,0,80,0.61,24,0.18,NA,0.2,14.7
"CHRISJOHNSON","Chris Johnson","RB","TEN",11,30,0,0,0,0,0,71,0.47,34,0.2,NA,0.15,14.3
"JOEFLACCO","Joe Flacco","QB","BAL",18,31,37.4,21.6,238,1.53,0.98,6,0.04,0,0,NA,0.35,13.8
"CORDARRELLEPATTERSON","Cordarrelle Patterson","WR","MIN",2,32,0,0,0,0,0,0,0,62,0.39,NA,0.07,13.7
"CALVINJOHNSON","Calvin Johnson","WR","DET",3,33,0,0,0,0,0,0,0,77,0.95,NA,0.06,13.3
"TOMBRADY","Tom Brady","QB","NE",19,34,37.1,21.8,219,1.49,0.88,4,0.06,0,0,NA,0.23,13.2
"MAURICEJONESDREW","Maurice Jones-Drew","RB","JAC",12,34,0,0,0,0,0,63,0.3,40,0.24,NA,0.19,13.2
"DEMARYIUSTHOMAS","Demaryius Thomas","WR","DEN",4,34,0,0,0,0,0,0,0,82,0.86,NA,0.07,13.2
"STEVENJACKSON","Steven Jackson","RB","ATL",13,37,0,0,0,0,0,79,0.59,18,0.04,NA,0.19,13.1
"BOBBYRAINEY","Bobby Rainey","RB","TB",13,37,0,0,0,0,0,82,0.44,16,0.15,NA,0.19,13.1
"BRANDONMARSHALL","Brandon Marshall","WR","CHI",5,39,0,0,0,0,0,0,0,91,0.6,NA,0.06,12.5
"THADDEUSLEWIS","Thaddeus Lewis","QB","BUF",20,40,36,22.3,247,1.07,0.69,7,0.05,0,0,NA,0.76,12.3
"MIKEGLENNON","Mike Glennon","QB","TB",20,40,33.5,19,192,1.45,0.59,5,0.03,0,0,NA,0.36,12.3
"MARQUESCOLSTON","Marques Colston","WR","NO",6,40,0,0,0,0,0,0,0,70,0.91,NA,0.07,12.3
"MATTASIATA","Matt Asiata","RB","MIN",15,43,0,0,0,0,0,61,0.91,6,0.05,NA,0.21,12
"ZACSTACY","Zac Stacy","RB","STL",15,43,0,0,0,0,0,67,0.44,22,0.14,NA,0.19,12
"MATTRYAN","Matt Ryan","QB","ATL",22,45,28.6,21.5,210,0.98,0.67,10,0.06,0,0,NA,0.19,11.9
"ALFREDMORRIS","Alfred Morris","RB","WAS",17,46,0,0,0,0,0,81,0.5,7,0.07,NA,0.18,11.8
"RYANMATHEWS","Ryan Mathews","RB","SD",17,46,0,0,0,0,0,90,0.47,2,0,NA,0.16,11.8
"CHADHENNE","Chad Henne","QB","JAC",23,48,37.5,22.6,235,0.91,1.04,7,0.03,0,0,NA,0.14,11.6
"REGGIEBUSH","Reggie Bush","RB","DET",19,49,0,0,0,0,0,50,0.34,45,0.04,NA,0.21,11.4
"CASEKEENUM","Case Keenum","QB","HOU",24,50,35.5,19.9,227,1.04,0.65,0,0,0,0,NA,0.32,11.3
"ALSHONJEFFERY","Alshon Jeffery","WR","CHI",7,51,0,0,0,0,0,0,0,79,0.44,NA,0.07,11.1
"ERICDECKER","Eric Decker","WR","DEN",7,51,0,0,0,0,0,0,0,67,0.73,NA,0.05,11.1
"ELIMANNING","Eli Manning","QB","NYG",25,53,36.1,21.5,229,1.15,1.4,3,0.03,0,0,NA,0.26,11
"JASONCAMPBELL","Jason Campbell","QB","CLE",26,54,40.2,19.8,223,0.83,0.82,4,0.02,0,0,NA,0.15,10.9
"STEVANRIDLEY","Stevan Ridley","RB","NE",20,54,0,0,0,0,0,73,0.61,1,0,NA,0.15,10.9
"LEGARRETTEBLOUNT","LeGarrette Blount","RB","NE",20,54,0,0,0,0,0,67,0.54,8,0.01,NA,0.13,10.9
"GIOVANIBERNARD","Giovani Bernard","RB","CIN",22,57,0,0,0,0,0,47,0.32,36,0.15,NA,0.15,10.8
"DOUGBALDWIN","Doug Baldwin","WR","SEA",9,57,0,0,0,0,0,0,0,77,0.52,NA,0.04,10.8
"VINCENTJACKSON","Vincent Jackson","WR","TB",9,57,0,0,0,0,0,0,0,73,0.6,NA,0.06,10.8
"AJGREEN","A.J. Green","WR","CIN",11,60,0,0,0,0,0,0,0,71,0.59,NA,0.05,10.7
"KNOWSHONMORENO","Knowshon Moreno","RB","DEN",23,61,0,0,0,0,0,51,0.36,27,0.15,NA,0.17,10.6
"JOIQUEBELL","Joique Bell","RB","DET",23,61,0,0,0,0,0,35,0.31,41,0.23,NA,0.12,10.6
"GENOSMITH","Geno Smith","QB","NYJ",27,63,32.5,16.3,195,0.62,1.53,27,0.21,0,0,NA,0.36,10.5
"KIRKCOUSINS","Kirk Cousins","QB","WAS",28,64,32.9,19.2,222,1.3,1.53,4,0.01,0,0,NA,0.53,10.4
"MARKINGRAM","Mark Ingram","RB","NO",25,65,0,0,0,0,0,67,0.35,15,0.02,NA,0.16,10.1
"JAMESJONES","James Jones","WR","GB",12,66,0,0,0,0,0,0,0,67,0.58,NA,0.07,10
"JONATHANGRIMES","Jonathan Grimes","RB","HOU",26,67,0,0,0,0,0,73,0.39,5,0.03,NA,0.2,9.9
"MICHAELFLOYD","Michael Floyd","WR","ARI",13,67,0,0,0,0,0,0,0,65,0.59,NA,0.06,9.9
"ANTONIOBROWN","Antonio Brown","WR","PIT",13,67,0,0,0,0,0,0,0,67,0.34,NA,0.1,9.9
"JULIUSTHOMAS","Julius Thomas","TE","DEN",2,67,0,0,0,0,0,0,0,58,0.69,NA,0.04,9.9
"MIKEWALLACE","Mike Wallace","WR","MIA",15,71,0,0,0,0,0,0,0,70,0.45,NA,0.05,9.8
"CARSONPALMER","Carson Palmer","QB","ARI",29,72,38.4,22.3,217,0.94,1.27,2,0.02,0,0,NA,0.25,9.7
"TORREYSMITH","Torrey Smith","WR","BAL",16,72,0,0,0,0,0,0,0,74,0.38,NA,0.04,9.7
"JASONWITTEN","Jason Witten","TE","DAL",3,74,0,0,0,0,0,0,0,60,0.61,NA,0.05,9.5
"RAYRICE","Ray Rice","RB","BAL",27,75,0,0,0,0,0,47,0.26,28,0.11,NA,0.17,9.3
"KENDALLWRIGHT","Kendall Wright","WR","TEN",17,75,0,0,0,0,0,0,0,70,0.39,NA,0.05,9.3
"TERRELLEPRYOR","Terrelle Pryor","QB","OAK",30,77,36.2,18.4,181,0.85,1.44,11,0.1,0,0,NA,0.18,9.2
"CHARLESCLAY","Charles Clay","TE","MIA",4,77,0,0,0,0,0,0,0,54,0.61,NA,0.04,9.2
"GREGOLSEN","Greg Olsen","TE","CAR",4,77,0,0,0,0,0,0,0,66,0.44,NA,0.04,9.2
"KELLENCLEMENS","Kellen Clemens","QB","STL",31,80,34,17.5,211,0.75,1.08,10,0.05,0,0,NA,0.74,9.1
"TYHILTON","T.Y. Hilton","WR","IND",18,80,0,0,0,0,0,0,0,58,0.45,NA,0.07,9.1
"SHANEVEREEN","Shane Vereen","RB","NE",28,82,0,0,0,0,0,7,0.06,53,0.46,NA,0.08,9
"FREDJACKSON","Fred Jackson","RB","BUF",28,82,0,0,0,0,0,36,0.23,34,0.14,NA,0.13,9
"JOSHGORDON","Josh Gordon","WR","CLE",19,82,0,0,0,0,0,0,0,67,0.27,NA,0.05,9
"ZACHMILLER","Zach Miller","TE","SEA",6,82,0,0,0,0,0,0,0,53,0.63,NA,0.04,9
"MARVINJONES","Marvin Jones","WR","CIN",20,86,0,0,0,0,0,0,0,58,0.47,NA,0.04,8.9
"ANDREELLINGTON","Andre Ellington","RB","ARI",30,87,0,0,0,0,0,51,0.29,13,0.11,NA,0.11,8.7
"DENNISPITTA","Dennis Pitta","TE","BAL",7,87,0,0,0,0,0,0,0,54,0.55,NA,0.04,8.7
"MATTCASSEL","Matt Cassel","QB","MIN",32,89,26.1,15.6,186,0.68,0.87,3,0.02,0,0,NA,0.12,8.6
"ACESANDERS","Ace Sanders","WR","JAC",21,89,0,0,0,0,0,0,0,68,0.25,NA,0.12,8.6
"JERRICHOCOTCHERY","Jerricho Cotchery","WR","PIT",22,91,0,0,0,0,0,0,0,45,0.68,NA,0.03,8.5
"CHRISTOPHERIVORY","Christopher Ivory","RB","NYJ",31,92,0,0,0,0,0,61,0.28,7,0,NA,0.13,8.2
"RUEBENRANDLE","Rueben Randle","WR","NYG",23,92,0,0,0,0,0,0,0,60,0.4,NA,0.3,8.2
"DONALDBROWN","Donald Brown","RB","IND",32,94,0,0,0,0,0,44,0.37,15,0.04,NA,0.11,8.1
"JERRELJERNIGAN","Jerrel Jernigan","WR","NYG",24,94,0,0,0,0,0,0,0,63,0.31,NA,0.1,8.1
"ANDREJOHNSON","Andre Johnson","WR","HOU",25,96,0,0,0,0,0,0,0,64,0.27,NA,0.05,8
"MARTELLUSBENNETT","Martellus Bennett","TE","CHI",8,96,0,0,0,0,0,0,0,54,0.44,NA,0.04,8
"CJSPILLER","C.J. Spiller","RB","BUF",33,98,0,0,0,0,0,42,0.19,24,0.07,NA,0.14,7.8
"DEZBRYANT","Dez Bryant","WR","DAL",26,98,0,0,0,0,0,0,0,67,0.23,NA,0.14,7.8
"PIERREGARCON","Pierre Garcon","WR","WAS",26,98,0,0,0,0,0,0,0,73,0.08,NA,0.06,7.8
"FRANKGORE","Frank Gore","RB","SF",34,101,0,0,0,0,0,45,0.33,14,0.01,NA,0.14,7.7
"DESEANJACKSON","DeSean Jackson","WR","PHI",28,101,0,0,0,0,0,0,0,48,0.46,NA,0.06,7.7
"JORDYNELSON","Jordy Nelson","WR","GB",28,101,0,0,0,0,0,0,0,60,0.3,NA,0.03,7.7
"TIQUANUNDERWOOD","Tiquan Underwood","WR","TB",28,101,0,0,0,0,0,0,0,45,0.53,NA,0.04,7.7
"ROBERTWOODS","Robert Woods","WR","BUF",28,101,0,0,0,0,0,0,0,60,0.28,NA,0.04,7.7
"RASHARDMENDENHALL","Rashard Mendenhall","RB","ARI",35,106,0,0,0,0,0,46,0.33,12,0.01,NA,0.12,7.6
"BRANDONLAFELL","Brandon LaFell","WR","CAR",32,106,0,0,0,0,0,0,0,60,0.28,NA,0.04,7.6
"DELANIEWALKER","Delanie Walker","TE","TEN",9,108,0,0,0,0,0,0,0,41,0.58,NA,0.04,7.5
"JONATHANSTEWART","Jonathan Stewart","RB","CAR",36,109,0,0,0,0,0,35,0.21,22,0.08,NA,0.09,7.3
"KESHAWNMARTIN","Keshawn Martin","WR","HOU",33,109,0,0,0,0,0,0,0,50,0.21,NA,0.13,7.3
"DAVONEBESS","Davone Bess","WR","CLE",33,109,0,0,0,0,0,0,0,63,0.15,NA,0.18,7.3
"GREGJENNINGS","Greg Jennings","WR","MIN",33,109,0,0,0,0,0,0,0,66,0.13,NA,0.05,7.3
"GRIFFWHALEN","Griff Whalen","WR","IND",33,109,0,0,0,0,0,0,0,53,0.3,NA,0.06,7.3
"JARRETTBOYKIN","Jarrett Boykin","WR","GB",33,109,0,0,0,0,0,0,0,56,0.3,NA,0.04,7.3
"VERNONDAVIS","Vernon Davis","TE","SF",10,115,0,0,0,0,0,0,0,43,0.51,NA,0.04,7.2
"DEANGELOWILLIAMS","DeAngelo Williams","RB","CAR",37,116,0,0,0,0,0,37,0.25,17,0.08,NA,0.09,7.1
"NATEWASHINGTON","Nate Washington","WR","TEN",38,116,0,0,0,0,0,0,0,57,0.26,NA,0.03,7.1
"LAMARMILLER","Lamar Miller","RB","MIA",38,118,0,0,0,0,0,37,0.21,16,0.12,NA,0.12,7
"CHRISGIVENS","Chris Givens","WR","STL",39,118,0,0,0,0,0,0,0,58,0.19,NA,0.05,7
"EDWINBAKER","Edwin Baker","RB","CLE",39,120,0,0,0,0,0,44,0.25,10,0.03,NA,0.12,6.9
"SHONNGREENE","Shonn Greene","RB","TEN",39,120,0,0,0,0,0,47,0.35,2,0,NA,0.08,6.9
"JASONSNELLING","Jason Snelling","RB","ATL",39,120,0,0,0,0,0,16,0.09,27,0.36,NA,0.06,6.9
"JEREMYKERLEY","Jeremy Kerley","WR","NYJ",40,120,0,0,0,0,0,0,0,56,0.2,NA,0.1,6.9
"BRIANHARTLINE","Brian Hartline","WR","MIA",40,120,0,0,0,0,0,0,0,67,0.06,NA,0.04,6.9
"SANTANAMOSS","Santana Moss","WR","WAS",42,125,0,0,0,0,0,0,0,36,0.54,NA,0.1,6.8
"TRENTRICHARDSON","Trent Richardson","RB","IND",42,126,0,0,0,0,0,33,0.23,17,0.1,NA,0.12,6.7
"RODDYWHITE","Roddy White","WR","ATL",43,126,0,0,0,0,0,0,0,50,0.31,NA,0.07,6.7
"KENBRELLTHOMPKINS","Kenbrell Thompkins","WR","NE",43,126,0,0,0,0,0,0,0,47,0.33,NA,0.03,6.7
"MICHAELCRABTREE","Michael Crabtree","WR","SF",45,129,0,0,0,0,0,0,0,47,0.32,NA,0.04,6.6
"MIKEBROWN","Mike Brown","WR","JAC",45,129,0,0,0,0,0,0,0,57,0.22,NA,0.2,6.6
"DARRENMCFADDEN","Darren McFadden","RB","OAK",43,131,0,0,0,0,0,28,0.19,21,0.12,NA,0.08,6.5
"MARLONBROWN","Marlon Brown","WR","BAL",47,131,0,0,0,0,0,0,0,42,0.4,NA,0.03,6.5
"BRENTCELEK","Brent Celek","TE","PHI",11,131,0,0,0,0,0,0,0,39,0.45,NA,0.04,6.5
"MONTEEBALL","Montee Ball","RB","DEN",44,134,0,0,0,0,0,41,0.26,8,0.05,NA,0.18,6.4
"DENARIUSMOORE","Denarius Moore","WR","OAK",48,134,0,0,0,0,0,0,0,50,0.22,NA,0.05,6.4
"DARRENSPROLES","Darren Sproles","RB","NO",45,136,0,0,0,0,0,12,0.09,28,0.2,NA,0.13,6.3
"JULIANEDELMAN","Julian Edelman","WR","NE",49,136,0,0,0,0,0,0,0,40,0.23,NA,0.23,6.3
"RODSTREATER","Rod Streater","WR","OAK",49,136,0,0,0,0,0,0,0,48,0.26,NA,0.06,6.3
"JOSEPHFAURIA","Joseph Fauria","TE","DET",12,136,0,0,0,0,0,0,0,48,0.28,NA,0.1,6.3
"JAREDCOOK","Jared Cook","TE","STL",13,140,0,0,0,0,0,0,0,50,0.21,NA,0.06,6.2
"ROYHELU","Roy Helu","RB","WAS",46,141,0,0,0,0,0,29,0.23,14,0.09,NA,0.08,6.1
"EMMANUELSANDERS","Emmanuel Sanders","WR","PIT",51,141,0,0,0,0,0,0,0,45,0.24,NA,0.04,6.1
"ZACHERTZ","Zach Ertz","TE","PHI",14,141,0,0,0,0,0,0,0,37,0.4,NA,0.03,6.1
"NATEBURLESON","Nate Burleson","WR","DET",52,144,0,0,0,0,0,0,0,49,0.2,NA,0.05,6
"JERMAINEGRESHAM","Jermaine Gresham","TE","CIN",15,144,0,0,0,0,0,0,0,48,0.25,NA,0.13,6
"JACOBTAMME","Jacob Tamme","TE","DEN",15,144,0,0,0,0,0,0,0,35,0.42,NA,0.03,6
"GOLDENTATE","Golden Tate","WR","SEA",53,147,0,0,0,0,0,0,0,49,0.07,NA,0.09,5.9
"JERMAINEKEARSE","Jermaine Kearse","WR","SEA",53,147,0,0,0,0,0,0,0,39,0.3,NA,0.06,5.9
"ANTHONYFASANO","Anthony Fasano","TE","KC",17,147,0,0,0,0,0,0,0,33,0.44,NA,0.03,5.9
"RILEYCOOPER","Riley Cooper","WR","PHI",55,150,0,0,0,0,0,0,0,46,0.2,NA,0.02,5.8
"DONNIEAVERY","Donnie Avery","WR","KC",55,150,0,0,0,0,0,0,0,47,0.19,NA,0.05,5.8
"JARIUSWRIGHT","Jarius Wright","WR","MIN",57,152,0,0,0,0,0,0,0,47,0.16,NA,0.03,5.7
"SCOTTCHANDLER","Scott Chandler","TE","BUF",18,153,0,0,0,0,0,0,0,47,0.18,NA,0.06,5.6
"KELLENWINSLOW","Kellen Winslow","TE","NYJ",18,153,0,0,0,0,0,0,0,48,0.14,NA,0.04,5.6
"CHRISTIANPONDER","Christian Ponder","QB","MIN",33,155,8.2,5.2,62,0.24,0.22,18,0.18,0,0,NA,0.19,5.5
"DANIELTHOMAS","Daniel Thomas","RB","MIA",47,155,0,0,0,0,0,25,0.21,10,0.15,NA,0.08,5.5
"ROBHOUSLER","Rob Housler","TE","ARI",20,155,0,0,0,0,0,0,0,55,0.03,NA,0.08,5.5
"TEDGINNJR","Ted Ginn Jr.","WR","CAR",58,158,0,0,0,0,0,0,0,34,0.19,NA,0.06,5.3
"LANCEMOORE","Lance Moore","WR","NO",58,158,0,0,0,0,0,0,0,39,0.25,NA,0.04,5.3
"MIKETOLBERT","Mike Tolbert","RB","CAR",48,160,0,0,0,0,0,10,0.11,25,0.16,NA,0.04,5.2
"JEROMESIMPSON","Jerome Simpson","WR","MIN",60,160,0,0,0,0,0,0,0,48,0.1,NA,0.07,5.2
"TERRANCEWILLIAMS","Terrance Williams","WR","DAL",60,160,0,0,0,0,0,0,0,40,0.2,NA,0.06,5.2
"BILALPOWELL","Bilal Powell","RB","NYJ",49,163,0,0,0,0,0,41,0.17,1,0,NA,0.09,5.1
"BENJARVUSGREENELLIS","BenJarvus Green-Ellis","RB","CIN",49,163,0,0,0,0,0,36,0.27,1,0,NA,0.11,5.1
"SANTONIOHOLMES","Santonio Holmes","WR","NYJ",62,163,0,0,0,0,0,0,0,43,0.14,NA,0.05,5.1
"GREGLITTLE","Greg Little","WR","CLE",63,166,0,0,0,0,0,0,0,40,0.18,NA,0.03,5
"ANQUANBOLDIN","Anquan Boldin","WR","SF",63,166,0,0,0,0,0,0,0,34,0.27,NA,0.03,5
"PEYTONHILLIS","Peyton Hillis","RB","NYG",51,168,0,0,0,0,0,19,0.11,16,0.16,NA,0.11,4.9
"TJGRAHAM","T.J. Graham","WR","BUF",65,169,0,0,0,0,0,0,0,35,0.15,NA,0.08,4.7
"DENARDROBINSON","Denard Robinson","WR","JAC",66,170,0,0,0,0,0,0,0,41,0.12,NA,0.42,4.6
"COBYFLEENER","Coby Fleener","TE","IND",21,170,0,0,0,0,0,0,0,32,0.25,NA,0.03,4.6
"ANDREWQUARLESS","Andrew Quarless","TE","GB",21,170,0,0,0,0,0,0,0,34,0.22,NA,0.03,4.6
"BRYCEBROWN","Bryce Brown","RB","PHI",52,173,0,0,0,0,0,26,0.2,6,0.03,NA,0.06,4.4
"VINCENTBROWN","Vincent Brown","WR","SD",67,173,0,0,0,0,0,0,0,37,0.12,NA,0.02,4.4
"HARRYDOUGLAS","Harry Douglas","WR","ATL",67,173,0,0,0,0,0,0,0,41,0.06,NA,0.13,4.4
"PIERRETHOMAS","Pierre Thomas","RB","NO",53,176,0,0,0,0,0,13,0.07,20,0.11,NA,0.06,4.3
"HAKEEMNICKS","Hakeem Nicks","WR","NYG",69,176,0,0,0,0,0,0,0,42,0.02,NA,0.03,4.3
"MILESAUSTIN","Miles Austin","WR","DAL",70,178,0,0,0,0,0,0,0,31,0.19,NA,0.03,4.2
"FREDDAVIS","Fred Davis","TE","WAS",23,178,0,0,0,0,0,0,0,29,0.22,NA,0.03,4.2
"JORDANTODMAN","Jordan Todman","RB","JAC",54,180,0,0,0,0,0,19,0.1,9,0.05,NA,0.07,4.1
"TAVONAUSTIN","Tavon Austin","WR","STL",71,180,0,0,0,0,0,0,0,29,0.12,NA,0.22,4.1
"DEXTERMCCLUSTER","Dexter McCluster","WR","KC",72,182,0,0,0,0,0,0,0,22,0.11,NA,0.11,4
"EDDIEROYAL","Eddie Royal","WR","SD",72,182,0,0,0,0,0,0,0,26,0.13,NA,0.08,4
"DEANDREHOPKINS","DeAndre Hopkins","WR","HOU",72,182,0,0,0,0,0,0,0,32,0.16,NA,0.04,4
"HEATHMILLER","Heath Miller","TE","PIT",24,182,0,0,0,0,0,0,0,32,0.14,NA,0.04,4
"ERICPAGE","Eric Page","WR","TB",75,186,0,0,0,0,0,0,0,26,0.04,NA,0.38,3.8
"DANNYAMENDOLA","Danny Amendola","WR","NE",75,186,0,0,0,0,0,0,0,28,0.16,NA,0.03,3.8
"MICHAELHOOMANAWANUI","Michael Hoomanawanui","TE","NE",25,186,0,0,0,0,0,0,0,27,0.2,NA,0.02,3.8
"LARRYFITZGERALD","Larry Fitzgerald","WR","ARI",77,189,0,0,0,0,0,0,0,36,0.02,NA,0.03,3.7
"MARQUISEGOODWIN","Marquise Goodwin","WR","BUF",78,190,0,0,0,0,0,0,0,27,0.12,NA,0.04,3.5
"KENNYSTILLS","Kenny Stills","WR","NO",78,190,0,0,0,0,0,0,0,24,0.18,NA,0.01,3.5
"MARKUSWHEATON","Markus Wheaton","WR","PIT",78,190,0,0,0,0,0,0,0,26,0.13,NA,0.04,3.5
"OWENDANIELS","Owen Daniels","TE","HOU",26,190,0,0,0,0,0,0,0,27,0.13,NA,0.02,3.5
"KENDALLHUNTER","Kendall Hunter","RB","SF",55,194,0,0,0,0,0,24,0.14,3,0.01,NA,0.06,3.4
"MARCELREECE","Marcel Reece","RB","OAK",55,194,0,0,0,0,0,17,0.1,9,0.05,NA,0.03,3.4
"ALDRICKROBINSON","Aldrick Robinson","WR","WAS",81,194,0,0,0,0,0,0,0,24,0.17,NA,0.01,3.4
"TONYGONZALEZ","Tony Gonzalez","TE","ATL",27,194,0,0,0,0,0,0,0,30,0.07,NA,0.03,3.4
"BERNARDPIERCE","Bernard Pierce","RB","BAL",57,198,0,0,0,0,0,24,0.1,4,0,NA,0.07,3.3
"JAMESSTARKS","James Starks","RB","GB",57,198,0,0,0,0,0,13,0.08,10,0.1,NA,0.04,3.3
"LESTARJEAN","Lestar Jean","WR","HOU",82,198,0,0,0,0,0,0,0,28,0.1,NA,0.01,3.3
"DAVIDNELSON","David Nelson","WR","NYJ",82,198,0,0,0,0,0,0,0,33,0.02,NA,0.02,3.3
"ANDREROBERTS","Andre Roberts","WR","ARI",82,198,0,0,0,0,0,0,0,25,0.14,NA,0.02,3.3
"DARRIUSHEYWARDBEY","Darrius Heyward-Bey","WR","IND",82,198,0,0,0,0,0,0,0,24,0.13,NA,0.02,3.3
"DREWDAVIS","Drew Davis","WR","ATL",82,198,0,0,0,0,0,0,0,28,0.1,NA,0.02,3.3
"JASONAVANT","Jason Avant","WR","PHI",87,205,0,0,0,0,0,0,0,29,0.06,NA,0.03,3.2
"BRANDONMYERS","Brandon Myers","TE","NYG",28,205,0,0,0,0,0,0,0,31,0.02,NA,0.03,3.2
"ANTONIOGATES","Antonio Gates","TE","SD",29,207,0,0,0,0,0,0,0,28,0.06,NA,0.03,3.1
"DWAYNEHARRIS","Dwayne Harris","WR","DAL",88,208,0,0,0,0,0,0,0,13,0.04,NA,0.07,3
"DAMARISJOHNSON","Damaris Johnson","WR","PHI",88,208,0,0,0,0,0,0,0,20,0.08,NA,0.12,3
"GARRETTGRAHAM","Garrett Graham","TE","HOU",30,208,0,0,0,0,0,0,0,22,0.14,NA,0.04,3
"CHRISOGBONNAYA","Chris Ogbonnaya","RB","CLE",59,211,0,0,0,0,0,0,0,25,0.08,NA,0.04,2.9
"LAVONBRAZILL","LaVon Brazill","WR","IND",90,212,0,0,0,0,0,0,0,22,0.1,NA,0.02,2.8
"FOZZYWHITTAKER","Fozzy Whittaker","RB","CLE",60,213,0,0,0,0,0,5,0.03,12,0.07,NA,0.05,2.7
"AJJENKINS","A.J. Jenkins","WR","KC",91,214,0,0,0,0,0,0,0,22,0.07,NA,0.02,2.6
"AUSTINPETTIS","Austin Pettis","WR","STL",91,214,0,0,0,0,0,0,0,24,0.03,NA,0.02,2.6
"LOGANPAULSEN","Logan Paulsen","TE","WAS",31,214,0,0,0,0,0,0,0,22,0.08,NA,0.07,2.6
"MICHAELBUSH","Michael Bush","RB","CHI",61,217,0,0,0,0,0,16,0.15,1,0,NA,0.04,2.5
"WILLISMCGAHEE","Willis McGahee","RB","CLE",61,217,0,0,0,0,0,12,0.06,8,0.04,NA,0.05,2.5
"ROBERTTURBIN","Robert Turbin","RB","SEA",63,219,0,0,0,0,0,11,0.08,7,0.04,NA,0.04,2.4
"DAMIANWILLIAMS","Damian Williams","WR","TEN",93,219,0,0,0,0,0,0,0,21,0.01,NA,0.25,2.4
"RICHARDGORDON","Richard Gordon","TE","KC",32,221,0,0,0,0,0,0,0,12,0.18,NA,0.01,2.3
"MOHAMEDSANU","Mohamed Sanu","WR","CIN",94,222,0,0,0,0,0,0,0,16,0.1,NA,0.01,2.2
"AARONDOBSON","Aaron Dobson","WR","NE",94,222,0,0,0,0,0,0,0,15,0.11,NA,0.02,2.2
"BRIANQUICK","Brian Quick","WR","STL",96,224,0,0,0,0,0,0,0,18,0.05,NA,0.01,2.1
"BRIANLEONARD","Brian Leonard","RB","TB",64,225,0,0,0,0,0,0,0,16,0.08,NA,0.02,2
"JOSEPHRANDLE","Joseph Randle","RB","DAL",64,225,0,0,0,0,0,9,0.08,4,0.03,NA,0.03,2
"ERIKLORIG","Erik Lorig","RB","TB",66,227,0,0,0,0,0,0,0,17,0.05,NA,0.02,1.9
"JOHNKUHN","John Kuhn","RB","GB",66,227,0,0,0,0,0,2,0.02,10,0.09,NA,0.04,1.9
"RISHARDMATTHEWS","Rishard Matthews","WR","MIA",97,227,0,0,0,0,0,0,0,13,0.11,NA,0.01,1.9
"JOSHMORGAN","Josh Morgan","WR","WAS",97,227,0,0,0,0,0,0,0,17,0.04,NA,0.04,1.9
"LEESMITH","Lee Smith","TE","BUF",33,227,0,0,0,0,0,0,0,14,0.08,NA,0.01,1.9
"CHASECOFFMAN","Chase Coffman","TE","ATL",33,227,0,0,0,0,0,0,0,16,0.05,NA,0.01,1.9
"SHAUNDRAUGHN","Shaun Draughn","RB","IND",68,233,0,0,0,0,0,10,0.08,3,0.02,NA,0.04,1.8
"TASHARDCHOICE","Tashard Choice","RB","BUF",69,234,0,0,0,0,0,10,0.05,3,0.03,NA,0.03,1.7
"EDDICKSON","Ed Dickson","TE","BAL",35,234,0,0,0,0,0,0,0,17,0.01,NA,0.02,1.7
"JEFFCUMBERLAND","Jeff Cumberland","TE","NYJ",35,234,0,0,0,0,0,0,0,9,0.12,NA,0.01,1.7
"DAVIDPAULSON","David Paulson","TE","PIT",35,234,0,0,0,0,0,0,0,18,0.04,NA,0.14,1.7
"JOHNCARLSON","John Carlson","TE","MIN",35,234,0,0,0,0,0,0,0,15,0.05,NA,0.02,1.7
"JACOBYJONES","Jacoby Jones","WR","BAL",99,239,0,0,0,0,0,0,0,2,0,NA,0.08,1.6
"JAMESHANNA","James Hanna","TE","DAL",39,239,0,0,0,0,0,0,0,12,0.08,NA,0.01,1.6
"JAMESCASEY","James Casey","TE","PHI",39,239,0,0,0,0,0,0,0,15,0.03,NA,0.01,1.6
"TYLEREIFERT","Tyler Eifert","TE","CIN",39,239,0,0,0,0,0,0,0,12,0.07,NA,0.01,1.6
"JOHNPHILLIPS","John Phillips","TE","SD",42,243,0,0,0,0,0,0,0,10,0.09,NA,0.01,1.5
"MERCEDESLEWIS","Mercedes Lewis","TE","JAC",42,243,0,0,0,0,0,0,0,14,0.02,NA,0.01,1.5
"STANLEYHAVILI","Stanley Havili","RB","IND",70,245,0,0,0,0,0,1,0.01,9,0.08,NA,0.02,1.4
"KNILEDAVIS","Knile Davis","RB","KC",70,245,0,0,0,0,0,6,0.04,5,0.03,NA,0.08,1.4
"BRANDONTATE","Brandon Tate","WR","CIN",100,245,0,0,0,0,0,0,0,7,0.02,NA,0.13,1.4
"FRANKSUMMERS","Frank Summers","RB","BUF",72,248,0,0,0,0,0,3,0.02,7,0.04,NA,0.01,1.3
"ANDRECALDWELL","Andre Caldwell","WR","DEN",101,248,0,0,0,0,0,0,0,9,0.07,NA,0.01,1.3
"JARONBROWN","Jaron Brown","WR","ARI",101,248,0,0,0,0,0,0,0,11,0.03,NA,0.01,1.3
"GARYBARNIDGE","Gary Barnidge","TE","CLE",44,251,0,0,0,0,0,0,0,9,0.05,NA,0.01,1.2
"VONTALEACH","Vonta Leach","RB","BAL",73,252,0,0,0,0,0,2,0.01,7,0.05,NA,0.04,1.1
"THEORIDDICK","Theo Riddick","RB","DET",73,252,0,0,0,0,0,2,0.02,6,0.04,NA,0.01,1.1
"MICHAELCOX","Michael Cox","RB","NYG",73,252,0,0,0,0,0,5,0.04,1,0.03,NA,0.03,1.1
"MICHEALSPURLOCK","Micheal Spurlock","WR","DET",103,252,0,0,0,0,0,0,0,0,0,NA,0.06,1.1
"DEVINHESTER","Devin Hester","WR","CHI",103,252,0,0,0,0,0,0,0,0,0,NA,0.19,1.1
"CLAYHARBOR","Clay Harbor","TE","JAC",45,252,0,0,0,0,0,0,0,11,0.02,NA,0.04,1.1
"DANTEROSARIO","Dante Rosario","TE","CHI",45,252,0,0,0,0,0,0,0,5,0.1,NA,0.01,1.1
"DALLASCLARK","Dallas Clark","TE","BAL",45,252,0,0,0,0,0,0,0,10,0.03,NA,0.01,1.1
"DARRELYOUNG","Darrel Young","RB","WAS",76,260,0,0,0,0,0,4,0.04,3,0.01,NA,0.01,1
"TRINDONHOLLIDAY","Trindon Holliday","WR","DEN",105,260,0,0,0,0,0,0,0,0,0,NA,0.44,1
"MICHAELEGNEW","Michael Egnew","TE","MIA",48,260,0,0,0,0,0,0,0,7,0.05,NA,0.01,1
"LAMICHAELJAMES","LaMichael James","RB","SF",77,263,0,0,0,0,0,0,0,0,0,NA,0.19,0.9
"BRICEBUTLER","Brice Butler","WR","OAK",106,263,0,0,0,0,0,0,0,8,0.03,NA,0.01,0.9
"DAVIDAUSBERRY","David Ausberry","TE","OAK",49,263,0,0,0,0,0,0,0,7,0.02,NA,0,0.9
"LANCEKENDRICKS","Lance Kendricks","TE","STL",49,263,0,0,0,0,0,0,0,9,0.01,NA,0.01,0.9
"DIONSIMS","Dion Sims","TE","MIA",49,263,0,0,0,0,0,0,0,4,0.08,NA,0,0.9
"JEROMEFELTON","Jerome Felton","RB","MIN",78,268,0,0,0,0,0,0,0,5,0.03,NA,0.01,0.8
"MARCUSTHIGPEN","Marcus Thigpen","RB","MIA",78,268,0,0,0,0,0,0,0,0,0,NA,0.16,0.8
"JERONMASTRUD","Jeron Mastrud","TE","OAK",52,268,0,0,0,0,0,0,0,7,0.02,NA,0.01,0.8
"PHILLIPTANNER","Phillip Tanner","RB","DAL",80,271,0,0,0,0,0,4,0.04,1,0,NA,0.03,0.7
"JACQUIZZRODGERS","Jacquizz Rodgers","RB","ATL",80,271,0,0,0,0,0,0,0,0,0,NA,0.02,0.7
"COLLINMOONEY","Collin Mooney","RB","TEN",80,271,0,0,0,0,0,0,0,4,0.04,NA,0,0.7
"TANDONDOSS","Tandon Doss","WR","BAL",107,271,0,0,0,0,0,0,0,3,0,NA,0.05,0.7
"NICKTOON","Nick Toon","WR","NO",107,271,0,0,0,0,0,0,0,7,0.01,NA,0,0.7
"WESLYESAUNDERS","Weslye Saunders","TE","IND",53,271,0,0,0,0,0,0,0,5,0.03,NA,0,0.7
"KENJONBARNER","Kenjon Barner","RB","CAR",83,277,0,0,0,0,0,3,0.02,1,0.02,NA,0.01,0.6
"CHRISTHOMPSON","Chris Thompson","RB","WAS",83,277,0,0,0,0,0,0,0,0,0,NA,0.06,0.6
"VANCEMCDONALD","Vance McDonald","TE","SF",54,277,0,0,0,0,0,0,0,6,0.01,NA,0,0.6
"BRANDONWEEDEN","Brandon Weeden","QB","CLE",34,280,2.1,1,11,0.04,0.04,0,0,0,0,NA,0.02,0.5
"CRAIGSTEVENS","Craig Stevens","TE","TEN",55,280,0,0,0,0,0,0,0,6,0,NA,0.01,0.5
"GARRETTCELEK","Garrett Celek","TE","SF",55,280,0,0,0,0,0,0,0,7,0.01,NA,0.12,0.5
"CURTISPAINTER","Curtis Painter","QB","NYG",35,283,1.9,1.1,12,0.05,0.1,0,0,0,0,NA,0.02,0.4
"ALFONSOSMITH","Alfonso Smith","RB","ARI",85,283,0,0,0,0,0,2,0.01,1,0,NA,0.04,0.4
"TONYFIAMMETTA","Tony Fiammetta","RB","CHI",85,283,0,0,0,0,0,0,0,3,0.01,NA,0,0.4
"FELIXJONES","Felix Jones","RB","PIT",85,283,0,0,0,0,0,0,0,1,0,NA,0.01,0.4
"LERONMCCLAIN","LeRon McClain","RB","SD",85,283,0,0,0,0,0,3,0.01,0,0,NA,0.01,0.4
"JACOBYFORD","Jacoby Ford","WR","OAK",109,283,0,0,0,0,0,0,0,2,0,NA,0.28,0.4
"EARLBENNETT","Earl Bennett","WR","CHI",109,283,0,0,0,0,0,0,0,2,0.02,NA,0.01,0.4
"ADRIENROBINSON","Adrien Robinson","TE","NYG",57,283,0,0,0,0,0,0,0,2,0.04,NA,0,0.4
"MATTMOORE","Matt Moore","QB","MIA",36,291,1.1,0.6,6,0.03,0.04,0,0,0,0,NA,0.02,0.3
"TARVARISJACKSON","Tarvaris Jackson","QB","SEA",36,291,0.6,0.4,5,0.03,0.01,0,0,0,0,NA,0,0.3
"MICHAELVICK","Michael Vick","QB","PHI",36,291,0.6,0.4,5,0.02,0.02,1,0.01,0,0,NA,0.01,0.3
"JOHNCONNER","John Conner","RB","NYG",89,291,0,0,0,0,0,0,0,2,0.02,NA,0,0.3
"ORSONCHARLES","Orson Charles","RB","CIN",89,291,0,0,0,0,0,0,0,2,0.01,NA,0,0.3
"TRAVARISCADET","Travaris Cadet","RB","NO",89,291,0,0,0,0,0,0,0,0,0,NA,0.03,0.3
"DAVIDREED","David Reed","WR","IND",111,291,0,0,0,0,0,0,0,0,0,NA,0.01,0.3
"QUINTONPATTON","Quinton Patton","WR","SF",111,291,0,0,0,0,0,0,0,2,0.01,NA,0.01,0.3
"BLAINEGABBERT","Blaine Gabbert","QB","JAC",39,299,0.9,0.5,5,0.02,0.03,0,0,0,0,NA,0.01,0.2
"BRUCEGRADKOWSKI","Bruce Gradkowski","QB","PIT",39,299,0.8,0.4,4,0.02,0.01,0,0,0,0,NA,0.01,0.2
"SHAUNHILL","Shaun Hill","QB","DET",39,299,0.3,0.3,3,0.02,0.01,0,0,0,0,NA,0,0.2
"JOSHMCCOWN","Josh McCown","QB","CHI",39,299,0.4,0.3,4,0.03,0.01,0,0,0,0,NA,0,0.2
"TONYROMO","Tony Romo","QB","DAL",39,299,0.3,0.2,3,0.02,0.01,0,0,0,0,NA,0,0.2
"KEILANDWILLIAMS","Keiland Williams","RB","WAS",92,299,0,0,0,0,0,0,0,1,0.01,NA,0,0.2
"BEARPASCOE","Bear Pascoe","RB","NYG",92,299,0,0,0,0,0,0,0,2,0,NA,0,0.2
"MICHAELROBINSON","Michael Robinson","RB","SEA",92,299,0,0,0,0,0,0,0,1,0.02,NA,0,0.2
"GREGJONES","Greg Jones","RB","HOU",92,299,0,0,0,0,0,1,0.01,1,0.01,NA,0,0.2
"LANCEDUNBAR","Lance Dunbar","RB","DAL",92,299,0,0,0,0,0,0,0,0,0,NA,0.01,0.2
"PATRICKEDWARDS","Patrick Edwards","WR","DET",113,299,0,0,0,0,0,0,0,0,0,NA,0.02,0.2
"BENJAMINWATSON","Benjamin Watson","TE","NO",58,299,0,0,0,0,0,0,0,2,0.01,NA,0,0.2
"BENHARTSOCK","Ben Hartsock","TE","CAR",58,299,0,0,0,0,0,0,0,1,0.02,NA,0,0.2
"BROCKOSWEILER","Brock Osweiler","QB","DEN",44,312,0.4,0.2,2,0.01,0,0,0,0,0,NA,0,0.1
"TJYATES","T.J. Yates","QB","HOU",44,312,0.4,0.2,3,0.01,0.02,0,0,0,0,NA,0.01,0.1
"TYRODTAYLOR","Tyrod Taylor","QB","BAL",44,312,0.4,0.2,2,0.01,0.02,0,0,0,0,NA,0,0.1
"COLTMCCOY","Colt McCoy","QB","SF",44,312,0.3,0.1,1,0.01,0.01,0,0,0,0,NA,0,0.1
"MATTFLYNN","Matt Flynn","QB","GB",44,312,0.4,0.2,2,0.01,0.01,0,0,0,0,NA,0.01,0.1
"JOSHJOHNSON","Josh Johnson","QB","CIN",44,312,0.4,0.2,2,0.01,0.01,0,0,0,0,NA,0.01,0.1
"CHASEDANIEL","Chase Daniel","QB","KC",44,312,0.4,0.2,2,0.01,0.02,0,0,0,0,NA,0,0.1
"CHARLIEWHITEHURST","Charlie Whitehurst","QB","SD",44,312,0.3,0.2,2,0,0.01,0,0,0,0,NA,0,0.1
"DEREKANDERSON","Derek Anderson","QB","CAR",44,312,0.3,0.2,3,0.01,0.01,0,0,0,0,NA,0,0.1
"DANORLOVSKY","Dan Orlovsky","QB","TB",44,312,0.4,0.2,2,0.01,0.01,0,0,0,0,NA,0.01,0.1
"MATTHASSELBECK","Matt Hasselbeck","QB","IND",44,312,0.3,0.2,2,0.01,0.01,0,0,0,0,NA,0,0.1
"MATTSIMMS","Matt Simms","QB","NYJ",44,312,0.3,0.2,2,0,0.01,0,0,0,0,NA,0,0.1
"LUKEMCCOWN","Luke McCown","QB","NO",44,312,0.5,0.3,3,0.01,0.02,0,0,0,0,NA,0,0.1
"EJMANUEL","EJ Manuel","QB","BUF",44,312,0.4,0.2,3,0.01,0.01,0,0,0,0,NA,0,0.1
"MATTMCGLOIN","Matt McGloin","QB","OAK",44,312,0.4,0.2,2,0.01,0.02,0,0,0,0,NA,0.01,0.1
"ANTHONYSHERMAN","Anthony Sherman","RB","KC",97,312,0,0,0,0,0,0,0,0,0.01,NA,0,0.1
"BRADSMELLEY","Brad Smelley","RB","HOU",97,312,0,0,0,0,0,0,0,1,0.01,NA,0,0.1
"KRISDURHAM","Kris Durham","WR","DET",114,312,0,0,0,0,0,0,0,1,0.01,NA,0,0.1
"LOUISMURPHY","Louis Murphy","WR","NYG",114,312,0,0,0,0,0,0,0,1,0.01,NA,0,0.1
"ERICWEEMS","Eric Weems","WR","CHI",114,312,0,0,0,0,0,0,0,0,0,NA,0.01,0.1
"DOMENIKHIXON","Domenik Hixon","WR","CAR",114,312,0,0,0,0,0,0,0,0,0.01,NA,0,0.1
"JOSHUACRIBBS","Joshua Cribbs","WR","NYJ",114,312,0,0,0,0,0,0,0,0,0,NA,0,0.1
"COLEBEASLEY","Cole Beasley","WR","DAL",114,312,0,0,0,0,0,0,0,0,0,NA,0.01,0.1
"NILESPAUL","Niles Paul","TE","WAS",60,312,0,0,0,0,0,0,0,0,0,NA,0,0.1
"GREGMCELROY","Greg McElroy","QB","CIN",59,336,0,0,0,0,0,0,0,0,0,NA,0,0
"ROBERTGRIFFINIII","Robert Griffin III","QB","WAS",59,336,0,0,0,0,0,0,0,0,0,NA,0,0
"RYANMALLETT","Ryan Mallett","QB","NE",59,336,0.4,0.1,1,0.01,0.02,0,0,0,0,NA,0,0
"RYANLINDLEY","Ryan Lindley","QB","ARI",59,336,0,0,0,0,0,0,0,0,0,NA,0,0
"BRIANHOYER","Brian Hoyer","QB","CLE",59,336,0,0,0,0,0,0,0,0,0,NA,0,0
"JAKELOCKER","Jake Locker","QB","TEN",59,336,0,0,0,0,0,0,0,0,0,NA,0,0
"JOSHFREEMAN","Josh Freeman","QB","MIN",59,336,0,0,0,0,0,0,0,0,0,NA,0,0
"MARKSANCHEZ","Mark Sanchez","QB","NYJ",59,336,0,0,0,0,0,0,0,0,0,NA,0,0
"SAMBRADFORD","Sam Bradford","QB","STL",59,336,0,0,0,0,0,0,0,0,0,NA,0,0
"DREWSTANTON","Drew Stanton","QB","ARI",59,336,0,0,0,0,0,0,0,0,0,NA,0,0
"KEVINKOLB","Kevin Kolb","QB","BUF",59,336,0,0,0,0,0,0,0,0,0,NA,0,0
"BRADYQUINN","Brady Quinn","QB","STL",59,336,0,0,0,0,0,0,0,0,0,NA,0,0
"MATTSCHAUB","Matt Schaub","QB","HOU",59,336,0,0,0,0,0,0,0,0,0,NA,0,0
"SENECAWALLACE","Seneca Wallace","QB","GB",59,336,0,0,0,0,0,0,0,0,0,NA,0,0
"DOMINIQUEDAVIS","Dominique Davis","QB","ATL",59,336,0.2,0.1,1,0,0,0,0,0,0,NA,0,0
"SCOTTTOLZIEN","Scott Tolzien","QB","GB",59,336,0,0,0,0,0,0,0,0,0,NA,0,0
"RUSTYSMITH","Rusty Smith","QB","TEN",59,336,0,0,0,0,0,0,0,0,0,NA,0,0
"DOUGMARTIN","Doug Martin","RB","TB",99,336,0,0,0,0,0,0,0,0,0,NA,0,0
"DAVIDWILSON","David Wilson","RB","NYG",99,336,0,0,0,0,0,0,0,0,0,NA,0,0
"ISAIAHPEAD","Isaiah Pead","RB","STL",99,336,0,0,0,0,0,0,0,0,0,NA,0,0
"BRUCEMILLER","Bruce Miller","RB","SF",99,336,0,0,0,0,0,0,0,0,0,NA,0,0
"DELONECARTER","Delone Carter","RB","JAC",99,336,0,0,0,0,0,0,0,0,0,NA,0,0
"DIONLEWIS","Dion Lewis","RB","CLE",99,336,0,0,0,0,0,0,0,0,0,NA,0,0
"EVANROYSTER","Evan Royster","RB","WAS",99,336,0,0,0,0,0,0,0,0,0,NA,0,0
"CHRISGRONKOWSKI","Chris Gronkowski","RB","SD",99,336,0,0,0,0,0,0,0,0,0,NA,0,0
"ALEXGREEN","Alex Green","RB","NYJ",99,336,0,0,0,0,0,0,0,0,0,NA,0,0
"ANTHONYDIXON","Anthony Dixon","RB","SF",99,336,0,0,0,0,0,0,0,0,0,NA,0,0
"JONATHANDWYER","Jonathan Dwyer","RB","PIT",99,336,0,0,0,0,0,0,0,0,0,NA,0,0
"CYRUSGRAY","Cyrus Gray","RB","KC",99,336,0,0,0,0,0,0,0,0,0,NA,0,0
"DANHERRON","Dan Herron","RB","CIN",99,336,0,0,0,0,0,0,0,0,0,NA,0,0
"MICHAELSMITH","Michael Smith","RB","TB",99,336,0,0,0,0,0,0,0,0,0,NA,0,0
"DARYLRICHARDSON","Daryl Richardson","RB","STL",99,336,0,0,0,0,0,0,0,0,0,NA,0,0
"BRADIEEWING","Bradie Ewing","RB","ATL",99,336,0,0,0,0,0,0,0,0,0,NA,0,0
"VICKBALLARD","Vick Ballard","RB","IND",99,336,0,0,0,0,0,0,0,0,0,NA,0,0
"TOBYGERHART","Toby Gerhart","RB","MIN",99,336,0,0,0,0,0,0,0,0,0,NA,0,0
"BENTATE","Ben Tate","RB","HOU",99,336,0,0,0,0,0,0,0,0,0,NA,0,0
"RYANWILLIAMS","Ryan Williams","RB","ARI",99,336,0,0,0,0,0,0,0,0,0,NA,0,0
"MIKELLESHOURE","Mikel LeShoure","RB","DET",99,336,0,0,0,0,0,0,0,0,0,NA,0,0
"LARODSTEPHENSHOWLING","LaRod Stephens-Howling","RB","PIT",99,336,0,0,0,0,0,0,0,0,0,NA,0,0
"ARIANFOSTER","Arian Foster","RB","HOU",99,336,0,0,0,0,0,0,0,0,0,NA,0,0
"MIKEGOODSON","Mike Goodson","RB","NYJ",99,336,0,0,0,0,0,0,0,0,0,NA,0,0
"LEXHILLIARD","Lex Hilliard","RB","NYJ",99,336,0,0,0,0,0,0,0,0,0,NA,0,0
"JUSTINFORSETT","Justin Forsett","RB","JAC",99,336,0,0,0,0,0,0,0,0,0,NA,0,0
"MIKECOX","Mike Cox","RB","ATL",99,336,0,0,0,0,0,0,0,0,0,NA,0,0
"KAHLILBELL","Kahlil Bell","RB","GB",99,336,0,0,0,0,0,0,0,0,0,NA,0,0
"JACKIEBATTLE","Jackie Battle","RB","TEN",99,336,0,0,0,0,0,0,0,0,0,NA,0,0
"AHMADBRADSHAW","Ahmad Bradshaw","RB","IND",99,336,0,0,0,0,0,0,0,0,0,NA,0,0
"ADRIANPETERSON","Adrian Peterson","RB","MIN",99,336,0,0,0,0,0,0,0,0,0,NA,0,0
"MONTELLOWENS","Montell Owens","RB","DET",99,336,0,0,0,0,0,0,0,0,0,NA,0,0
"LEONWASHINGTON","Leon Washington","RB","TEN",99,336,0,0,0,0,0,0,0,0,0,NA,0,0
"BRANDONJACOBS","Brandon Jacobs","RB","NYG",99,336,0,0,0,0,0,0,0,0,0,NA,0,0
"RONNIEBROWN","Ronnie Brown","RB","SD",99,336,0,0,0,0,0,0,0,0,0,NA,0,0
"HENRYHYNOSKI","Henry Hynoski","RB","NYG",99,336,0,0,0,0,0,0,0,0,0,NA,0,0
"WILLJOHNSON","Will Johnson","RB","PIT",99,336,0,0,0,0,0,0,0,0,0,NA,0,0
"JEREMYSTEWART","Jeremy Stewart","RB","OAK",99,336,0,0,0,0,0,0,0,0,0,NA,0,0
"BRANDONBOLDEN","Brandon Bolden","RB","NE",99,336,0,0,0,0,0,0,0,0,0,NA,0,0
"ROBERTHUGHES","Robert Hughes","RB","IND",99,336,0,0,0,0,0,0,0,0,0,NA,0,0
"WILLTAUFOOU","Will Taufoou","RB","JAC",99,336,0,0,0,0,0,0,0,0,0,NA,0,0
"RICHIEBROCKEL","Richie Brockel","RB","CAR",99,336,0,0,0,0,0,0,0,0,0,NA,0,0
"DUJUANHARRIS","DuJuan Harris","RB","GB",99,336,0,0,0,0,0,0,0,0,0,NA,0,0
"CEDRICPEERMAN","Cedric Peerman","RB","CIN",99,336,0,0,0,0,0,0,0,0,0,NA,0,0
"MICHAELFORD","Michael Ford","RB","CHI",99,336,0,0,0,0,0,0,0,0,0,NA,0,0
"JOHNATHANFRANKLIN","Johnathan Franklin","RB","GB",99,336,0,0,0,0,0,0,0,0,0,NA,0,0
"MIKEJAMES","Mike James","RB","TB",99,336,0,0,0,0,0,0,0,0,0,NA,0,0
"DENNISJOHNSON","Dennis Johnson","RB","HOU",99,336,0,0,0,0,0,0,0,0,0,NA,0,0
"DANESANZENBACHER","Dane Sanzenbacher","WR","CIN",120,336,0,0,0,0,0,0,0,0,0,NA,0,0
"TRAVISBENJAMIN","Travis Benjamin","WR","CLE",120,336,0,0,0,0,0,0,0,0,0,NA,0,0
"STEPHENHILL","Stephen Hill","WR","NYJ",120,336,0,0,0,0,0,0,0,0,0,NA,0,0
"RYANBROYLES","Ryan Broyles","WR","DET",120,336,0,0,0,0,0,0,0,0,0,NA,0,0
"DEVIERPOSEY","DeVier Posey","WR","HOU",120,336,0,0,0,0,0,0,0,0,0,NA,0,0
"CLYDEGATES","Clyde Gates","WR","NYJ",120,336,0,0,0,0,0,0,0,0,0,NA,0,0
"CECILSHORTS","Cecil Shorts","WR","JAC",120,336,0,0,0,0,0,0,0,0,0,NA,0,0
"JUSTINBLACKMON","Justin Blackmon","WR","JAC",120,336,0,0,0,0,0,0,0,0,0,NA,0,0
"KEALOHAPILARES","Kealoha Pilares","WR","CAR",120,336,0,0,0,0,0,0,0,0,0,NA,0,0
"RYANWHALEN","Ryan Whalen","WR","CIN",120,336,0,0,0,0,0,0,0,0,0,NA,0,0
"SEYIAJIROTUTU","Seyi Ajirotutu","WR","SD",120,336,0,0,0,0,0,0,0,0,0,NA,0,0
"VICTORCRUZ","Victor Cruz","WR","NYG",120,336,0,0,0,0,0,0,0,0,0,NA,0,0
"ANDREWHAWKINS","Andrew Hawkins","WR","CIN",120,336,0,0,0,0,0,0,0,0,0,NA,0,0
"LEONARDHANKERSON","Leonard Hankerson","WR","WAS",120,336,0,0,0,0,0,0,0,0,0,NA,0,0
"JOEWEBB","Joe Webb","WR","MIN",120,336,0,0,0,0,0,0,0,0,0,NA,0,0
"KYLEWILLIAMS","Kyle Williams","WR","KC",120,336,0,0,0,0,0,0,0,0,0,NA,0,0
"MARLONMOORE","Marlon Moore","WR","MIA",120,336,0,0,0,0,0,0,0,0,0,NA,0,0
"STEPHENWILLIAMS","Stephen Williams","WR","JAC",120,336,0,0,0,0,0,0,0,0,0,NA,0,0
"ARMANTIEDWARDS","Armanti Edwards","WR","CLE",120,336,0,0,0,0,0,0,0,0,0,NA,0,0
"MIKEWILLIAMS","Mike Williams","WR","TB",120,336,0,0,0,0,0,0,0,0,0,NA,0,0
"TONEYCLEMONS","Toney Clemons","WR","SD",120,336,0,0,0,0,0,0,0,0,0,NA,0,0
"JURONCRINER","Juron Criner","WR","OAK",120,336,0,0,0,0,0,0,0,0,0,NA,0,0
"JONBALDWIN","Jon Baldwin","WR","SF",120,336,0,0,0,0,0,0,0,0,0,NA,0,0
"RANDALLCOBB","Randall Cobb","WR","GB",120,336,0,0,0,0,0,0,0,0,0,NA,0,0
"ARRELIOUSBENN","Arrelious Benn","WR","PHI",120,336,0,0,0,0,0,0,0,0,0,NA,0,0
"JULIOJONES","Julio Jones","WR","ATL",120,336,0,0,0,0,0,0,0,0,0,NA,0,0
"BRANDONGIBSON","Brandon Gibson","WR","MIA",120,336,0,0,0,0,0,0,0,0,0,NA,0,0
"JEREMYMACLIN","Jeremy Maclin","WR","PHI",120,336,0,0,0,0,0,0,0,0,0,NA,0,0
"PERCYHARVIN","Percy Harvin","WR","SEA",120,336,0,0,0,0,0,0,0,0,0,NA,0,0
"KENNYBRITT","Kenny Britt","WR","TEN",120,336,0,0,0,0,0,0,0,0,0,NA,0,0
"STEVEJOHNSON","Steve Johnson","WR","BUF",120,336,0,0,0,0,0,0,0,0,0,NA,0,0
"LAVELLEHAWKINS","Lavelle Hawkins","WR","SD",120,336,0,0,0,0,0,0,0,0,0,NA,0,0
"MATTHEWSLATER","Matthew Slater","WR","NE",120,336,0,0,0,0,0,0,0,0,0,NA,0,0
"MARIOMANNINGHAM","Mario Manningham","WR","SF",120,336,0,0,0,0,0,0,0,0,0,NA,0,0
"SIDNEYRICE","Sidney Rice","WR","SEA",120,336,0,0,0,0,0,0,0,0,0,NA,0,0
"ROBERTMEACHEM","Robert Meachem","WR","NO",120,336,0,0,0,0,0,0,0,0,0,NA,0,0
"DWAYNEBOWE","Dwayne Bowe","WR","KC",120,336,0,0,0,0,0,0,0,0,0,NA,0,0
"STEVESMITH","Steve Smith","WR","TB",120,336,0,0,0,0,0,0,0,0,0,NA,0,0
"BRADSMITH","Brad Smith","WR","BUF",120,336,0,0,0,0,0,0,0,0,0,NA,0,0
"WESWELKER","Wes Welker","WR","DEN",120,336,0,0,0,0,0,0,0,0,0,NA,0,0
"REGGIEWAYNE","Reggie Wayne","WR","IND",120,336,0,0,0,0,0,0,0,0,0,NA,0,0
"BRANDONSTOKLEY","Brandon Stokley","WR","BAL",120,336,0,0,0,0,0,0,0,0,0,NA,0,0
"MALCOMFLOYD","Malcom Floyd","WR","SD",120,336,0,0,0,0,0,0,0,0,0,NA,0,0
"STEVESMITH","Steve Smith","WR","CAR",120,336,0,0,0,0,0,0,0,0,0,NA,0,0
"KASSIMOSGOOD","Kassim Osgood","WR","SF",120,336,0,0,0,0,0,0,0,0,0,NA,0,0
"PLAXICOBURRESS","Plaxico Burress","WR","PIT",120,336,0,0,0,0,0,0,0,0,0,NA,0,0
"KEVINWALTER","Kevin Walter","WR","TEN",120,336,0,0,0,0,0,0,0,0,0,NA,0,0
"JOSEPHANDERSON","Joseph Anderson","WR","CHI",120,336,0,0,0,0,0,0,0,0,0,NA,0,0
"DEONTETHOMPSON","Deonte Thompson","WR","BAL",120,336,0,0,0,0,0,0,0,0,0,NA,0,0
"MICHAELPRESTON","Michael Preston","WR","TEN",120,336,0,0,0,0,0,0,0,0,0,NA,0,0
"ARMONBINNS","Armon Binns","WR","MIA",120,336,0,0,0,0,0,0,0,0,0,NA,0,0
"ANDREHOLMES","Andre Holmes","WR","OAK",120,336,0,0,0,0,0,0,0,0,0,NA,0,0
"JOSEPHMORGAN","Joseph Morgan","WR","NO",120,336,0,0,0,0,0,0,0,0,0,NA,0,0
"STEPHENBURTON","Stephen Burton","WR","JAC",120,336,0,0,0,0,0,0,0,0,0,NA,0,0
"MARCUSEASLEY","Marcus Easley","WR","BUF",120,336,0,0,0,0,0,0,0,0,0,NA,0,0
"DWAYNEALLEN","Dwayne Allen","TE","IND",61,336,0,0,0,0,0,0,0,0,0,NA,0,0
"VIRGILGREEN","Virgil Green","TE","DEN",61,336,0,0,0,0,0,0,0,0,0,NA,0,0
"RYANTAYLOR","Ryan Taylor","TE","GB",61,336,0,0,0,0,0,0,0,0,0,NA,0,0
"DJWILLIAMS","D.J. Williams","TE","NE",61,336,0,0,0,0,0,0,0,0,0,NA,0,0
"NATEBYHAM","Nate Byham","TE","TB",61,336,0,0,0,0,0,0,0,0,0,NA,0,0
"ANTHONYMCCOY","Anthony McCoy","TE","SEA",61,336,0,0,0,0,0,0,0,0,0,NA,0,0
"JORDANCAMERON","Jordan Cameron","TE","CLE",61,336,0,0,0,0,0,0,0,0,0,NA,0,0
"LUKESTOCKER","Luke Stocker","TE","TB",61,336,0,0,0,0,0,0,0,0,0,NA,0,0
"MICHAELPALMER","Michael Palmer","TE","PIT",61,336,0,0,0,0,0,0,0,0,0,NA,0,0
"LADARIUSGREEN","Ladarius Green","TE","SD",61,336,0,0,0,0,0,0,0,0,0,NA,0,0
"RHETTELLISON","Rhett Ellison","TE","MIN",61,336,0,0,0,0,0,0,0,0,0,NA,0,0
"TAYLORTHOMPSON","Taylor Thompson","TE","TEN",61,336,0,0,0,0,0,0,0,0,0,NA,0,0
"KYLERUDOLPH","Kyle Rudolph","TE","MIN",61,336,0,0,0,0,0,0,0,0,0,NA,0,0
"JAKEOCONNELL","Jake OConnell","TE","DEN",61,336,0,0,0,0,0,0,0,0,0,NA,0,0
"DAVIDJOHNSON","David Johnson","TE","PIT",61,336,0,0,0,0,0,0,0,0,0,NA,0,0
"TOMCRABTREE","Tom Crabtree","TE","TB",61,336,0,0,0,0,0,0,0,0,0,NA,0,0
"ROBGRONKOWSKI","Rob Gronkowski","TE","NE",61,336,0,0,0,0,0,0,0,0,0,NA,0,0
"BRANDONPETTIGREW","Brandon Pettigrew","TE","DET",61,336,0,0,0,0,0,0,0,0,0,NA,0,0
"KELLENDAVIS","Kellen Davis","TE","SEA",61,336,0,0,0,0,0,0,0,0,0,NA,0,0
"JERMICHAELFINLEY","Jermichael Finley","TE","GB",61,336,0,0,0,0,0,0,0,0,0,NA,0,0
"MATTSPAETH","Matt Spaeth","TE","PIT",61,336,0,0,0,0,0,0,0,0,0,NA,0,0
"JEFFKING","Jeff King","TE","ARI",61,336,0,0,0,0,0,0,0,0,0,NA,0,0
"JOELDREESSEN","Joel Dreessen","TE","DEN",61,336,0,0,0,0,0,0,0,0,0,NA,0,0
"ALEXSMITH","Alex Smith","TE","CIN",61,336,0,0,0,0,0,0,0,0,0,NA,0,0
"CHRISCOOLEY","Chris Cooley","TE","WAS",61,336,0,0,0,0,0,0,0,0,0,NA,0,0
"MIKEMCNEILL","Mike McNeill","TE","STL",61,336,0,0,0,0,0,0,0,0,0,NA,0,0
"ALLENREISNER","Allen Reisner","TE","JAC",61,336,0,0,0,0,0,0,0,0,0,NA,0,0
"CORYHARKEY","Cory Harkey","TE","STL",61,336,0,0,0,0,0,0,0,0,0,NA,0,0
"KONRADREULAND","Konrad Reuland","TE","NYJ",61,336,0,0,0,0,0,0,0,0,0,NA,0,0
"DORINDICKERSON","Dorin Dickerson","TE","DET",61,336,0,0,0,0,0,0,0,0,0,NA,0,0
"JIMDRAY","Jim Dray","TE","ARI",61,336,0,0,0,0,0,0,0,0,0,NA,0,0
"MIKELEACH","Mike Leach","TE","ARI",61,336,0,0,0,0,0,0,0,0,0,NA,0,0
"TRAVISKELCE","Travis Kelce","TE","KC",61,336,0,0,0,0,0,0,0,0,0,NA,0,0
"JORDANREED","Jordan Reed","TE","WAS",61,336,0,0,0,0,0,0,0,0,0,NA,0,0
