"name","pos","name_fp","team_fp","positionRank_fp","overallRank_fp","pts_fp","passAtt_fp","passComp_fp","passYds_fp","passTds_fp","passInt_fp","rushAtt_fp","rushYds_fp","rushTds_fp","rec_fp","recYds_fp","recTds_fp","returnTds_fp","twoPts_fp","fumbles_fp"
"PEYTONMANNING","QB","Peyton Manning","DEN",1,1,363.4,640.3,434.5,5270.7,45.7,12,22.5,-2.6,0,NA,NA,NA,NA,NA,3
"AARONRODGERS","QB","Aaron Rodgers","GB",2,2,345.6,544.1,362.2,4563,37.4,8.1,49.6,216.6,2,NA,NA,NA,NA,NA,2
"DREWBREES","QB","Drew Brees","NO",3,3,336,640,427,5052.5,39.2,14,27.5,50.9,0.5,NA,NA,NA,NA,NA,1.5
"MATTHEWSTAFFORD","QB","Matthew Stafford","DET",4,4,305.8,641.4,393.2,4810,34.1,16.7,31.5,81.9,1.2,NA,NA,NA,NA,NA,2.5
"ANDREWLUCK","QB","Andrew Luck","IND",5,5,302.4,585.6,361.9,4277.2,26.8,10.7,61.3,316.7,3.3,NA,NA,NA,NA,NA,3
"NICKFOLES","QB","Nick Foles","PHI",6,6,298.4,537.1,346.3,4330.3,29.3,12.2,63.4,240.2,2.4,NA,NA,NA,NA,NA,3
"COLINKAEPERNICK","QB","Colin Kaepernick","SF",7,7,293,473.3,281.1,3709.5,24.6,11.6,89.6,488.4,4.1,NA,NA,NA,NA,NA,2
"MATTRYAN","QB","Matt Ryan","ATL",8,8,289.9,635.8,421.2,4700.3,30.1,13.2,26,71.1,0.8,NA,NA,NA,NA,NA,2
"TOMBRADY","QB","Tom Brady","NE",9,9,285.8,632.7,398.3,4572.2,30.9,12,26,27.5,1.1,NA,NA,NA,NA,NA,3
"CAMNEWTON","QB","Cam Newton","CAR",10,10,282,480.2,288.9,3542.1,21.4,14.4,103,546.8,5.8,NA,NA,NA,NA,NA,3
"ROBERTGRIFFIN","QB","Robert Griffin III","WAS",11,11,281.5,461.4,284.5,3613.8,23.3,11.4,88.9,493.4,3.7,NA,NA,NA,NA,NA,2.5
"TONYROMO","QB","Tony Romo","DAL",12,12,281.2,626.5,401,4534,31.5,15.1,23.8,41.9,0.8,NA,NA,NA,NA,NA,2.5
"RUSSELLWILSON","QB","Russell Wilson","SEA",13,13,278.3,442.8,277.5,3557.8,25.5,10.4,90.2,457.9,2.5,NA,NA,NA,NA,NA,3
"JAYCUTLER","QB","Jay Cutler","CHI",14,14,272.4,547.9,342.8,4067.6,30.1,14.3,31.9,160.7,1.3,NA,NA,NA,NA,NA,3
"PHILIPRIVERS","QB","Philip Rivers","SD",15,15,266.3,558.7,371.6,4470.1,29.1,13.6,27.7,52.7,0,NA,NA,NA,NA,NA,3.5
"BENROETHLISBERGER","QB","Ben Roethlisberger","PIT",16,16,265.2,583.5,371,4267.8,28.4,13.6,28,90.5,1,NA,NA,NA,NA,NA,3.5
"JAMAALCHARLES","RB","Jamaal Charles","KC",1,17,263,NA,NA,NA,NA,NA,252.2,1255.2,9.6,67.3,599.1,4,NA,NA,2
"LESEANMCCOY","RB","LeSean McCoy","PHI",2,18,255.2,NA,NA,NA,NA,NA,289.5,1450.9,10.1,43.3,384.9,2.5,NA,NA,2
"ANDYDALTON","QB","Andy Dalton","CIN",17,19,251.3,535.9,331.8,3811.5,27.8,15.1,51.7,148.4,1.5,NA,NA,NA,NA,NA,3
"RYANTANNEHILL","QB","Ryan Tannehill","MIA",18,20,244.7,576.7,348.9,4030.2,23.1,16.5,48.5,233.1,1.3,NA,NA,NA,NA,NA,3.5
"CARSONPALMER","QB","Carson Palmer","ARI",19,21,244.1,568.3,354.8,4345.1,28.4,18.8,19.1,12.8,0,NA,NA,NA,NA,NA,3.5
"ALEXSMITH","QB","Alex Smith","KC",20,22,243.4,530.1,319.9,3535.6,23.3,11.7,65.9,313.9,1.3,NA,NA,NA,NA,NA,3.5
"MATTFORTE","RB","Matt Forte","CHI",3,23,241.7,NA,NA,NA,NA,NA,274.4,1271.8,7.8,66.7,543.4,2.9,NA,NA,2
"ADRIANPETERSON","RB","Adrian Peterson","MIN",4,24,237.1,NA,NA,NA,NA,NA,296,1378.7,11.1,42.9,286.1,1.5,NA,NA,2.5
"CALVINJOHNSON","WR","Calvin Johnson","DET",1,25,229.7,NA,NA,NA,NA,NA,0,0,0,93.8,1578.6,12.3,NA,NA,1
"JOEFLACCO","QB","Joe Flacco","BAL",21,26,226.9,562.6,339.9,3977.9,24.1,17,32.8,81.5,0.7,NA,NA,NA,NA,NA,3.5
"ELIMANNING","QB","Eli Manning","NYG",22,27,225.4,539.1,333.7,3955.5,25.2,16.1,21.8,25.8,0,NA,NA,NA,NA,NA,2
"DEMARYIUSTHOMAS","WR","Demaryius Thomas","DEN",2,28,219.4,NA,NA,NA,NA,NA,0,0,0,94.8,1441.6,12.7,NA,NA,0.5
"EDDIELACY","RB","Eddie Lacy","GB",5,29,218.1,NA,NA,NA,NA,NA,277,1251,10.3,38.4,271.8,1,NA,NA,1
"JOSHMCCOWN","QB","Josh McCown","TB",23,30,209.8,450.7,271.5,3341.6,22.6,13.5,27.4,108.9,1.3,NA,NA,NA,NA,NA,3
"MONTEEBALL","RB","Montee Ball","DEN",6,31,207.7,NA,NA,NA,NA,NA,247.5,1124.1,9.8,45.2,325,1.5,NA,NA,2.5
"DEMARCOMURRAY","RB","DeMarco Murray","DAL",7,32,207.2,NA,NA,NA,NA,NA,231,1131.6,8.6,54.6,404.6,1,NA,NA,2
"JAKELOCKER","QB","Jake Locker","TEN",24,33,205.3,415.9,250.6,2959.5,17.9,11,47.1,281.5,2.2,NA,NA,NA,NA,NA,2
"MARSHAWNLYNCH","RB","Marshawn Lynch","SEA",8,34,202.6,NA,NA,NA,NA,NA,276.4,1209.6,9.8,26.8,208.5,1,NA,NA,2
"DEZBRYANT","WR","Dez Bryant","DAL",3,35,200.9,NA,NA,NA,NA,NA,0.5,4,0,96,1323,11.7,NA,NA,1
"JULIOJONES","WR","Julio Jones","ATL",3,35,200.9,NA,NA,NA,NA,NA,4,35.5,0,92.3,1377.7,10.1,NA,NA,0.5
"GIOVANIBERNARD","RB","Giovani Bernard","CIN",9,37,200.8,NA,NA,NA,NA,NA,230.4,1076.9,5.4,58.1,501.2,2.6,NA,NA,2.5
"DOUGMARTIN","RB","Doug Martin","TB",10,38,198.6,NA,NA,NA,NA,NA,275.7,1188.9,7.5,40.8,297.3,1.5,NA,NA,2
"EJMANUEL","QB","E.J. Manuel","BUF",25,39,196.4,454.2,268.1,2992.9,17,13.9,82.4,320.9,1.9,NA,NA,NA,NA,NA,3.5
"JIMMYGRAHAM","TE","Jimmy Graham","NO",1,40,195.4,NA,NA,NA,NA,NA,NA,NA,NA,87.7,1180.3,12.9,NA,NA,0
"LEVEONBELL","RB","Le'Veon Bell","PIT",11,41,194.6,NA,NA,NA,NA,NA,261.8,1096,7.2,47.3,365.8,1.2,NA,NA,1
"AJGREEN","WR","A.J. Green","CIN",5,42,194.5,NA,NA,NA,NA,NA,0,0,0,91.2,1315.2,10.5,NA,NA,0
"GENOSMITH","QB","Geno Smith","NYJ",26,43,193.8,435.6,260.2,2903.7,17.3,13.7,50,250.6,2.8,NA,NA,NA,NA,NA,3
"ZACSTACY","RB","Zac Stacy","STL",12,44,191.4,NA,NA,NA,NA,NA,285,1185.6,8.9,29.7,186.4,0.8,NA,NA,2
"BRANDONMARSHALL","WR","Brandon Marshall","CHI",6,45,189.7,NA,NA,NA,NA,NA,0,0,0,100.5,1255.1,10.7,NA,NA,0
"ALFREDMORRIS","RB","Alfred Morris","WAS",13,46,188.9,NA,NA,NA,NA,NA,266.9,1279.4,9.3,13.2,101.6,0,NA,NA,2.5
"ARIANFOSTER","RB","Arian Foster","HOU",14,47,188.1,NA,NA,NA,NA,NA,251.4,1100.5,6.3,43.8,346.3,1.6,NA,NA,2
"JOHNNYMANZIEL","QB","Johnny Manziel","CLE",27,48,187.4,364.9,215.7,2561.3,14.3,12.7,75.1,371.3,3.5,NA,NA,NA,NA,NA,2.5
"JORDYNELSON","WR","Jordy Nelson","GB",7,49,186.3,NA,NA,NA,NA,NA,0,0,0,80,1254.6,10.3,NA,NA,0.5
"ALSHONJEFFERY","WR","Alshon Jeffery","CHI",8,50,184.8,NA,NA,NA,NA,NA,12.5,81,0.5,82.3,1276.5,8,NA,NA,1
"ANTONIOBROWN","WR","Antonio Brown","PIT",9,51,184.7,NA,NA,NA,NA,NA,6.5,40.5,0,103.5,1366.4,7.5,NA,NA,0.5
"ANDREELLINGTON","RB","Andre Ellington","ARI",15,52,180.7,NA,NA,NA,NA,NA,195.2,973.6,4.3,53.9,473.4,2.2,NA,NA,1.5
"TOBYGERHART","RB","Toby Gerhart","JAC",16,53,179.3,NA,NA,NA,NA,NA,269.7,1094.1,6.7,36.8,266.8,1,NA,NA,1.5
"RANDALLCOBB","WR","Randall Cobb","GB",10,54,173.4,NA,NA,NA,NA,NA,8.5,94.5,0,86.5,1179.1,8,NA,NA,1
"SHAUNHILL","QB","Shaun Hill","STL",28,55,171.3,409.6,245.8,2960.8,17.1,14.6,28.2,88.5,1.3,NA,NA,NA,NA,NA,1.5
"RYANMATHEWS","RB","Ryan Mathews","SD",17,56,168.8,NA,NA,NA,NA,NA,256.4,1120,6.6,22.4,165.8,0.6,NA,NA,1.5
"JOIQUEBELL","RB","Joique Bell","DET",18,57,168,NA,NA,NA,NA,NA,203.1,882.8,6.9,43,361.3,1.2,NA,NA,2.5
"RYANFITZPATRICK","QB","Ryan Fitzpatrick","HOU",29,58,167.4,426.7,259.9,2881.7,16.7,14.7,32.3,155.6,0.7,NA,NA,NA,NA,NA,2.5
"VINCENTJACKSON","WR","Vincent Jackson","TB",11,59,166.5,NA,NA,NA,NA,NA,0.5,6,0,72.9,1190.7,7.8,NA,NA,0
"FRANKGORE","RB","Frank Gore","SF",19,60,165.2,NA,NA,NA,NA,NA,243.7,1071.5,7.7,16.9,138.3,0,NA,NA,1
"REGGIEBUSH","RB","Reggie Bush","DET",20,61,164.6,NA,NA,NA,NA,NA,185.5,863.5,3.9,48.4,430,2.8,NA,NA,2.5
"RASHADJENNINGS","RB","Rashad Jennings","NYG",21,62,162.5,NA,NA,NA,NA,NA,216.4,948,6.3,38.2,288.8,1,NA,NA,2.5
"LARRYFITZGERALD","WR","Larry Fitzgerald","ARI",12,63,162.3,NA,NA,NA,NA,NA,1,5.5,0,85,1077.8,9,NA,NA,0
"RAYRICE","RB","Ray Rice","BAL",22,64,162.2,NA,NA,NA,NA,NA,197.3,869.6,5.7,46.1,360,1.5,NA,NA,2
"MATTSCHAUB","QB","Matt Schaub","OAK",30,65,162,464.3,275,3073.8,17.3,14.2,35.8,32.1,0,NA,NA,NA,NA,NA,2.5
"ANDREJOHNSON","WR","Andre Johnson","HOU",13,66,161.4,NA,NA,NA,NA,NA,0,0,0,92.6,1260.1,5.9,NA,NA,0
"SHANEVEREEN","RB","Shane Vereen","NE",23,67,160.9,NA,NA,NA,NA,NA,132,593.8,2.6,66.1,605.2,4.4,NA,NA,0.5
"CJSPILLER","RB","C.J. Spiller","BUF",24,68,160.4,NA,NA,NA,NA,NA,207.1,1019.9,4.9,36.2,274.3,1.1,NA,NA,2.5
"MICHAELCRABTREE","WR","Michael Crabtree","SF",14,69,159.9,NA,NA,NA,NA,NA,0.5,6,0,80.9,1150.5,7.7,NA,NA,1
"CHRISJOHNSON","RB","Chris Johnson","NYJ",25,70,158.8,NA,NA,NA,NA,NA,230.1,956.1,5.1,38,291.4,1.4,NA,NA,2.5
"JULIUSTHOMAS","TE","Julius Thomas","DEN",2,71,158.2,NA,NA,NA,NA,NA,NA,NA,NA,76.2,937.8,10.9,NA,NA,0.5
"BISHOPSANKEY","RB","Bishop Sankey","TEN",26,72,156.9,NA,NA,NA,NA,NA,221.9,965.7,5.7,31.4,241.1,1,NA,NA,2
"BENTATE","RB","Ben Tate","CLE",27,73,155.5,NA,NA,NA,NA,NA,229.4,1005.4,6.6,29.1,201.3,0.2,NA,NA,3
"KEENANALLEN","WR","Keenan Allen","SD",15,73,155.5,NA,NA,NA,NA,NA,0,0,0,74.9,1077.4,8.3,NA,NA,1
"CORDARRELLEPATTERSON","WR","Cordarrelle Patterson","MIN",16,75,152.7,NA,NA,NA,NA,NA,13.5,115.5,1,71.2,949.8,6.7,NA,NA,0
"RODDYWHITE","WR","Roddy White","ATL",17,76,152.1,NA,NA,NA,NA,NA,0,0,0,85.6,1092.7,7.3,NA,NA,0.5
"TRENTRICHARDSON","RB","Trent Richardson","IND",28,76,152.1,NA,NA,NA,NA,NA,227.9,866.2,5.7,40.5,312.4,1,NA,NA,3
"MICHAELFLOYD","WR","Michael Floyd","ARI",18,78,151.1,NA,NA,NA,NA,NA,0,0,0,76.8,1115.4,6.6,NA,NA,0
"VICTORCRUZ","WR","Victor Cruz","NYG",19,79,151,NA,NA,NA,NA,NA,0,0,0,82.7,1099.8,7,NA,NA,0.5
"PIERREGARCON","WR","Pierre Garcon","WAS",20,80,149.7,NA,NA,NA,NA,NA,1,9.5,0,84.8,1139.5,5.8,NA,NA,0
"ROBGRONKOWSKI","TE","Rob Gronkowski","NE",3,81,149.5,NA,NA,NA,NA,NA,NA,NA,NA,68.6,924.5,9.5,NA,NA,0
"STEVANRIDLEY","RB","Stevan Ridley","NE",29,82,148.7,NA,NA,NA,NA,NA,227.6,993.7,8,7.9,53.1,0,NA,NA,2
"STEPHENGOSTKOWSKI","K","Stephen Gostkowski","NE",1,83,148.1,NA,NA,NA,NA,NA,NA,NA,NA,NA,NA,NA,NA,NA,NA
"EMMANUELSANDERS","WR","Emmanuel Sanders","DEN",21,84,146.6,NA,NA,NA,NA,NA,0.5,9.5,0,73.9,1018.9,7.3,NA,NA,0
"PERCYHARVIN","WR","Percy Harvin","SEA",22,85,143.7,NA,NA,NA,NA,NA,20.5,113,1,74.7,908.4,6.1,NA,NA,0.5
"TORREYSMITH","WR","Torrey Smith","BAL",22,85,143.7,NA,NA,NA,NA,NA,2,16.5,0,65.8,1070.2,6,NA,NA,0.5
"DESEANJACKSON","WR","DeSean Jackson","WAS",24,87,141,NA,NA,NA,NA,NA,3.5,24,0,59.7,969.9,7.1,NA,NA,0.5
"PHILDAWSON","K","Phil Dawson","SF",2,88,138.3,NA,NA,NA,NA,NA,NA,NA,NA,NA,NA,NA,NA,NA,NA
"MARQUESCOLSTON","WR","Marques Colston","NO",25,89,137.9,NA,NA,NA,NA,NA,0,0,0,76.1,989.1,6.5,NA,NA,0
"JULIANEDELMAN","WR","Julian Edelman","NE",26,90,135.9,NA,NA,NA,NA,NA,2,17,0,85.2,970.2,6.2,NA,NA,0
"MAURICEJONESDREW","RB","Maurice Jones-Drew","OAK",30,91,135.8,NA,NA,NA,NA,NA,199.7,790.1,4.9,34.2,252.2,0.7,NA,NA,1
"TYHILTON","WR","Ty Hilton","IND",27,92,135.4,NA,NA,NA,NA,NA,4.5,29.5,0,69.3,986.6,5.8,NA,NA,0.5
"GOLDENTATE","WR","Golden Tate","DET",28,93,135.2,NA,NA,NA,NA,NA,3,25,0,70.7,974.5,6.2,NA,NA,1
"PIERRETHOMAS","RB","Pierre Thomas","NO",31,93,135.2,NA,NA,NA,NA,NA,138,562.4,2.7,64.7,449.5,3.3,NA,NA,1
"MIKEWALLACE","WR","Mike Wallace","MIA",29,95,134.5,NA,NA,NA,NA,NA,4.5,38.5,0,71.6,986.3,5.5,NA,NA,0.5
"JUSTINTUCKER","K","Justin Tucker","BAL",3,96,134.3,NA,NA,NA,NA,NA,NA,NA,NA,NA,NA,NA,NA,NA,NA
"MASONCROSBY","K","Mason Crosby","GB",4,97,134,NA,NA,NA,NA,NA,NA,NA,NA,NA,NA,NA,NA,NA,NA
"STEVENHAUSCHKA","K","Steven Hauschka","SEA",5,98,133.9,NA,NA,NA,NA,NA,NA,NA,NA,NA,NA,NA,NA,NA,NA
"FREDJACKSON","RB","Fred Jackson","BUF",32,99,133.5,NA,NA,NA,NA,NA,162.9,690.4,5.4,37.5,308.5,0.7,NA,NA,1.5
"JEREMYMACLIN","WR","Jeremy Maclin","PHI",30,100,133.1,NA,NA,NA,NA,NA,0,0,0,69.4,956.9,6.4,NA,NA,0.5
"ADAMVINATIERI","K","Adam Vinatieri","IND",6,101,132.8,NA,NA,NA,NA,NA,NA,NA,NA,NA,NA,NA,NA,NA,NA
"KENDALLWRIGHT","WR","Kendall Wright","TEN",31,102,132.6,NA,NA,NA,NA,NA,0.5,4,0,87.9,1053.6,4.8,NA,NA,1
"VERNONDAVIS","TE","Vernon Davis","SF",4,103,131.3,NA,NA,NA,NA,NA,NA,NA,NA,57.7,771,9.2,NA,NA,0.5
"DANBAILEY","K","Dan Bailey","DAL",7,104,130.4,NA,NA,NA,NA,NA,NA,NA,NA,NA,NA,NA,NA,NA,NA
"SHAYNEGRAHAM","K","Shayne Graham","NO",7,104,130.4,NA,NA,NA,NA,NA,NA,NA,NA,NA,NA,NA,NA,NA,NA
"STEVENJACKSON","RB","Steven Jackson","ATL",33,106,130.3,NA,NA,NA,NA,NA,181.6,735.6,5.5,29.5,196.9,1,NA,NA,1
"TERRANCEWILLIAMS","WR","Terrance Williams","DAL",32,107,129.8,NA,NA,NA,NA,NA,2,9.5,0,60.4,914,6.4,NA,NA,0.5
"NICKNOVAK","K","Nick Novak","SD",9,108,129,NA,NA,NA,NA,NA,NA,NA,NA,NA,NA,NA,NA,NA,NA
"MATTBRYANT","K","Matt Bryant","ATL",10,109,128.1,NA,NA,NA,NA,NA,NA,NA,NA,NA,NA,NA,NA,NA,NA
"KNOWSHONMORENO","RB","Knowshon Moreno","MIA",34,110,127.6,NA,NA,NA,NA,NA,162.7,676.4,4.5,34.4,271.8,1.3,NA,NA,1
"ERICDECKER","WR","Eric Decker","NYJ",33,111,125.9,NA,NA,NA,NA,NA,0,0,0,65.5,918.7,6,NA,NA,1
"CHADHENNE","QB","Chad Henne","JAC",31,112,125.4,368.7,213.5,2439.5,12,10.6,19.1,50.5,0,NA,NA,NA,NA,NA,2
"TEDDYBRIDGEWATER","QB","Teddy Bridgewater","MIN",32,113,124.6,257.6,157.9,1933.9,10.7,7.8,33.1,128.8,1.7,NA,NA,NA,NA,NA,1.5
"JASONWITTEN","TE","Jason Witten","DAL",5,114,124.1,NA,NA,NA,NA,NA,NA,NA,NA,76.7,850.9,6.5,NA,NA,0
"REGGIEWAYNE","WR","Reggie Wayne","IND",34,115,124,NA,NA,NA,NA,NA,0,0,0,74.1,939.7,5,NA,NA,0
"ROBBIEGOULD","K","Robbie Gould","CHI",11,116,123.1,NA,NA,NA,NA,NA,NA,NA,NA,NA,NA,NA,NA,NA,NA
"JORDANCAMERON","TE","Jordan Cameron","CLE",6,117,122.4,NA,NA,NA,NA,NA,NA,NA,NA,74.5,880,5.9,NA,NA,0.5
"DANNYWOODHEAD","RB","Danny Woodhead","SD",35,118,122.3,NA,NA,NA,NA,NA,84.3,349.6,1.5,65.1,563.6,4,NA,NA,1
"SAMMYWATKINS","WR","Sammy Watkins","BUF",35,119,121.5,NA,NA,NA,NA,NA,3.5,21,0,58.4,847.6,6.1,NA,NA,1
"DENNISPITTA","TE","Dennis Pitta","BAL",7,120,121.4,NA,NA,NA,NA,NA,NA,NA,NA,66.5,793.8,7,NA,NA,0
"DEANGELOWILLIAMS","RB","DeAngelo Williams","CAR",36,121,121,NA,NA,NA,NA,NA,179.7,753,3.6,24.8,211.1,1,NA,NA,1.5
"ALEXHENERY","K","Alex Henery","PHI",12,122,120.3,NA,NA,NA,NA,NA,NA,NA,NA,NA,NA,NA,NA,NA,NA
"TERRANCEWEST","RB","Terrance West","CLE",37,122,120.3,NA,NA,NA,NA,NA,164.2,710.4,5.1,21.2,168.6,0.3,NA,NA,0
"LAMARMILLER","RB","Lamar Miller","MIA",38,124,120.1,NA,NA,NA,NA,NA,161,720.8,4.6,26.3,206.1,0.3,NA,NA,1
"KELVINBENJAMIN","WR","Kelvin Benjamin","CAR",36,125,118.4,NA,NA,NA,NA,NA,0,0,0,57,831.7,6.2,NA,NA,1
"BLAIRWALSH","K","Blair Walsh","MIN",13,126,118.1,NA,NA,NA,NA,NA,NA,NA,NA,NA,NA,NA,NA,NA,NA
"SHAUNSUISHAM","K","Shaun Suisham","PIT",13,126,118.1,NA,NA,NA,NA,NA,NA,NA,NA,NA,NA,NA,NA,NA,NA
"JAYFEELY","K","Jay Feely","ARI",15,128,117,NA,NA,NA,NA,NA,NA,NA,NA,NA,NA,NA,NA,NA,NA
"WESWELKER","WR","Wes Welker","DEN",37,129,116.4,NA,NA,NA,NA,NA,0,0,0,65.8,807.9,6.1,NA,NA,0.5
"DANCARPENTER","K","Dan Carpenter","BUF",16,130,115.8,NA,NA,NA,NA,NA,NA,NA,NA,NA,NA,NA,NA,NA,NA
"NATEFREESE","K","Nate Freese","DET",17,131,115.5,NA,NA,NA,NA,NA,NA,NA,NA,NA,NA,NA,NA,NA,NA
"RUEBENRANDLE","WR","Rueben Randle","NYG",38,131,115.5,NA,NA,NA,NA,NA,0,0,0,57,803,6.2,NA,NA,1
"JORDANREED","TE","Jordan Reed","WAS",8,133,115.3,NA,NA,NA,NA,NA,NA,NA,NA,64.5,762.8,6.5,NA,NA,0
"RYANSUCCOP","K","Ryan Succop","KC",18,134,114.1,NA,NA,NA,NA,NA,NA,NA,NA,NA,NA,NA,NA,NA,NA
"GREGOLSEN","TE","Greg Olsen","CAR",9,135,112.8,NA,NA,NA,NA,NA,NA,NA,NA,70.5,807.6,5.5,NA,NA,0.5
"CALEBSTURGIS","K","Caleb Sturgis","MIA",19,136,112.5,NA,NA,NA,NA,NA,NA,NA,NA,NA,NA,NA,NA,NA,NA
"GREGZUERLEIN","K","Greg Zuerlein","STL",19,136,112.5,NA,NA,NA,NA,NA,NA,NA,NA,NA,NA,NA,NA,NA,NA
"KYLERUDOLPH","TE","Kyle Rudolph","MIN",10,138,112.1,NA,NA,NA,NA,NA,NA,NA,NA,63.3,700.7,7,NA,NA,0
"SEBASTIANJANIKOWSKI","K","Sebastian Janikowski","OAK",21,139,111.9,NA,NA,NA,NA,NA,NA,NA,NA,NA,NA,NA,NA,NA,NA
"GRAHAMGANO","K","Graham Gano","CAR",22,140,111.4,NA,NA,NA,NA,NA,NA,NA,NA,NA,NA,NA,NA,NA,NA
"NICKFOLK","K","Nick Folk","NYJ",23,141,111.1,NA,NA,NA,NA,NA,NA,NA,NA,NA,NA,NA,NA,NA,NA
"BRANDINCOOKS","WR","Brandin Cooks","NO",39,142,111,NA,NA,NA,NA,NA,4.5,26,0,53.7,768,5.6,NA,NA,1
"BERNARDPIERCE","RB","Bernard Pierce","BAL",39,143,110.8,NA,NA,NA,NA,NA,161.7,671.2,4.7,20.2,136.5,0.3,NA,NA,0
"DWAYNEBOWE","WR","Dwayne Bowe","KC",40,144,110.5,NA,NA,NA,NA,NA,0,0,0,63.3,791.1,5.4,NA,NA,0.5
"MIKENUGENT","K","Mike Nugent","CIN",24,145,109.5,NA,NA,NA,NA,NA,NA,NA,NA,NA,NA,NA,NA,NA,NA
"JOSHBROWN","K","Josh Brown","NYG",25,146,109.4,NA,NA,NA,NA,NA,NA,NA,NA,NA,NA,NA,NA,NA,NA
"JUSTINHUNTER","WR","Justin Hunter","TEN",41,147,109,NA,NA,NA,NA,NA,0,0,0,47.9,777.8,5.2,NA,NA,0
"MIKEEVANS","WR","Mike Evans","TB",42,148,108.2,NA,NA,NA,NA,NA,0,0,0,50.9,754.1,5.8,NA,NA,1
"JEREMYHILL","RB","Jeremy Hill","CIN",40,149,107.8,NA,NA,NA,NA,NA,146.9,648.3,5.9,9.9,68.1,0.3,NA,NA,0.5
"RILEYCOOPER","WR","Riley Cooper","PHI",43,149,107.8,NA,NA,NA,NA,NA,0,0,0,51.6,779.5,5.3,NA,NA,1
"ANQUANBOLDIN","WR","Anquan Boldin","SF",44,151,107.7,NA,NA,NA,NA,NA,1,7,0,60.9,791.7,4.8,NA,NA,0.5
"CHANDLERCATANZARO","K","Chandler Catanzaro","ARI",26,152,107,NA,NA,NA,NA,NA,NA,NA,NA,NA,NA,NA,NA,NA,NA
"ZACHERTZ","TE","Zach Ertz","PHI",11,153,105.7,NA,NA,NA,NA,NA,NA,NA,NA,57.4,712.8,5.9,NA,NA,0.5
"CONNORBARTH","K","Connor Barth","TB",27,154,105.5,NA,NA,NA,NA,NA,NA,NA,NA,NA,NA,NA,NA,NA,NA
"DEANDREHOPKINS","WR","DeAndre Hopkins","HOU",45,155,105.4,NA,NA,NA,NA,NA,0,0,0,59,793.6,4.5,NA,NA,0.5
"ANDREWILLIAMS","RB","Andre Williams","NYG",41,156,104.7,NA,NA,NA,NA,NA,143,633.7,6,8,63.4,0,NA,NA,0.5
"JARRETTBOYKIN","WR","Jarrett Boykin","GB",46,157,104.5,NA,NA,NA,NA,NA,0,0,0,54.1,737.3,5.3,NA,NA,0.5
"MATTCASSEL","QB","Matt Cassel","MIN",33,158,104.3,249,149.8,1775.6,11.2,8.6,18.1,64.8,0.2,NA,NA,NA,NA,NA,1
"RANDYBULLOCK","K","Randy Bullock","HOU",28,159,104.1,NA,NA,NA,NA,NA,NA,NA,NA,NA,NA,NA,NA,NA,NA
"CECILSHORTS","WR","Cecil Shorts","JAC",47,160,103.6,NA,NA,NA,NA,NA,0,0,0,57.9,789.6,4.1,NA,NA,0
"DARRENSPROLES","RB","Darren Sproles","PHI",42,161,103.2,NA,NA,NA,NA,NA,58.8,253.9,1.3,65.9,541.8,2.8,NA,NA,0.5
"BRIANHARTLINE","WR","Brian Hartline","MIA",48,162,102.5,NA,NA,NA,NA,NA,0,0,0,67.6,906.8,2.3,NA,NA,1
"JOSHSCOBEE","K","Josh Scobee","JAC",29,163,101.9,NA,NA,NA,NA,NA,NA,NA,NA,NA,NA,NA,NA,NA,NA
"DEVONTAFREEMAN","RB","Devonta Freeman","ATL",43,164,101.8,NA,NA,NA,NA,NA,105.2,508.4,3.1,34.3,277.5,1.1,NA,NA,1
"MATTPRATER","K","Matt Prater","DEN",30,165,101.6,NA,NA,NA,NA,NA,NA,NA,NA,NA,NA,NA,NA,NA,NA
"MARTELLUSBENNETT","TE","Martellus Bennett","CHI",12,166,101.3,NA,NA,NA,NA,NA,NA,NA,NA,62.5,722.9,5,NA,NA,0.5
"CARLOSHYDE","RB","Carlos Hyde","SF",44,167,101.1,NA,NA,NA,NA,NA,142.7,630.5,4.8,13.1,94.4,0.3,NA,NA,1
"HAKEEMNICKS","WR","Hakeem Nicks","IND",49,168,100.4,NA,NA,NA,NA,NA,0,0,0,46.7,720,4.9,NA,NA,0.5
"BILLYCUNDIFF","K","Billy Cundiff","CLE",31,169,100.1,NA,NA,NA,NA,NA,NA,NA,NA,NA,NA,NA,NA,NA,NA
"DOUGBALDWIN","WR","Doug Baldwin","SEA",50,170,99.8,NA,NA,NA,NA,NA,1,7,0,54.5,742.9,4.3,NA,NA,0.5
"KAIFORBATH","K","Kai Forbath","WAS",32,171,99.1,NA,NA,NA,NA,NA,NA,NA,NA,NA,NA,NA,NA,NA,NA
"KENNYSTILLS","WR","Kenny Stills","NO",51,172,98.3,NA,NA,NA,NA,NA,1.5,12,0,40.7,663,5.3,NA,NA,0.5
"HARRYDOUGLAS","WR","Harry Douglas","ATL",52,173,97.5,NA,NA,NA,NA,NA,0,0,0,63.9,786.8,3.3,NA,NA,0.5
"MARKINGRAM","RB","Mark Ingram","NO",45,174,96.9,NA,NA,NA,NA,NA,144.2,619,4.7,13.3,88.1,0,NA,NA,1
"KHIRYROBINSON","RB","Khiry Robinson","NO",46,175,96.7,NA,NA,NA,NA,NA,126.6,572.6,4.8,11.6,88.4,0.3,NA,NA,0
"HEATHMILLER","TE","Heath Miller","PIT",13,176,96.2,NA,NA,NA,NA,NA,NA,NA,NA,61.6,682.2,5,NA,NA,1
"LADARIUSGREEN","TE","Ladarius Green","SD",14,177,96.1,NA,NA,NA,NA,NA,NA,NA,NA,45.9,655.4,5.1,NA,NA,0
"ANTONIOGATES","TE","Antonio Gates","SD",15,178,95.9,NA,NA,NA,NA,NA,NA,NA,NA,60.7,680.7,4.8,NA,NA,0.5
"MAIKONBONANI","K","Maikon Bonani","TEN",33,178,95.9,NA,NA,NA,NA,NA,NA,NA,NA,NA,NA,NA,NA,NA,NA
"SHONNGREENE","RB","Shonn Greene","TEN",47,180,95.3,NA,NA,NA,NA,NA,140.6,579.7,5.3,10.4,74.9,0,NA,NA,1
"GREGJENNINGS","WR","Greg Jennings","MIN",53,181,94.9,NA,NA,NA,NA,NA,0,0,0,57.8,700.6,4.3,NA,NA,0.5
"JAMESJONES","WR","James Jones","OAK",53,181,94.9,NA,NA,NA,NA,NA,0,0,0,53.7,684.9,4.4,NA,NA,0
"STEVESMITH","WR","Steve Smith","BAL",55,183,94.7,NA,NA,NA,NA,NA,0,0,0,54.4,694.9,4.2,NA,NA,0
"CHRISIVORY","RB","Christopher Ivory","NYJ",48,184,94.4,NA,NA,NA,NA,NA,149.5,666.6,4.8,3.4,19.2,0,NA,NA,1.5
"CHARLESCLAY","TE","Charles Clay","MIA",16,185,93.7,NA,NA,NA,NA,NA,NA,NA,NA,56.1,656.7,5,NA,NA,1
"MARKUSWHEATON","WR","Markus Wheaton","PIT",56,186,93.6,NA,NA,NA,NA,NA,1,8.5,0,49.4,685.5,4.2,NA,NA,0.5
"DARRENMCFADDEN","RB","Darren McFadden","OAK",49,187,92.9,NA,NA,NA,NA,NA,124.5,515.6,3.9,25.7,183.8,0.6,NA,NA,2
"RODSTREATER","WR","Rod Streater","OAK",57,188,92.1,NA,NA,NA,NA,NA,1,8.5,0,51.4,686,4.1,NA,NA,1
"TAVONAUSTIN","WR","Tavon Austin","STL",57,188,92.1,NA,NA,NA,NA,NA,12.5,130,1,45.7,593.1,2.8,NA,NA,1.5
"JORDANMATTHEWS","WR","Jordan Matthews","PHI",59,190,91,NA,NA,NA,NA,NA,0,0,0,44.5,667.5,4.2,NA,NA,0.5
"DELANIEWALKER","TE","Delanie Walker","TEN",17,191,90.8,NA,NA,NA,NA,NA,NA,NA,NA,58,610.1,5.3,NA,NA,1
"MARQISELEE","WR","Marqise Lee","JAC",60,192,88.6,NA,NA,NA,NA,NA,1,8.5,0,45.3,639.2,4.3,NA,NA,1
"LEGARRETTEBLOUNT","RB","LeGarrette Blount","PIT",50,193,88,NA,NA,NA,NA,NA,128.2,544.4,4.9,9.7,71.6,0,NA,NA,1.5
"CHRISTINEMICHAEL","RB","Christine Michael","SEA",51,194,87.4,NA,NA,NA,NA,NA,120.7,580.2,3.5,10.6,86,0.3,NA,NA,1
"ANDREWHAWKINS","WR","Andrew Hawkins","CLE",61,195,86.2,NA,NA,NA,NA,NA,5.5,35,0,55,628.8,3.3,NA,NA,0
"DANNYAMENDOLA","WR","Danny Amendola","NE",62,196,86,NA,NA,NA,NA,NA,0,0,0,56.8,666.3,3.4,NA,NA,0.5
"KENNYBRITT","WR","Kenny Britt","STL",63,197,85.7,NA,NA,NA,NA,NA,0,0,0,44.4,617,4,NA,NA,0
"DWAYNEALLEN","TE","Dwayne Allen","IND",18,198,85.4,NA,NA,NA,NA,NA,NA,NA,NA,46.5,559.7,4.9,NA,NA,0
"MARVINJONES","WR","Marvin Jones","CIN",64,198,85.4,NA,NA,NA,NA,NA,5.5,46,0,41,563.7,4.4,NA,NA,1
"DEXTERMCCLUSTER","RB","Dexter McCluster","TEN",52,200,83.4,NA,NA,NA,NA,NA,52.55,223.8,0.9,51.65,451.15,2,NA,NA,0.75
"BLAKEBORTLES","QB","Blake Bortles","JAC",34,201,83.2,192,114.9,1320.7,8.2,6.3,20.5,75.7,1.1,NA,NA,NA,NA,NA,2
"JERRICHOCOTCHERY","WR","Jerricho Cotchery","CAR",65,202,82.7,NA,NA,NA,NA,NA,0,0,0,48.7,628.7,3.8,NA,NA,1.5
"ROBERTWOODS","WR","Robert Woods","BUF",66,203,82.5,NA,NA,NA,NA,NA,2,16,0,47.5,609,3.5,NA,NA,0.5
"ODELLBECKHAM","WR","Odell Beckham Jr.","NYG",67,204,82.2,NA,NA,NA,NA,NA,3,18,0,39.4,585.6,3.8,NA,NA,0.5
"ERICEBRON","TE","Eric Ebron","DET",19,205,81.8,NA,NA,NA,NA,NA,NA,NA,NA,41.3,536.3,4.7,NA,NA,0
"MALCOMFLOYD","WR","Malcom Floyd","SD",68,206,81.4,NA,NA,NA,NA,NA,0,0,0,40.5,584,4,NA,NA,0.5
"TRAVISKELCE","TE","Travis Kelce","KC",20,207,78.9,NA,NA,NA,NA,NA,NA,NA,NA,41,553,4.1,NA,NA,0.5
"JONATHANSTEWART","RB","Jonathan Stewart","CAR",53,208,78.8,NA,NA,NA,NA,NA,106.3,446.8,2.6,19.4,147,0.8,NA,NA,0.5
"MOHAMEDSANU","WR","Mohamed Sanu","CIN",69,209,78.3,NA,NA,NA,NA,NA,3,14.5,0,47.8,582.9,3.1,NA,NA,0
"RONNIEHILLMAN","RB","Ronnie Hillman","DEN",54,210,77.6,NA,NA,NA,NA,NA,92.4,398.8,3,21.4,169.6,0.8,NA,NA,1
"KENBRELLTHOMPKINS","WR","Kenbrell Thompkins","NE",70,211,77.3,NA,NA,NA,NA,NA,0,0,0,38.4,568.5,3.4,NA,NA,0
"MICHAELVICK","QB","Michael Vick","NYJ",35,212,76.8,146.6,86.6,999,6.1,4.5,29.5,166.5,1.3,NA,NA,NA,NA,NA,1.5
"DONNIEAVERY","WR","Donnie Avery","KC",71,213,76.2,NA,NA,NA,NA,NA,1.5,6,0,42.5,594.3,2.7,NA,NA,0
"JAREDCOOK","TE","Jared Cook","STL",21,214,76,NA,NA,NA,NA,NA,NA,NA,NA,46.7,552.1,3.8,NA,NA,1
"NATEWASHINGTON","WR","Nate Washington","TEN",72,214,76,NA,NA,NA,NA,NA,0,0,0,40.5,584.3,3.1,NA,NA,0.5
"MIKEWILLIAMS","WR","Mike Williams","BUF",73,216,75.2,NA,NA,NA,NA,NA,0,0,0,42.6,581.5,3,NA,NA,0.5
"MIKETOLBERT","RB","Mike Tolbert","CAR",55,217,74.6,NA,NA,NA,NA,NA,80,300.9,3.7,24.5,162.6,1,NA,NA,0
"KNILEDAVIS","RB","Knile Davis","KC",56,218,74.3,NA,NA,NA,NA,NA,97.2,449.9,2.9,13.4,111.5,0.3,NA,NA,0.5
"LANCEDUNBAR","RB","Lance Dunbar","DAL",56,218,74.3,NA,NA,NA,NA,NA,74.7,325.8,1.9,29.7,243.3,1,NA,NA,0
"JONATHANGRIMES","RB","Jonathan Grimes","HOU",58,220,73.6,NA,NA,NA,NA,NA,99.8,430.3,3.5,13.6,97.6,0.3,NA,NA,1
"JEREMYKERLEY","WR","Jeremy Kerley","NYJ",74,221,73.5,NA,NA,NA,NA,NA,2.5,9.5,0,44.9,577.6,2.8,NA,NA,1
"LANCEMOORE","WR","Lance Moore","PIT",75,222,72.5,NA,NA,NA,NA,NA,0,0,0,46.1,574.8,2.5,NA,NA,0
"TYLEREIFERT","TE","Tyler Eifert","CIN",22,223,71.9,NA,NA,NA,NA,NA,NA,NA,NA,41.7,508.7,3.5,NA,NA,0
"GARRETTGRAHAM","TE","Garrett Graham","HOU",23,224,71.7,NA,NA,NA,NA,NA,NA,NA,NA,44.4,488.8,3.8,NA,NA,0
"MARCEDESLEWIS","TE","Marcedes Lewis","JAC",24,225,71,NA,NA,NA,NA,NA,NA,NA,NA,41.1,469.6,4,NA,NA,0
"ANDREHOLMES","WR","Andre Holmes","OAK",76,226,70.6,NA,NA,NA,NA,NA,0,0,0,35.5,520.3,3.1,NA,NA,0
"AHMADBRADSHAW","RB","Ahmad Bradshaw","IND",59,227,70.2,NA,NA,NA,NA,NA,97.5,411.5,2.8,17.5,134.3,0.3,NA,NA,1.5
"JAMESSTARKS","RB","James Starks","GB",60,228,70.1,NA,NA,NA,NA,NA,98.5,435.9,3.1,12.4,99.4,0,NA,NA,1
"JOHNBROWN","WR","John Brown","ARI",77,229,69.9,NA,NA,NA,NA,NA,0,0,0,35.1,530.9,2.8,NA,NA,0
"MILESAUSTIN","WR","Miles Austin","CLE",78,230,69.8,NA,NA,NA,NA,NA,0,0,0,41.9,540.3,2.8,NA,NA,0.5
"COBYFLEENER","TE","Coby Fleener","IND",25,231,69.6,NA,NA,NA,NA,NA,NA,NA,NA,38.5,461.9,3.9,NA,NA,0
"SCOTTCHANDLER","TE","Scott Chandler","BUF",26,232,69.1,NA,NA,NA,NA,NA,NA,NA,NA,43.3,495.3,3.6,NA,NA,1
"AARONDOBSON","WR","Aaron Dobson","NE",79,233,68.8,NA,NA,NA,NA,NA,0,0,0,34.7,478,3.5,NA,NA,0
"ANDREROBERTS","WR","Andre Roberts","WAS",80,234,68.6,NA,NA,NA,NA,NA,1.5,8.5,0,43.8,513.2,2.9,NA,NA,0.5
"BENNYCUNNINGHAM","RB","Benny Cunningham","STL",61,235,68,NA,NA,NA,NA,NA,96.3,426.8,2.7,11.7,83.2,0.3,NA,NA,0.5
"MYCHALRIVERA","TE","Mychal Rivera","OAK",27,236,67.8,NA,NA,NA,NA,NA,NA,NA,NA,41.4,461.9,3.6,NA,NA,0
"STEVEJOHNSON","WR","Steve Johnson","SF",81,237,67.2,NA,NA,NA,NA,NA,0,0,0,41.2,529.9,2.7,NA,NA,1
"ROYHELU","RB","Roy Helu","WAS",62,238,67,NA,NA,NA,NA,NA,72.3,305.5,1,36.2,282.9,0.7,NA,NA,1
"BRIANQUICK","WR","Brian Quick","STL",82,239,65.6,NA,NA,NA,NA,NA,0,0,0,34,476.3,3,NA,NA,0
"JOSHGORDON","WR","Josh Gordon","CLE",82,239,65.6,NA,NA,NA,NA,NA,1,5.5,0,30.9,440.9,3.5,NA,NA,0
"DONALDBROWN","RB","Donald Brown","SD",63,241,65.5,NA,NA,NA,NA,NA,84.6,372.9,2,16.3,131.9,0.5,NA,NA,0
"DENARIUSMOORE","WR","Denarius Moore","OAK",84,242,63.2,NA,NA,NA,NA,NA,0,0,0,31.9,506,2.6,NA,NA,1.5
"JEROMESIMPSON","WR","Jerome Simpson","MIN",84,242,63.2,NA,NA,NA,NA,NA,0,0,0,36.3,513.5,2.3,NA,NA,1
"CHRISGIVENS","WR","Chris Givens","STL",86,244,62.2,NA,NA,NA,NA,NA,2,15.5,0,33.8,508.6,1.8,NA,NA,0.5
"MARCELREECE","RB","Marcel Reece","OAK",64,245,61.9,NA,NA,NA,NA,NA,43.3,196.7,1.6,31.5,284.3,0.7,NA,NA,0
"AUSTINSEFERIANJENKINS","TE","Austin Seferian-Jenkins","TB",28,246,61.4,NA,NA,NA,NA,NA,NA,NA,NA,31.6,379.8,3.9,NA,NA,0
"BRENTCELEK","TE","Brent Celek","PHI",29,247,61.3,NA,NA,NA,NA,NA,NA,NA,NA,34.8,424.9,3.3,NA,NA,0.5
"JACEAMARO","TE","Jace Amaro","NYJ",30,248,60.9,NA,NA,NA,NA,NA,NA,NA,NA,31.4,429.2,3,NA,NA,0
"JAMESWHITE","RB","James White","NE",65,249,59.4,NA,NA,NA,NA,NA,79.3,340,2.3,11.4,86.1,0.5,NA,NA,0
"PAULRICHARDSON","WR","Paul Richardson","SEA",87,250,59.2,NA,NA,NA,NA,NA,0,0,0,23,441.5,2.5,NA,NA,0
"CJANDERSON","RB","C.J. Anderson","DEN",66,251,58.7,NA,NA,NA,NA,NA,84.7,353.8,2.2,13.1,93,0.3,NA,NA,0.5
"BRANDONLAFELL","WR","Brandon LaFell","NE",88,252,58.6,NA,NA,NA,NA,NA,1,6,0,30.3,451.6,2.3,NA,NA,0.5
"ZACHMILLER","TE","Zach Miller","SEA",31,253,58.4,NA,NA,NA,NA,NA,NA,NA,NA,33.3,379.9,3.4,NA,NA,0
"JACQUIZZRODGERS","RB","Jacquizz Rodgers","ATL",67,254,57.7,NA,NA,NA,NA,NA,63.7,254.1,0.5,32.7,235.1,1.3,NA,NA,1
"BRIANHOYER","QB","Brian Hoyer","CLE",36,255,57.1,148.3,90.1,1005.9,7.5,6.7,12.6,32.5,0,NA,NA,NA,NA,NA,1.5
"EDDIEROYAL","WR","Eddie Royal","SD",89,256,56.3,NA,NA,NA,NA,NA,1.5,6.5,0,39.5,470,1.6,NA,NA,0.5
"RICHARDRODGERS","TE","Richard Rodgers","GB",32,257,55.9,NA,NA,NA,NA,NA,NA,NA,NA,27.7,354.7,3.4,NA,NA,0
"JERMAINEGRESHAM","TE","Jermaine Gresham","CIN",33,258,55.8,NA,NA,NA,NA,NA,NA,NA,NA,36.6,401.9,3.1,NA,NA,1.5
"ROBERTTURBIN","RB","Robert Turbin","SEA",68,259,55.7,NA,NA,NA,NA,NA,75.5,332.2,2.1,12.9,108.5,0,NA,NA,0.5
"BRANDONGIBSON","WR","Brandon Gibson","MIA",90,260,54.7,NA,NA,NA,NA,NA,0,0,0,35.8,426.9,2,NA,NA,0
"JERMAINEKEARSE","WR","Jermaine Kearse","SEA",90,260,54.7,NA,NA,NA,NA,NA,0,0,0,26.8,402.6,2.4,NA,NA,0
"STEPFANTAYLOR","RB","Stepfan Taylor","ARI",69,262,54.3,NA,NA,NA,NA,NA,80.7,319.8,2.6,11.8,87.5,0,NA,NA,1
"LATAVIUSMURRAY","RB","Latavius Murray","OAK",70,263,54,NA,NA,NA,NA,NA,67.6,292.8,2.5,10.8,82.4,0.3,NA,NA,0
"NATEBURLESON","WR","Nate Burleson","CLE",92,264,53.9,NA,NA,NA,NA,NA,1,5,0,31.5,384,2.5,NA,NA,0
"DAVANTEADAMS","WR","Davante Adams","GB",93,265,53.8,NA,NA,NA,NA,NA,0,0,0,26.3,395.7,2.7,NA,NA,1
"JERRELJERNIGAN","WR","Jerrel Jernigan","NYG",94,266,52.9,NA,NA,NA,NA,NA,1.5,13,0,25.9,365.8,2.5,NA,NA,0
"TEDGINN","WR","Ted Ginn Jr.","ARI",95,267,52.1,NA,NA,NA,NA,NA,4,24.5,0,23.8,358.3,2.3,NA,NA,0
"ALLENROBINSON","WR","Allen Robinson","JAC",96,268,51.6,NA,NA,NA,NA,NA,0,0,0,29,409.9,2.1,NA,NA,1
"COLEBEASLEY","WR","Cole Beasley","DAL",97,269,51.3,NA,NA,NA,NA,NA,0,0,0,36,386.6,2.1,NA,NA,0
"MARTAVISBRYANT","WR","Martavis Bryant","PIT",98,270,50.9,NA,NA,NA,NA,NA,0,0,0,23.9,365.1,2.4,NA,NA,0
"JARVISLANDRY","WR","Jarvis Landry","MIA",99,271,50.7,NA,NA,NA,NA,NA,0,0,0,28.9,372.8,2.4,NA,NA,0.5
"LEVINETOILOLO","TE","Levine Toilolo","ATL",34,271,50.7,NA,NA,NA,NA,NA,NA,NA,NA,26.9,326.9,3,NA,NA,0
"BILALPOWELL","RB","Bilal Powell","NYJ",71,273,50.5,NA,NA,NA,NA,NA,62.2,254,1.2,21.5,160.7,0.3,NA,NA,0
"JUNIORHEMINGWAY","WR","Junior Hemingway","KC",100,273,50.5,NA,NA,NA,NA,NA,0,0,0,27.8,362,2.4,NA,NA,0
"JASONAVANT","WR","Jason Avant","CAR",101,275,50.3,NA,NA,NA,NA,NA,0,0,0,32.8,387,2.1,NA,NA,0.5
"OWENDANIELS","TE","Owen Daniels","BAL",35,276,49.9,NA,NA,NA,NA,NA,NA,NA,NA,30.9,348.7,2.5,NA,NA,0
"GREGLITTLE","WR","Greg Little","OAK",102,277,49.8,NA,NA,NA,NA,NA,0,0,0,28.6,400.1,1.6,NA,NA,0
"JEFFTUEL","QB","Jeff Tuel","BUF",37,278,49.1,147,87.8,932.3,3.8,1.5,6,13.5,0,NA,NA,NA,NA,NA,0.8
"DENARDROBINSON","RB","Denard Robinson","JAC",72,279,48.9,NA,NA,NA,NA,NA,62.4,282.7,1.5,13.7,115.8,0.5,NA,NA,1.5
"MARQUESSWILSON","WR","Marquess Wilson","CHI",103,280,48.8,NA,NA,NA,NA,NA,0,0,0,25.3,360.5,2.1,NA,NA,0
"TREMASON","RB","Tre Mason","STL",73,280,48.8,NA,NA,NA,NA,NA,65.9,308.6,1.2,13.6,109.1,0.3,NA,NA,1
"JERICKMCKINNON","RB","Jerick McKinnon","MIN",74,282,48.6,NA,NA,NA,NA,NA,45.7,204.4,1.1,22.6,177.7,0.8,NA,NA,0.5
"MARLONBROWN","WR","Marlon Brown","BAL",104,283,47.9,NA,NA,NA,NA,NA,0,0,0,29,359.3,2,NA,NA,0
"JORDANTODMAN","RB","Jordan Todman","JAC",75,284,47.8,NA,NA,NA,NA,NA,66.3,274.4,1,18.1,144,0.5,NA,NA,1.5
"SANTONIOHOLMES","WR","Santonio Holmes",NA,105,285,46.7,NA,NA,NA,NA,NA,0,0,0,23.7,317.2,2.5,NA,NA,0
"CHRISPOLK","RB","Chris Polk","PHI",76,286,46.5,NA,NA,NA,NA,NA,61.3,278.6,2.1,9.5,70.2,0,NA,NA,0.5
"KADEEMCAREY","RB","Ka'Deem Carey","CHI",77,287,46.4,NA,NA,NA,NA,NA,54.1,237,1.5,14.8,116.7,0.5,NA,NA,0.5
"DEVINSTREET","WR","Devin Street","DAL",106,288,46.3,NA,NA,NA,NA,NA,0,0,0,23.5,342.5,2,NA,NA,0
"KEVINOGLETREE","WR","Kevin Ogletree","DET",107,289,46.2,NA,NA,NA,NA,NA,0,0,0,24,372,1.5,NA,NA,0
"TOMSAVAGE","QB","Tom Savage","HOU",38,289,46.2,143.3,82.9,955.5,5.6,6.8,9.8,19.9,0,NA,NA,NA,NA,NA,1.5
"CODYLATIMER","WR","Cody Latimer","DEN",108,291,45.6,NA,NA,NA,NA,NA,0,0,0,25.4,329.8,2.1,NA,NA,0
"JERMICHAELFINLEY","TE","Jermichael Finley",NA,36,291,45.6,NA,NA,NA,NA,NA,NA,NA,NA,23.9,291,2.8,NA,NA,0
"TRAVARISCADET","RB","Travaris Cadet","NO",78,291,45.6,NA,NA,NA,NA,NA,39.3,188.1,0.4,23.3,178,1.1,NA,NA,0
"BOBBYRAINEY","RB","Bobby Rainey","TB",79,294,44.6,NA,NA,NA,NA,NA,68.2,278.5,1.1,11.6,83.1,0.3,NA,NA,0
"BRANDONPETTIGREW","TE","Brandon Pettigrew","DET",37,295,44.3,NA,NA,NA,NA,NA,NA,NA,NA,28,283.1,3,NA,NA,1
"CASEKEENUM","QB","Case Keenum","HOU",39,295,44.3,112,65.5,748.5,4.5,4,12,43.5,0,NA,NA,NA,NA,NA,0
"ADRIENROBINSON","TE","Adrien Robinson","NYG",38,297,43.4,NA,NA,NA,NA,NA,NA,NA,NA,24.8,319.5,1.9,NA,NA,0
"JACOBYJONES","WR","Jacoby Jones","BAL",109,298,43.2,NA,NA,NA,NA,NA,0,0,0,25.1,335.9,1.6,NA,NA,0
"JOHNCARLSON","TE","John Carlson","ARI",39,299,43.1,NA,NA,NA,NA,NA,NA,NA,NA,28.2,293.1,2.3,NA,NA,0
"BRANDONBOLDEN","RB","Brandon Bolden","NE",80,300,42.1,NA,NA,NA,NA,NA,55.2,255.6,1.5,11.5,75.1,0,NA,NA,0
"CJFIEDOROWICZ","TE","C.J. Fiedorowicz","HOU",40,301,41.8,NA,NA,NA,NA,NA,NA,NA,NA,21.3,262.1,2.6,NA,NA,0
"DANIELTHOMAS","RB","Daniel Thomas","MIA",81,302,41.5,NA,NA,NA,NA,NA,63.6,246.6,1.8,10.5,72.9,0,NA,NA,0.5
"ANDRECALDWELL","WR","Andre Caldwell","DEN",110,303,40.9,NA,NA,NA,NA,NA,0,0,0,26.4,319.1,1.5,NA,NA,0
"JEFFCUMBERLAND","TE","Jeff Cumberland","NYJ",41,303,40.9,NA,NA,NA,NA,NA,NA,NA,NA,25.1,294.5,1.9,NA,NA,0
"DAVIDNELSON","WR","David Nelson","NYJ",111,305,40.8,NA,NA,NA,NA,NA,0,0,0,27.7,330.1,1.3,NA,NA,0
"ANTHONYFASANO","TE","Anthony Fasano","KC",42,306,40.6,NA,NA,NA,NA,NA,NA,NA,NA,25.1,256.2,2.5,NA,NA,0
"JOSEPHMORGAN","WR","Joseph Morgan","NO",112,306,40.6,NA,NA,NA,NA,NA,0,0,0,15.1,271,2.3,NA,NA,0
"DEREKCARR","QB","Derek Carr","OAK",40,308,40.5,126.8,77.7,848.8,4.5,4.8,8,21.7,0,NA,NA,NA,NA,NA,2
"BENJARVUSGREENELLIS","RB","BenJarvus Green-Ellis","CIN",82,309,40.2,NA,NA,NA,NA,NA,71.3,273,1.9,3.8,24.9,0,NA,NA,0.5
"ALLENHURNS","WR","Allen Hurns","JAC",113,310,40.1,NA,NA,NA,NA,NA,0,0,0,25,321.2,1.3,NA,NA,0
"BRYCEBROWN","RB","Bryce Brown","BUF",83,311,40,NA,NA,NA,NA,NA,66.7,295.7,1.5,6.1,44.4,0,NA,NA,1.5
"MIKEJAMES","RB","Mike James","TB",84,312,39.8,NA,NA,NA,NA,NA,59.3,262.1,1.3,9.8,67.4,0,NA,NA,0.5
"ANDREWQUARLESS","TE","Andrew Quarless","GB",43,313,39.4,NA,NA,NA,NA,NA,NA,NA,NA,23.7,268.1,2.1,NA,NA,0
"MIKEBROWN","WR","Mike Brown","JAC",114,314,39,NA,NA,NA,NA,NA,0,0,0,24,330,1,NA,NA,0
"BRANDONBOSTICK","TE","Brandon Bostick","GB",44,315,38.8,NA,NA,NA,NA,NA,NA,NA,NA,20.3,278.2,2,NA,NA,0.5
"DRIARCHER","RB","Dri Archer","PIT",85,316,38.5,NA,NA,NA,NA,NA,23.9,114.7,0.6,20,190.2,0.9,NA,NA,0.5
"EARLBENNETT","WR","Earl Bennett","CLE",115,317,38.2,NA,NA,NA,NA,NA,0,0,0,24.8,291.8,1.5,NA,NA,0
"STEPHENHILL","WR","Stephen Hill","NYJ",116,318,37.8,NA,NA,NA,NA,NA,0,0,0,20.5,282.1,1.6,NA,NA,0
"AJJENKINS","WR","A.J. Jenkins","KC",117,319,37.7,NA,NA,NA,NA,NA,1.5,3,0,21.2,284.1,1.5,NA,NA,0
"KIRKCOUSINS","QB","Kirk Cousins","WAS",41,320,37,103.6,60.6,674,3.7,2.5,3.7,12.4,0,NA,NA,NA,NA,NA,0.5
"RYANGRIFFIN","TE","Ryan Griffin","HOU",45,321,36.6,NA,NA,NA,NA,NA,NA,NA,NA,23.3,263.5,1.7,NA,NA,0
"SANTANAMOSS","WR","Santana Moss","WAS",118,321,36.6,NA,NA,NA,NA,NA,0,0,0,24.4,285.9,1.5,NA,NA,0.5
"DARRIUSHEYWARDBEY","WR","Darrius Heyward-Bey","PIT",119,323,36.2,NA,NA,NA,NA,NA,0,0,0,22,341.5,0.5,NA,NA,0.5
"MARQUISEGOODWIN","WR","Marquise Goodwin","BUF",120,324,36.1,NA,NA,NA,NA,NA,0,0,0,17.5,268.5,1.7,NA,NA,0.5
"ALFREDBLUE","RB","Alfred Blue","HOU",86,325,35.7,NA,NA,NA,NA,NA,52.3,229.3,1.3,6.7,49.3,0,NA,NA,0
"LANCEKENDRICKS","TE","Lance Kendricks","STL",46,325,35.7,NA,NA,NA,NA,NA,NA,NA,NA,22.7,243.2,1.9,NA,NA,0
"ACESANDERS","WR","Ace Sanders","JAC",121,327,35.6,NA,NA,NA,NA,NA,2,8,0,25.4,272.8,1.3,NA,NA,0
"BRANDONMYERS","TE","Brandon Myers","TB",47,327,35.6,NA,NA,NA,NA,NA,NA,NA,NA,22.5,241.9,1.9,NA,NA,0
"MATTASIATA","RB","Matt Asiata","MIN",87,327,35.6,NA,NA,NA,NA,NA,52.1,204.6,2,4.9,31.4,0,NA,NA,0
"LUKEWILLSON","TE","Luke Willson","SEA",48,330,35.1,NA,NA,NA,NA,NA,NA,NA,NA,18.1,236.5,1.9,NA,NA,0
"TIQUANUNDERWOOD","WR","Tiquan Underwood","CAR",122,331,34.8,NA,NA,NA,NA,NA,0,0,0,16.2,237.7,1.8,NA,NA,0
"ROBERTHERRON","WR","Robert Herron","TB",123,332,34.7,NA,NA,NA,NA,NA,0,0,0,19,286.5,1,NA,NA,0
"JONATHANDWYER","RB","Jonathan Dwyer","ARI",88,333,34.6,NA,NA,NA,NA,NA,63.7,258.7,0.9,5.9,43.1,0,NA,NA,0.5
"ROBERTMEACHEM","WR","Robert Meachem","NO",124,334,34.5,NA,NA,NA,NA,NA,0,0,0,13.5,255,1.5,NA,NA,0
"ANDREBROWN","RB","Andre Brown","HOU",89,335,34.2,NA,NA,NA,NA,NA,43,163,2,11,59,0,NA,NA,0
"LORENZOTALIAFERRO","RB","Lorenzo Taliaferro","BAL",89,335,34.2,NA,NA,NA,NA,NA,51.9,245.3,1,6,36.6,0,NA,NA,0
"ISAIAHCROWELL","RB","Isaiah Crowell","CLE",91,337,33.7,NA,NA,NA,NA,NA,53.4,239.1,0.6,9,59.9,0,NA,NA,0
"STEDMANBAILEY","WR","Stedman Bailey","STL",125,338,33.4,NA,NA,NA,NA,NA,0,0,0,21.5,304,0.5,NA,NA,0
"AUSTINDAVIS","QB","Austin Davis","STL",42,339,33.2,103.5,60.3,569.5,4.2,3.7,7.3,10.5,0,NA,NA,NA,NA,NA,0
"VINCENTBROWN","WR","Vincent Brown","SD",126,340,33.1,NA,NA,NA,NA,NA,0,0,0,21.6,270.5,1,NA,NA,0
"GAVINESCOBAR","TE","Gavin Escobar","DAL",49,341,33,NA,NA,NA,NA,NA,NA,NA,NA,17.8,221.5,1.8,NA,NA,0
"KESHAWNMARTIN","WR","Keshawn Martin","HOU",127,341,33,NA,NA,NA,NA,NA,0,0,0,19.9,270.3,1,NA,NA,0
"KRISDURHAM","WR","Kris Durham","DET",127,341,33,NA,NA,NA,NA,NA,0,0,0,20.3,258.1,1.2,NA,NA,0
"JALENSAUNDERS","WR","Jalen Saunders","NYJ",129,344,32.8,NA,NA,NA,NA,NA,0,0,0,18.5,237.5,1.5,NA,NA,0
"RYANBROYLES","WR","Ryan Broyles","DET",129,344,32.8,NA,NA,NA,NA,NA,0,0,0,20.6,260.6,1.1,NA,NA,0
"CHARLIEWHITEHURST","QB","Charlie Whitehurst","TEN",43,346,32.7,94.4,54.5,585.6,3.5,3.1,12.1,45.4,0,NA,NA,NA,NA,NA,1.5
"DREWDAVIS","WR","Drew Davis","ATL",131,347,32.6,NA,NA,NA,NA,NA,0,0,0,18.5,265.9,1,NA,NA,0
"LOUISMURPHY","WR","Louis Murphy","TB",132,348,32.4,NA,NA,NA,NA,NA,0,0,0,18.5,264,1,NA,NA,0
"MARCUSLATTIMORE","RB","Marcus Lattimore","SF",92,348,32.4,NA,NA,NA,NA,NA,44.5,201.8,1.7,3,20,0,NA,NA,0
"PEYTONHILLIS","RB","Peyton Hillis","NYG",93,350,32.2,NA,NA,NA,NA,NA,49.6,188.5,1.1,10.9,77,0,NA,NA,0.5
"TIMWRIGHT","TE","Tim Wright","TB",50,351,31.7,NA,NA,NA,NA,NA,NA,NA,NA,17.8,215.4,1.7,NA,NA,0
"BENJAMINWATSON","TE","Benjamin Watson","NO",51,352,31.3,NA,NA,NA,NA,NA,NA,NA,NA,19.6,215.4,1.6,NA,NA,0
"BRANDONLLOYD","WR","Brandon Lloyd","SF",133,353,31.2,NA,NA,NA,NA,NA,0,0,0,16.3,222.1,1.5,NA,NA,0
"KEVINNORWOOD","WR","Kevin Norwood","SEA",133,353,31.2,NA,NA,NA,NA,NA,0,0,0,17.5,252,1,NA,NA,0
"DAMIANWILLIAMS","WR","Damian Williams","MIA",135,355,30.8,NA,NA,NA,NA,NA,0,0,0,18.9,247.8,1,NA,NA,0
"JOSHHUFF","WR","Josh Huff","PHI",135,355,30.8,NA,NA,NA,NA,NA,0,0,0,15,247.5,1,NA,NA,0
"JUSTINBROWN","WR","Justin Brown","PIT",135,355,30.8,NA,NA,NA,NA,NA,0,0,0,16.5,218.3,1.5,NA,NA,0
"MIKEGLENNON","QB","Mike Glennon","TB",44,358,30.7,79.2,47.2,568,3.7,3.7,10,25.8,0,NA,NA,NA,NA,NA,1
"EDDICKSON","TE","Ed Dickson","CAR",52,359,30.6,NA,NA,NA,NA,NA,NA,NA,NA,21.8,233.5,1.2,NA,NA,0
"RONNIEBROWN","RB","Ronnie Brown",NA,94,360,30.4,NA,NA,NA,NA,NA,33,116,0,18,128,1,NA,NA,0
"ARRELIOUSBENN","WR","Arrelious Benn","PHI",138,361,30.3,NA,NA,NA,NA,NA,0,0,0,18,258,0.8,NA,NA,0
"ANTHONYDIXON","RB","Anthony Dixon","BUF",95,362,30.2,NA,NA,NA,NA,NA,31,135.5,2.5,2,16.5,0,NA,NA,0
"JARIUSWRIGHT","WR","Jarius Wright","MIN",139,363,30.1,NA,NA,NA,NA,NA,0,0,0,16.1,233.1,1.1,NA,NA,0
"DEANTHONYTHOMAS","RB","De'Anthony Thomas","KC",96,364,29.9,NA,NA,NA,NA,NA,18.3,79.2,0.6,18.8,142.1,0.7,NA,NA,0
"MARIOMANNINGHAM","WR","Mario Manningham","NYG",140,364,29.9,NA,NA,NA,NA,NA,0,0,0,17.5,239,1,NA,NA,0
"DEVIERPOSEY","WR","DeVier Posey","HOU",141,366,29.7,NA,NA,NA,NA,NA,0,0,0,20,243.4,0.9,NA,NA,0
"DARRELYOUNG","RB","Darrel Young","WAS",97,367,29.5,NA,NA,NA,NA,NA,13.5,53,2,8.5,92,0.5,NA,NA,0
"JONBALDWIN","WR","Jon Baldwin","SF",142,368,29.4,NA,NA,NA,NA,NA,0,0,0,18,249,0.8,NA,NA,0
"SHAUNDRAUGHN","RB","Shaun Draughn","CHI",98,369,29.3,NA,NA,NA,NA,NA,42.2,177.7,0.8,9.1,67.4,0,NA,NA,0
"AUSTINPETTIS","WR","Austin Pettis","STL",143,370,29.2,NA,NA,NA,NA,NA,0,0,0,19.7,219.5,1.2,NA,NA,0
"JOSEPHFAURIA","TE","Joseph Fauria","DET",53,370,29.2,NA,NA,NA,NA,NA,NA,NA,NA,14.3,169.9,2.2,NA,NA,0.5
"DONTEMONCRIEF","WR","Donte Moncrief","IND",144,372,28.8,NA,NA,NA,NA,NA,0,0,0,14.9,242.5,0.8,NA,NA,0
"LACHESEASTRUNK","RB","Lache Seastrunk","WAS",99,373,28.2,NA,NA,NA,NA,NA,40.4,186.3,1.1,3,29.4,0,NA,NA,0
"QUINTONPATTON","WR","Quinton Patton","SF",145,373,28.2,NA,NA,NA,NA,NA,0,0,0,18,232,1,NA,NA,0.5
"ROBERTHOUSLER","TE","Robert Housler","ARI",54,373,28.2,NA,NA,NA,NA,NA,NA,NA,NA,18.5,210.2,1.2,NA,NA,0
"TJGRAHAM","WR","T.J. Graham","BUF",145,373,28.2,NA,NA,NA,NA,NA,1,11,0,15,211.2,1,NA,NA,0
"CHRISOWUSU","WR","Chris Owusu","TB",147,377,28.1,NA,NA,NA,NA,NA,0,0,0,20.2,221.2,1,NA,NA,0
"JEFFJANIS","WR","Jeff Janis","GB",148,378,27.8,NA,NA,NA,NA,NA,0,0,0,13.5,233.3,0.8,NA,NA,0
"CHARLESSIMS","RB","Charles Sims","TB",100,379,27.5,NA,NA,NA,NA,NA,25.9,112,0.4,11.6,100.6,1,NA,NA,1
"DUJUANHARRIS","RB","DuJuan Harris","GB",101,380,27.3,NA,NA,NA,NA,NA,44.3,187.5,0.8,6,40.9,0,NA,NA,0
"KYLEWILLIAMS","WR","Kyle Williams","KC",149,381,26.6,NA,NA,NA,NA,NA,0,0,0,15,236,0.5,NA,NA,0
"THEORIDDICK","RB","Theo Riddick","DET",102,381,26.6,NA,NA,NA,NA,NA,35,142.9,1,9.6,63.1,0,NA,NA,0
"ALDRICKROBINSON","WR","Aldrick Robinson","WAS",150,383,26.5,NA,NA,NA,NA,NA,0,0,0,13.5,205,1,NA,NA,0
"JUSTINFORSETT","RB","Justin Forsett","BAL",103,383,26.5,NA,NA,NA,NA,NA,49.1,212.6,0.4,4.9,30,0,NA,NA,0
"JACKIEBATTLE","RB","Jackie Battle","TEN",104,385,26.2,NA,NA,NA,NA,NA,45.5,182.5,1,2.5,19.5,0,NA,NA,0
"CHRISHOGAN","WR","Chris Hogan","BUF",151,386,26.1,NA,NA,NA,NA,NA,0,0,0,15,200.5,1,NA,NA,0
"GRIFFWHALEN","WR","Griff Whalen","IND",152,387,26,NA,NA,NA,NA,NA,0,0,0,17,200,1,NA,NA,0
"LEONARDHANKERSON","WR","Leonard Hankerson","WAS",152,387,26,NA,NA,NA,NA,NA,0,0,0,15.9,214.8,0.8,NA,NA,0
"DARICKROGERS","WR","Da'Rick Rogers","IND",154,389,25.8,NA,NA,NA,NA,NA,0,0,0,13.7,178,1.3,NA,NA,0
"TROYNIKLAS","TE","Troy Niklas","ARI",55,390,25.6,NA,NA,NA,NA,NA,NA,NA,NA,14.3,177.9,1.3,NA,NA,0
"CLAYHARBOR","TE","Clay Harbor","JAC",56,391,25.5,NA,NA,NA,NA,NA,NA,NA,NA,17.2,189.1,1.1,NA,NA,0
"JOSEPHRANDLE","RB","Joseph Randle","DAL",105,392,24.9,NA,NA,NA,NA,NA,41.5,167.6,0.5,8,51.4,0,NA,NA,0
"JURONCRINER","WR","Juron Criner","OAK",155,393,24.4,NA,NA,NA,NA,NA,0,0,0,14,183.5,1,NA,NA,0
"BRANDONMCMANUS","K","Brandon McManus","NYG",34,394,23.5,NA,NA,NA,NA,NA,NA,NA,NA,NA,NA,NA,NA,NA,NA
"BRENTONBERSIN","WR","Brenton Bersin","CAR",156,395,22.8,NA,NA,NA,NA,NA,0,0,0,10,197.5,0.5,NA,NA,0
"DAVIDAUSBERRY","TE","David Ausberry","OAK",57,396,22.7,NA,NA,NA,NA,NA,NA,NA,NA,13.9,166.8,1,NA,NA,0
"JARONBROWN","WR","Jaron Brown","ARI",157,396,22.7,NA,NA,NA,NA,NA,0,0,0,13,196.5,0.5,NA,NA,0
"RISHARDMATTHEWS","WR","Rishard Matthews","MIA",158,398,22.1,NA,NA,NA,NA,NA,0,0,0,14.4,175.6,0.8,NA,NA,0
"TRAVISBENJAMIN","WR","Travis Benjamin","CLE",159,399,22,NA,NA,NA,NA,NA,0,0,0,11.6,172.9,1.1,NA,NA,1
"TAVARRESKING","WR","Tavarres King","CAR",160,400,21.9,NA,NA,NA,NA,NA,0,0,0,11.3,174,0.8,NA,NA,0
"ZACHSUDFELD","TE","Zach Sudfeld","NYJ",58,401,21.8,NA,NA,NA,NA,NA,NA,NA,NA,14.7,187.7,0.5,NA,NA,0
"JOHNKUHN","RB","John Kuhn","GB",106,402,21.6,NA,NA,NA,NA,NA,15.4,53.8,1.1,10.3,72.6,0.4,NA,NA,0
"BRICEBUTLER","WR","Brice Butler","OAK",161,403,21.1,NA,NA,NA,NA,NA,0,0,0,10.5,165.8,0.8,NA,NA,0
"BRUCEELLINGTON","WR","Bruce Ellington","SF",161,403,21.1,NA,NA,NA,NA,NA,0,0,0,12,180.5,0.5,NA,NA,0
"DARIUSJOHNSON","WR","Darius Johnson","ATL",161,403,21.1,NA,NA,NA,NA,NA,0,0,0,12.8,165.8,0.8,NA,NA,0
"JACOBTAMME","TE","Jacob Tamme","DEN",59,406,20.7,NA,NA,NA,NA,NA,NA,NA,NA,13.9,146.5,1,NA,NA,0
"VANCEMCDONALD","TE","Vance McDonald","SF",59,406,20.7,NA,NA,NA,NA,NA,NA,NA,NA,12.4,171.1,0.6,NA,NA,0
"JOSHMORGAN","WR","Josh Morgan","CHI",164,408,20.6,NA,NA,NA,NA,NA,0,0,0,14.6,183.4,0.4,NA,NA,0
"MARCUSHARRIS","WR","Marcus Harris","NYG",164,408,20.6,NA,NA,NA,NA,NA,0,0,0,8.3,115.5,1.5,NA,NA,0
"STORMJOHNSON","RB","Storm Johnson","JAC",107,408,20.6,NA,NA,NA,NA,NA,31.4,135.4,0.4,6.5,47.6,0,NA,NA,0
"CHRISOGBONNAYA","RB","Chris Ogbonnaya","CLE",108,411,20.5,NA,NA,NA,NA,NA,22.5,91.5,0,16.5,115.3,0.3,NA,NA,1
"DEREKMOYE","WR","Derek Moye","PIT",166,412,20.4,NA,NA,NA,NA,NA,0,0,0,11.3,159,0.8,NA,NA,0
"RICARDOLOCKETTE","WR","Ricardo Lockette","SEA",167,413,20.3,NA,NA,NA,NA,NA,0,0,0,13,173,0.5,NA,NA,0
"LOGANPAULSEN","TE","Logan Paulsen","WAS",61,414,20.2,NA,NA,NA,NA,NA,NA,NA,NA,13.8,153.6,0.8,NA,NA,0
"VIRGILGREEN","TE","Virgil Green","DEN",62,415,19.6,NA,NA,NA,NA,NA,NA,NA,NA,12,165.5,0.5,NA,NA,0
"TEVINREESE","WR","Tevin Reese","SD",168,416,19.2,NA,NA,NA,NA,NA,0,0,0,11.3,147,0.8,NA,NA,0
"JEDCOLLINS","RB","Jed Collins","DET",109,417,19,NA,NA,NA,NA,NA,7,43.5,1,10,56.5,0.5,NA,NA,0
"TERRELLEPRYOR","QB","Terrelle Pryor","SEA",45,417,19,12,7,87,1,0,11,55,1,NA,NA,NA,NA,NA,0
"MIKETHOMAS","WR","Mike Thomas","HOU",169,419,18.8,NA,NA,NA,NA,NA,0,0,0,12.8,143.3,0.8,NA,NA,0
"ANTHONYSHERMAN","RB","Anthony Sherman","KC",110,420,18.7,NA,NA,NA,NA,NA,6.5,20.5,0.5,13,106,0.5,NA,NA,0
"CHARLESJOHNSON","WR","Charles Johnson","CLE",170,421,18.6,NA,NA,NA,NA,NA,0,0,0,11.8,163.4,0.4,NA,NA,0
"JAKEBALLARD","TE","Jake Ballard","ARI",63,421,18.6,NA,NA,NA,NA,NA,NA,NA,NA,11.3,141,0.8,NA,NA,0
"TONYMOEAKI","TE","Tony Moeaki","BUF",64,423,18.3,NA,NA,NA,NA,NA,NA,NA,NA,10.3,128.5,0.9,NA,NA,0
"CORYHARKEY","TE","Cory Harkey","STL",65,424,18.2,NA,NA,NA,NA,NA,NA,NA,NA,12.5,121.5,1,NA,NA,0
"NICKTOON","WR","Nick Toon","NO",171,425,18.1,NA,NA,NA,NA,NA,0,0,0,9.3,150.8,0.5,NA,NA,0
"RHETTELLISON","TE","Rhett Ellison","MIN",66,426,18,NA,NA,NA,NA,NA,NA,NA,NA,13,150,0.5,NA,NA,0
"ZACHMETTENBERGER","QB","Zach Mettenberger","TEN",46,426,18,47.3,28.2,333,2.8,2.7,2.7,2.2,0,NA,NA,NA,NA,NA,0.8
"DERRICKCOLEMAN","RB","Derrick Coleman","SEA",111,428,17.7,NA,NA,NA,NA,NA,5.5,20.5,0.5,9.5,66,1,NA,NA,0
"FRANKSUMMERS","RB","Frank Summers","BUF",111,428,17.7,NA,NA,NA,NA,NA,12,44.5,0.5,9,72.5,0.5,NA,NA,0
"BRUCEMILLER","RB","Bruce Miller","SF",113,430,17.6,NA,NA,NA,NA,NA,6,21.5,0.5,15.5,124,0,NA,NA,0
"MIKELLESHOURE","RB","Mikel Leshoure","DET",113,430,17.6,NA,NA,NA,NA,NA,22.8,100.3,0.8,6.1,45.5,0,NA,NA,0.8
"DANHERRON","RB","Dan Herron","IND",115,432,17.5,NA,NA,NA,NA,NA,38.5,147.5,0.5,1.5,12.5,0,NA,NA,0.8
"MYLESWHITE","WR","Myles White","GB",172,432,17.5,NA,NA,NA,NA,NA,0,0,0,10.6,137.9,0.6,NA,NA,0
"JIMDRAY","TE","Jim Dray","CLE",67,434,17.3,NA,NA,NA,NA,NA,NA,NA,NA,12.8,128.3,0.8,NA,NA,0
"BRUCEGRADKOWSKI","QB","Bruce Gradkowski","PIT",47,435,17.2,48.5,28,297,2,2,3.5,13.5,0,NA,NA,NA,NA,NA,0
"DIONSIMS","TE","Dion Sims","MIA",68,436,17.1,NA,NA,NA,NA,NA,NA,NA,NA,9.8,125.6,0.8,NA,NA,0
"MICHAELHOOMANAWANUI","TE","Michael Hoomanawanui","NE",69,437,17,NA,NA,NA,NA,NA,NA,NA,NA,11.9,139.6,0.5,NA,NA,0
"SEANMCGRATH","TE","Sean McGrath","KC",70,438,16.9,NA,NA,NA,NA,NA,NA,NA,NA,11.3,123.8,0.8,NA,NA,0
"DENNISJOHNSON","RB","Dennis Johnson","HOU",116,439,16.7,NA,NA,NA,NA,NA,26.3,108.8,0,8.3,57.8,0,NA,NA,0
"JAMESHANNA","TE","James Hanna","DAL",71,439,16.7,NA,NA,NA,NA,NA,NA,NA,NA,13,137,0.5,NA,NA,0
"JIMMYCLAUSEN","QB","Jimmy Clausen","CHI",48,441,16.5,61,33.8,404.5,1.2,2.3,2,3.5,0,NA,NA,NA,NA,NA,0
"JORDANPALMER","QB","Jordan Palmer","CHI",49,442,16.4,57.8,35,382,0.8,0.5,1,2.5,0,NA,NA,NA,NA,NA,0.8
"DANESANZENBACHER","WR","Dane Sanzenbacher","CIN",173,443,16,NA,NA,NA,NA,NA,0,0,0,11,129.5,0.5,NA,NA,0
"DEVINHESTER","WR","Devin Hester","ATL",173,443,16,NA,NA,NA,NA,NA,0,0,0,7,129.5,0.5,NA,NA,0
"JOSHFREEMAN","QB","Josh Freeman",NA,50,443,16,27.8,16.5,207.8,1.5,0,3,16.5,0,NA,NA,NA,NA,NA,0
"ALANBONNER","WR","Alan Bonner","HOU",175,446,15.8,NA,NA,NA,NA,NA,0,0,0,10.5,158.3,0,NA,NA,0
"GREGSALAS","WR","Greg Salas","NYJ",175,446,15.8,NA,NA,NA,NA,NA,0,0,0,11.3,158.3,0,NA,NA,0
"ERIKLORIG","RB","Erik Lorig","NO",117,448,15.5,NA,NA,NA,NA,NA,5,19.5,0,10.5,75.5,1,NA,NA,0
"MARIONGRICE","RB","Marion Grice","SD",117,448,15.5,NA,NA,NA,NA,NA,16.5,76.5,0.8,4.5,33,0,NA,NA,0
"MICHAELFORD","RB","Michael Ford","CHI",119,450,15.1,NA,NA,NA,NA,NA,18.8,84.8,0.8,2.3,21,0,NA,NA,0
"ANTHONYMCCOY","TE","Anthony McCoy","SEA",72,451,14.4,NA,NA,NA,NA,NA,NA,NA,NA,10,113.5,0.5,NA,NA,0
"JACOBYFORD","WR","Jacoby Ford","NYJ",177,451,14.4,NA,NA,NA,NA,NA,0,0,0,10.5,159,0,NA,NA,0.8
"ARTHURLYNCH","TE","Arthur Lynch","MIA",73,453,14.1,NA,NA,NA,NA,NA,NA,NA,NA,9.5,111,0.5,NA,NA,0
"RYANWHALEN","WR","Ryan Whalen","CIN",178,453,14.1,NA,NA,NA,NA,NA,0,0,0,9,110.5,0.5,NA,NA,0
"GARYBARNIDGE","TE","Gary Barnidge","CLE",74,455,14,NA,NA,NA,NA,NA,NA,NA,NA,11,104.2,0.6,NA,NA,0
"KELLENDAVIS","TE","Kellen Davis","NYG",75,456,13.9,NA,NA,NA,NA,NA,NA,NA,NA,9.1,97.3,0.7,NA,NA,0
"LAVELLEHAWKINS","WR","Lavelle Hawkins","TB",179,457,13.7,NA,NA,NA,NA,NA,0,0,0,11.3,137,0,NA,NA,0
"MATTFLYNN","QB","Matt Flynn","GB",51,458,13.6,29.8,18.3,217.1,1.3,1,3.1,18.8,0,NA,NA,NA,NA,NA,0
"DIONLEWIS","RB","Dion Lewis","CLE",120,459,13.5,NA,NA,NA,NA,NA,20.6,94.1,0.4,2.3,18.3,0,NA,NA,0
"CYRUSGRAY","RB","Cyrus Gray","KC",121,460,13.3,NA,NA,NA,NA,NA,12,55,0.5,7,48,0,NA,NA,0
"DEMETRIUSHARRIS","TE","Demetrius Harris","KC",76,460,13.3,NA,NA,NA,NA,NA,NA,NA,NA,9.2,113.2,0.3,NA,NA,0
"MATTSPAETH","TE","Matt Spaeth","PIT",76,460,13.3,NA,NA,NA,NA,NA,NA,NA,NA,6.5,73,1,NA,NA,0
"BRANDONWEEDEN","QB","Brandon Weeden","DAL",52,463,13.2,42.1,25,293.8,1.2,1.3,1,2,0,NA,NA,NA,NA,NA,0.5
"DANTEROSARIO","TE","Dante Rosario","CHI",78,463,13.2,NA,NA,NA,NA,NA,NA,NA,NA,6.8,87.4,0.8,NA,NA,0
"JOSHHILL","TE","Josh Hill",NA,79,465,13.1,NA,NA,NA,NA,NA,NA,NA,NA,8.3,86.3,0.8,NA,NA,0
"KEALOHAPILARES","WR","Kealoha Pilares","CAR",180,466,13,NA,NA,NA,NA,NA,0,0,0,8.3,129.8,0,NA,NA,0
"TOMMYBOHANON","RB","Tommy Bohanon","NYJ",122,466,13,NA,NA,NA,NA,NA,8,29,0.5,10.5,70.5,0,NA,NA,0
"SEYIAJIROTUTU","WR","Seyi Ajirotutu","SD",181,468,12.9,NA,NA,NA,NA,NA,0,0,0,6,84,0.8,NA,NA,0
"KYLEJUSZCZYK","RB","Kyle Juszczyk","BAL",123,469,12.8,NA,NA,NA,NA,NA,11.8,42.8,0.4,6.4,40.3,0.4,NA,NA,0
"CEDRICPEERMAN","RB","Cedric Peerman","CIN",124,470,12.7,NA,NA,NA,NA,NA,15,70,0,7,56.5,0,NA,NA,0
"NICKKASA","TE","Nick Kasa","OAK",80,471,12.3,NA,NA,NA,NA,NA,NA,NA,NA,8.5,93,0.5,NA,NA,0
"KENJONBARNER","RB","Kenjon Barner","CAR",125,472,12.1,NA,NA,NA,NA,NA,23.3,105.1,0,4.5,26.3,0,NA,NA,0.5
"DARYLRICHARDSON","RB","Daryl Richardson","NYJ",126,473,12,NA,NA,NA,NA,NA,15.8,67.4,0,7.5,62.7,0,NA,NA,0.5
"BEARPASCOE","TE","Bear Pascoe","ATL",81,474,11.9,NA,NA,NA,NA,NA,NA,NA,NA,9.8,96,0.4,NA,NA,0
"JOSHBOYCE","WR","Josh Boyce","NE",182,474,11.9,NA,NA,NA,NA,NA,0,0,0,7.5,88.5,0.5,NA,NA,0
"JOELDREESSEN","TE","Joel Dreessen","DEN",82,476,11.8,NA,NA,NA,NA,NA,NA,NA,NA,8.3,72.8,0.8,NA,NA,0
"MARKSANCHEZ","QB","Mark Sanchez","PHI",53,476,11.8,27.6,16.8,183.8,1.3,0.6,3.5,4.6,0,NA,NA,NA,NA,NA,0
"ARMONBINNS","WR","Armon Binns","MIA",183,478,11.6,NA,NA,NA,NA,NA,0,0,0,9,115.5,0,NA,NA,0
"DAMARISJOHNSON","WR","Damaris Johnson","PHI",184,479,11.4,NA,NA,NA,NA,NA,0,0,0,9.4,111.3,0.4,NA,NA,1
"MIKEGILLISLEE","RB","Mike Gillislee","MIA",127,480,11.1,NA,NA,NA,NA,NA,23,95.2,0,2.2,16.1,0,NA,NA,0
"ANTHONYARMSTRONG","WR","Anthony Armstrong","CLE",185,481,11,NA,NA,NA,NA,NA,0,0,0,4.5,64.5,0.8,NA,NA,0
"CHRISRAINEY","RB","Chris Rainey","IND",128,481,11,NA,NA,NA,NA,NA,11.3,50.3,0,6.8,59.3,0,NA,NA,0
"DAVIDPAULSON","TE","David Paulson","PIT",83,481,11,NA,NA,NA,NA,NA,NA,NA,NA,10.4,110.1,0,NA,NA,0
"RYANWILLIAMS","RB","Ryan Williams","DAL",129,484,10.9,NA,NA,NA,NA,NA,23.5,97.8,0,3.5,26.6,0,NA,NA,0.8
"TANDONDOSS","WR","Tandon Doss","JAC",186,484,10.9,NA,NA,NA,NA,NA,0,0,0,8.3,108.8,0,NA,NA,0
"TJJONES","WR","TJ Jones","DET",186,484,10.9,NA,NA,NA,NA,NA,0,0,0,8,109,0,NA,NA,0
"WILLJOHNSON","RB","Will Johnson","PIT",130,487,10.8,NA,NA,NA,NA,NA,2,7.5,0,11,70,0.5,NA,NA,0
"CROCKETTGILLMORE","TE","Crockett Gillmore","BAL",84,488,10.7,NA,NA,NA,NA,NA,NA,NA,NA,6,77,0.5,NA,NA,0
"DWAYNEHARRIS","WR","Dwayne Harris","DAL",188,488,10.7,NA,NA,NA,NA,NA,0,0,0,7.9,84.8,0.4,NA,NA,0
"HENRYHYNOSKI","RB","Henry Hynoski","NYG",131,490,10.6,NA,NA,NA,NA,NA,4,14.5,0.5,8.5,61.5,0,NA,NA,0
"JAMESCASEY","TE","James Casey","PHI",85,491,10.4,NA,NA,NA,NA,NA,NA,NA,NA,7.4,86.4,0.3,NA,NA,0
"LARRYDONNELL","TE","Larry Donnell","NYG",86,492,10.3,NA,NA,NA,NA,NA,NA,NA,NA,7.1,80.6,0.4,NA,NA,0
"EDWINBAKER","RB","Edwin Baker","CLE",132,493,10.2,NA,NA,NA,NA,NA,14.9,64.1,0.3,3.4,23.1,0,NA,NA,0
"DEREKANDERSON","QB","Derek Anderson","CAR",54,494,10.1,19.8,12.5,136.5,1.4,0.6,1.4,4.1,0,NA,NA,NA,NA,NA,0
"RODNEYSMITH","WR","Rodney Smith","MIN",189,495,10,NA,NA,NA,NA,NA,0,0,0,6.8,99.8,0,NA,NA,0
"STANLEYHAVILI","RB","Stanley Havili","IND",133,496,9.8,NA,NA,NA,NA,NA,6,21.5,0,11,76.5,0,NA,NA,0
"JORVORSKIELANE","RB","Jorvorskie Lane","TB",134,497,9.7,NA,NA,NA,NA,NA,8.5,28.5,0.5,5.5,38.5,0,NA,NA,0
"ORSONCHARLES","RB","Orson Charles","CIN",135,498,9.6,NA,NA,NA,NA,NA,2.3,10.5,0.8,3,40.5,0,NA,NA,0
"JOEMCKNIGHT","RB","Joe McKnight","KC",136,499,9.5,NA,NA,NA,NA,NA,16.5,69,0,4.5,41.3,0,NA,NA,0.8
"JEROMEFELTON","RB","Jerome Felton","MIN",137,500,9.4,NA,NA,NA,NA,NA,5,16.5,0.5,6,47.5,0,NA,NA,0
"LESTARJEAN","WR","Lestar Jean","MIN",190,501,9.2,NA,NA,NA,NA,NA,0,0,0,6,92.3,0,NA,NA,0
"MICHAELEGNEW","TE","Michael Egnew","MIA",87,501,9.2,NA,NA,NA,NA,NA,NA,NA,NA,8.3,91.5,0,NA,NA,0
"TONYFIAMMETTA","RB","Tony Fiammetta","CHI",138,503,9.1,NA,NA,NA,NA,NA,5.5,21.5,0.5,5,39.5,0,NA,NA,0
"JEREMYSTEWART","RB","Jeremy Stewart","OAK",139,504,8.9,NA,NA,NA,NA,NA,11.3,50.3,0,5.3,38.3,0,NA,NA,0
"THADDEUSLEWIS","QB","Thaddeus Lewis","BUF",55,504,8.9,24,14,165,1,1,1,3,0,NA,NA,NA,NA,NA,0
"BRITTANGOLDEN","WR","Brittan Golden","ARI",191,506,8.6,NA,NA,NA,NA,NA,0,0,0,6,85.5,0,NA,NA,0
"DEONTETHOMPSON","WR","Deonte Thompson","BAL",191,506,8.6,NA,NA,NA,NA,NA,0,0,0,9,86.3,0,NA,NA,0
"CHASEFORD","TE","Chase Ford","MIN",88,508,8.5,NA,NA,NA,NA,NA,NA,NA,NA,6.5,85,0,NA,NA,0
"CHRISGRAGG","TE","Chris Gragg","BUF",89,509,8.4,NA,NA,NA,NA,NA,NA,NA,NA,5.6,61.9,0.4,NA,NA,0
"CLYDEGATES","WR","Clyde Gates","NYJ",193,509,8.4,NA,NA,NA,NA,NA,0,0,0,8.3,84,0,NA,NA,0
"KEVINDORSEY","WR","Kevin Dorsey","GB",193,509,8.4,NA,NA,NA,NA,NA,0,0,0,6,84,0,NA,NA,0
"ADAMTHIELEN","WR","Adam Thielen","MIN",195,512,8.3,NA,NA,NA,NA,NA,0,0,0,6.8,82.5,0,NA,NA,0
"NAAMANROOSEVELT","WR","Naaman Roosevelt","BUF",195,512,8.3,NA,NA,NA,NA,NA,0,0,0,6,83.3,0,NA,NA,0
"CHRISTHOMPSON","RB","Chris Thompson","WAS",140,514,8.2,NA,NA,NA,NA,NA,9,43.5,0,4,38.5,0,NA,NA,0
"JAMESDEVELIN","RB","James Develin","NE",141,515,8.1,NA,NA,NA,NA,NA,4.5,16,0.5,5.5,35,0,NA,NA,0
"LEONWASHINGTON","RB","Leon Washington","TEN",141,515,8.1,NA,NA,NA,NA,NA,6,29.5,0,5.5,51.5,0,NA,NA,0
"DJWILLIAMS","TE","D.J. Williams","NE",90,517,8,NA,NA,NA,NA,NA,NA,NA,NA,5.2,59.7,0.3,NA,NA,0
"MICHAELCAMPANARO","WR","Michael Campanaro","BAL",197,518,7.4,NA,NA,NA,NA,NA,0,0,0,6,73.5,0,NA,NA,0
"BLAINEGABBERT","QB","Blaine Gabbert","SF",56,519,7.3,13.6,8.6,99,0.8,0,1.9,3.4,0,NA,NA,NA,NA,NA,0
"GERELLROBINSON","TE","Gerell Robinson","DEN",91,519,7.3,NA,NA,NA,NA,NA,NA,NA,NA,6,72.8,0,NA,NA,0
"JOHNPHILLIPS","TE","John Phillips","SD",91,519,7.3,NA,NA,NA,NA,NA,NA,NA,NA,8,72.5,0,NA,NA,0
"NICKWILLIAMS","WR","Nick Williams","PIT",198,519,7.3,NA,NA,NA,NA,NA,0,0,0,6,72.8,0,NA,NA,0
"ANTONESMITH","RB","Antone Smith","ATL",143,523,7.2,NA,NA,NA,NA,NA,10.1,43.1,0.4,0.8,6.4,0,NA,NA,0
"JALENPARMELE","RB","Jalen Parmele","ARI",143,523,7.2,NA,NA,NA,NA,NA,6,31.5,0,5.3,40.5,0,NA,NA,0
"CRAIGSTEVENS","TE","Craig Stevens","TEN",93,525,7.1,NA,NA,NA,NA,NA,NA,NA,NA,6.5,71,0,NA,NA,0
"MATTMOORE","QB","Matt Moore","MIA",57,525,7.1,34.6,20.1,220.6,0.8,1,2,3.1,0,NA,NA,NA,NA,NA,1.5
"CHASEDANIEL","QB","Chase Daniel","KC",58,527,6.8,21,12.5,138.5,0.5,0.5,2.5,3,0,NA,NA,NA,NA,NA,0
"DUSTINHOPKINS","K","Dustin Hopkins","BUF",35,527,6.8,NA,NA,NA,NA,NA,NA,NA,NA,NA,NA,NA,NA,NA,NA
"TAYLORTHOMPSON","TE","Taylor Thompson","TEN",94,527,6.8,NA,NA,NA,NA,NA,NA,NA,NA,6,67.9,0,NA,NA,0
"TYLERCLUTTS","RB","Tyler Clutts","DAL",145,527,6.8,NA,NA,NA,NA,NA,3,11.5,0.5,4.5,26.5,0,NA,NA,0
"WESLYESAUNDERS","TE","Weslye Saunders","IND",94,527,6.8,NA,NA,NA,NA,NA,NA,NA,NA,6,68.3,0,NA,NA,0
"JASONCAMPBELL","QB","Jason Campbell","CIN",59,532,6.7,24.6,13.9,170.5,0.3,0.6,0.6,1.8,0,NA,NA,NA,NA,NA,0
"ALVESTERALEXANDER","RB","Alvester Alexander","PIT",146,533,6.5,NA,NA,NA,NA,NA,11.3,48.8,0,3,16.5,0,NA,NA,0
"JEFFMAEHL","WR","Jeff Maehl","PHI",199,533,6.5,NA,NA,NA,NA,NA,0,0,0,5.5,64.5,0,NA,NA,0
"LEESMITH","TE","Lee Smith","BUF",96,533,6.5,NA,NA,NA,NA,NA,NA,NA,NA,6.5,64.5,0,NA,NA,0
"RYANGRANT","WR","Ryan Grant","WAS",199,533,6.5,NA,NA,NA,NA,NA,0,0,0,5.3,65.3,0,NA,NA,0
"TERRENCETOLIVER","WR","Terrence Toliver","CHI",199,533,6.5,NA,NA,NA,NA,NA,0,0,0,5.3,65.3,0,NA,NA,0
"PATRICKDIMARCO","RB","Patrick DiMarco","ATL",147,538,6.3,NA,NA,NA,NA,NA,3,11.5,0,8,51,0,NA,NA,0
"COLLINMOONEY","RB","Collin Mooney","TEN",148,539,6.2,NA,NA,NA,NA,NA,3.5,12,0.5,3.5,20,0,NA,NA,0
"LAMICHAELJAMES","RB","LaMichael James","SF",148,539,6.2,NA,NA,NA,NA,NA,8.6,36,0,3.4,26.3,0,NA,NA,0
"MARVINMCNUTT","WR","Marvin McNutt","CAR",202,539,6.2,NA,NA,NA,NA,NA,0,0,0,3.8,61.5,0,NA,NA,0
"MICHAELPRESTON","WR","Michael Preston","TEN",203,542,6.1,NA,NA,NA,NA,NA,0,0,0,5.5,60.5,0,NA,NA,0
"ERICWEEMS","WR","Eric Weems","CHI",204,543,5.9,NA,NA,NA,NA,NA,0,0,0,6,58.5,0,NA,NA,0
"GARRETTCELEK","TE","Garrett Celek","SF",97,543,5.9,NA,NA,NA,NA,NA,NA,NA,NA,5.3,58.5,0,NA,NA,0
"ANDYTANNER","WR","Andy Tanner","NO",205,545,5.7,NA,NA,NA,NA,NA,0,0,0,3.8,57,0,NA,NA,0
"NILESPAUL","TE","Niles Paul","WAS",98,545,5.7,NA,NA,NA,NA,NA,NA,NA,NA,6,57,0,NA,NA,0
"TOMMYSTREETER","WR","Tommy Streeter","TB",205,545,5.7,NA,NA,NA,NA,NA,0,0,0,3.8,57,0,NA,NA,0
"TYRODTAYLOR","QB","Tyrod Taylor","BAL",60,545,5.7,9.5,6,57,0,0,5.5,34,0,NA,NA,NA,NA,NA,0
"ALLENREISNER","TE","Allen Reisner","MIN",99,549,5.6,NA,NA,NA,NA,NA,NA,NA,NA,4.5,56.3,0,NA,NA,0
"FENDIONOBUN","TE","Fendi Onobun","JAC",99,549,5.6,NA,NA,NA,NA,NA,NA,NA,NA,4.5,56.3,0,NA,NA,0
"KEVINBROCK","TE","Kevin Brock","CIN",99,549,5.6,NA,NA,NA,NA,NA,NA,NA,NA,5,55.5,0,NA,NA,0
"WILLTAUFOOU","RB","Will Ta'ufo'ou","JAC",150,549,5.6,NA,NA,NA,NA,NA,4,14,0,7.5,41.5,0,NA,NA,0
"EVANROYSTER","RB","Evan Royster","WAS",151,553,5.5,NA,NA,NA,NA,NA,9,38.3,0,2.3,16.5,0,NA,NA,0
"KAMARAIKEN","WR","Kamar Aiken","BAL",207,553,5.5,NA,NA,NA,NA,NA,0,0,0,3.8,54.8,0,NA,NA,0
"RUSSELLSHEPARD","WR","Russell Shepard","TB",208,555,5.4,NA,NA,NA,NA,NA,0,0,0,4.5,54,0,NA,NA,0
"MICHAELCOX","RB","Michael Cox","NYG",152,556,5.3,NA,NA,NA,NA,NA,7.5,33,0,2.5,19.5,0,NA,NA,0
"DAVIDJOHNSON","TE","David Johnson","SD",102,557,5,NA,NA,NA,NA,NA,NA,NA,NA,5.3,50.3,0,NA,NA,0
"JACKDOYLE","TE","Jack Doyle","IND",102,557,5,NA,NA,NA,NA,NA,NA,NA,NA,5,49.5,0,NA,NA,0
"RYANTAYLOR","TE","Ryan Taylor","GB",102,557,5,NA,NA,NA,NA,NA,NA,NA,NA,3.8,49.5,0,NA,NA,0
"JAYPROSCH","RB","Jay Prosch","HOU",153,560,4.9,NA,NA,NA,NA,NA,7,28,0,3,21,0,NA,NA,0
"JEREMYROSS","WR","Jeremy Ross","DET",209,560,4.9,NA,NA,NA,NA,NA,0,0,0,3.8,48.8,0,NA,NA,0
"MICKEYSHULER","TE","Mickey Shuler","ATL",105,560,4.9,NA,NA,NA,NA,NA,NA,NA,NA,4.5,49,0,NA,NA,0
"DANIELFELLS","TE","Daniel Fells","NYG",106,563,4.8,NA,NA,NA,NA,NA,NA,NA,NA,4.5,47.5,0,NA,NA,0
"KONRADREULAND","TE","Konrad Reuland",NA,107,564,4.7,NA,NA,NA,NA,NA,NA,NA,NA,5,47,0,NA,NA,0
"BRANDONTATE","WR","Brandon Tate","CIN",210,565,4.5,NA,NA,NA,NA,NA,0,0,0,5.3,65.3,0,NA,NA,1
"LUKESTOCKER","TE","Luke Stocker","TB",108,566,4.4,NA,NA,NA,NA,NA,NA,NA,NA,3.5,43.5,0,NA,NA,0
"BRADSMITH","WR","Brad Smith","PHI",211,567,4.1,NA,NA,NA,NA,NA,0,0,0,3,40.5,0,NA,NA,0
"DARRENFELLS","TE","Darren Fells","ARI",109,567,4.1,NA,NA,NA,NA,NA,NA,NA,NA,3.8,40.5,0,NA,NA,0
"MATTHEWMULLIGAN","TE","Matthew Mulligan","CHI",109,567,4.1,NA,NA,NA,NA,NA,NA,NA,NA,3.8,40.5,0,NA,NA,0
"MIKEMCNEILL","TE","Mike McNeill","CAR",111,570,4,NA,NA,NA,NA,NA,NA,NA,NA,3,39.8,0,NA,NA,0
"PATEDWARDS","WR","Pat Edwards","DET",212,570,4,NA,NA,NA,NA,NA,0,0,0,3,39.8,0,NA,NA,0
"ERICPAGE","WR","Eric Page","TB",213,572,3.6,NA,NA,NA,NA,NA,0,0,0,3,51,0,NA,NA,0.8
"MICHAELPALMER","TE","Michael Palmer","PIT",112,572,3.6,NA,NA,NA,NA,NA,NA,NA,NA,4,35.5,0,NA,NA,0
"TARVARISJACKSON","QB","Tarvaris Jackson","SEA",61,572,3.6,10,6,67,0,0,4,9,0,NA,NA,NA,NA,NA,0
"ANDREWSZCZERBA","TE","Andrew Szczerba","ATL",113,575,3.2,NA,NA,NA,NA,NA,NA,NA,NA,3,32.3,0,NA,NA,0
"COREYFULLER","WR","Corey Fuller","DET",214,575,3.2,NA,NA,NA,NA,NA,0,0,0,2.3,32.3,0,NA,NA,0
"KASSIMOSGOOD","WR","Kassim Osgood","SF",214,575,3.2,NA,NA,NA,NA,NA,0,0,0,2.3,32.3,0,NA,NA,0
"MIGUELMAYSONET","RB","Miguel Maysonet","PIT",154,575,3.2,NA,NA,NA,NA,NA,6.8,28.5,0,0.8,3,0,NA,NA,0
"BRANDONBARDEN","TE","Brandon Barden","JAC",114,579,3.1,NA,NA,NA,NA,NA,NA,NA,NA,2.3,30.8,0,NA,NA,0
"BROCKOSWEILER","QB","Brock Osweiler","DEN",62,580,2.9,10.5,6.3,72.5,0,0,1.3,0.3,0,NA,NA,NA,NA,NA,0
"MARCMARIANI","WR","Marc Mariani","TEN",216,581,2.8,NA,NA,NA,NA,NA,0,0,0,2.3,27.8,0,NA,NA,0
"MARQUEISGRAY","TE","MarQueis Gray","CLE",115,581,2.8,NA,NA,NA,NA,NA,NA,NA,NA,3.5,27.5,0,NA,NA,0
"ROBERTHUGHES","RB","Robert Hughes","ARI",155,583,2.7,NA,NA,NA,NA,NA,3.8,12.8,0,2.3,14.3,0,NA,NA,0
"EMILIGWENAGU","TE","Emil Igwenagu","PHI",116,584,2.5,NA,NA,NA,NA,NA,NA,NA,NA,3,24.8,0,NA,NA,0
"LONNIEPRYOR","RB","Lonnie Pryor","TB",156,585,2.3,NA,NA,NA,NA,NA,2.3,6.8,0,3,15.8,0,NA,NA,0
"RICHARDGORDON","TE","Richard Gordon","KC",117,585,2.3,NA,NA,NA,NA,NA,NA,NA,NA,2.3,23.3,0,NA,NA,0
"CHRISTIANPONDER","QB","Christian Ponder","MIN",63,587,2.2,10,5,55,0,0,3,0,0,NA,NA,NA,NA,NA,0
"MATTHASSELBECK","QB","Matt Hasselbeck","IND",64,588,2.1,8,4.5,51.5,0,0,1,0,0,NA,NA,NA,NA,NA,0
"TEDBOLSER","TE","Ted Bolser","WAS",118,589,1.2,NA,NA,NA,NA,NA,NA,NA,NA,2.3,12,0,NA,NA,0
"RICHIEBROCKEL","TE","Richie Brockel","CAR",119,590,1.1,NA,NA,NA,NA,NA,NA,NA,NA,2.3,10.5,0,NA,NA,0
"BRADSMELLEY","TE","Brad Smelley","HOU",120,591,0.9,NA,NA,NA,NA,NA,NA,NA,NA,1.5,9,0,NA,NA,0
"BRANDONWILLIAMS","TE","Brandon Williams","ARI",120,591,0.9,NA,NA,NA,NA,NA,NA,NA,NA,1.5,9,0,NA,NA,0
"DREWSTANTON","QB","Drew Stanton","ARI",65,593,0.8,2.5,1.5,21,0,0,0,0,0,NA,NA,NA,NA,NA,0
"SPENCERWARE","RB","Spencer Ware","SEA",157,593,0.8,NA,NA,NA,NA,NA,2.3,7.5,0,0,0,0,NA,NA,0
"RYANMALLETT","QB","Ryan Mallett","NE",66,595,0.5,2.5,1.5,15.5,0,0,1,-1.5,0,NA,NA,NA,NA,NA,0
"TAYLORYATES","QB","Taylor Yates","ATL",66,595,0.5,1.5,1,11,0,0,0.5,1,0,NA,NA,NA,NA,NA,0
"AARONMURRAY","QB","Aaron Murray","KC",68,597,0,0,0,0,0,0,0,0,0,NA,NA,NA,NA,NA,0
"AJMCCARRON","QB","AJ McCarron","CIN",68,597,0,0,0,0,0,0,0,0,0,NA,NA,NA,NA,NA,0
"BRADSORENSEN","QB","Brad Sorensen","SD",68,597,0,0,0,0,0,0,0,0,0,NA,NA,NA,NA,NA,0
"CIERREWOOD","RB","Cierre Wood","BAL",158,597,0,NA,NA,NA,NA,NA,0,0,0,0,0,0,NA,NA,0
"COLTMCCOY","QB","Colt McCoy","WAS",68,597,0,0,0,0,0,0,0,0,0,NA,NA,NA,NA,NA,0
"CURTISPAINTER","QB","Curtis Painter","NYG",68,597,0,0,0,0,0,0,0,0,0,NA,NA,NA,NA,NA,0
"DAMIENWILLIAMS","RB","Damien Williams","MIA",158,597,0,NA,NA,NA,NA,NA,0,0,0,0,0,0,NA,NA,0
"DANORLOVSKY","QB","Dan Orlovsky","DET",68,597,0,0,0,0,0,0,0,0,0,NA,NA,NA,NA,NA,0
"DEJIKARIM","RB","Deji Karim",NA,158,597,0,NA,NA,NA,NA,NA,0,0,0,0,0,0,NA,NA,0
"FOZZYWHITTAKER","RB","Fozzy Whittaker","CAR",158,597,0,NA,NA,NA,NA,NA,0,0,0,0,0,0,NA,NA,0
"JIMMYGAROPPOLO","QB","Jimmy Garoppolo","NE",68,597,0,0,0,0,0,0,0,0,0,NA,NA,NA,NA,NA,0
"KELLENCLEMENS","QB","Kellen Clemens","SD",68,597,0,0,0,0,0,0,0,0,0,NA,NA,NA,NA,NA,0
"LANDRYJONES","QB","Landry Jones","PIT",68,597,0,0,0,0,0,0,0,0,0,NA,NA,NA,NA,NA,0
"LOGANTHOMAS","QB","Logan Thomas","ARI",68,597,0,0,0,0,0,0,0,0,0,NA,NA,NA,NA,NA,0
"LUKEMCCOWN","QB","Luke McCown","NO",68,597,0,0,0,0,0,0,0,0,0,NA,NA,NA,NA,NA,0
"MATTBARKLEY","QB","Matt Barkley","PHI",68,597,0,0,0,0,0,0,0,0,0,NA,NA,NA,NA,NA,0
"MATTMCGLOIN","QB","Matt McGloin","OAK",68,597,0,0,0,0,0,0,0,0,0,NA,NA,NA,NA,NA,0
"RYANNASSIB","QB","Ryan Nassib","NYG",68,597,0,0,0,0,0,0,0,0,0,NA,NA,NA,NA,NA,0
"SCOTTTOLZIEN","QB","Scott Tolzien","GB",68,597,0,0,0,0,0,0,0,0,0,NA,NA,NA,NA,NA,0
"TYLERBRAY","QB","Tyler Bray","KC",68,597,0,0,0,0,0,0,0,0,0,NA,NA,NA,NA,NA,0
