"name","name_fs","pos","team_fs","positionRank_fs","overallRank_fs","passAtt_fs","passComp_fs","passYds_fs","passTds_fs","passInt_fs","rushYds_fs","rushTds_fs","recYds_fs","recTds_fs","twoPts_fs","fumbles_fs","pts_fs"
"PEYTONMANNING","Peyton Manning","QB","DEN",1,1,NA,392,4960,47,11,0,1,0,0,NA,5,421
"DREWBREES","Drew Brees","QB","NOS",2,2,NA,396,4850,37,15,39,2,0,0,NA,1,388
"NICKFOLES","Nick Foles","QB","PHI",3,3,NA,337,4200,32,7,311,4,0,0,NA,5,376
"MATTHEWSTAFFORD","Matthew Stafford","QB","DET",4,4,NA,413,4874,32,18,95,3,0,0,NA,4,372
"AARONRODGERS","Aaron Rodgers","QB","GBP",5,5,NA,335,4213,34,9,217,2,0,0,NA,3,364
"ANDREWLUCK","Andrew Luck","QB","IND",6,6,NA,362,4377,25,17,335,5,0,0,NA,4,356
"COLINKAEPERNICK","Colin Kaepernick","QB","SFO",7,7,NA,254,3410,22,8,690,6,0,0,NA,3,349
"CAMNEWTON","Cam Newton","QB","CAR",8,8,NA,264,3400,22,16,643,7,0,0,NA,2,344
"TOMBRADY","Tom Brady","QB","NEP",9,9,NA,372,4425,30,9,22,2,0,0,NA,2,342
"JAYCUTLER","Jay Cutler","QB","CHI",10,10,NA,357,4249,31,16,232,1,0,0,NA,4,341
"RUSSELLWILSON","Russell Wilson","QB","SEA",11,11,NA,261,3437,27,7,515,4,0,0,NA,4,339
"ROBERTGRIFFINIII","Robert Griffin III","QB","WAS",12,12,NA,299,3499,22,13,659,5,0,0,NA,5,334
"MATTRYAN","Matt Ryan","QB","ATL",13,13,NA,417,4661,29,18,74,0,0,0,NA,4,330
"ANDYDALTON","Andy Dalton","QB","CIN",14,14,NA,333,3851,29,19,173,4,0,0,NA,4,322
"BENROETHLISBERGER","Ben Roethlisberger","QB","PIT",15,15,NA,351,3997,31,13,105,1,0,0,NA,4,318
"TONYROMO","Tony Romo","QB","DAL",16,16,NA,365,4149,30,19,46,1,0,0,NA,2,314
"PHILIPRIVERS","Philip Rivers","QB","SDC",17,17,NA,336,3911,29,13,61,0,0,0,NA,5,294
"ALEXSMITH","Alex Smith","QB","KCC",18,18,NA,289,3170,24,9,441,1,0,0,NA,4,287
"CARSONPALMER","Carson Palmer","QB","ARI",19,19,NA,358,4211,25,21,7,0,0,0,NA,3,283
"RYANTANNEHILL","Ryan Tannehill","QB","MIA",20,20,NA,330,3705,20,15,227,2,0,0,NA,4,276
"JOSHMCCOWN","Josh McCown","QB","TBB",21,21,NA,298,3495,25,9,115,1,0,0,NA,4,274
"JAMAALCHARLES","Jamaal Charles","RB","KCC",1,22,NA,0,0,0,0,1350,10,485,6,NA,3,273
"LESEANMCCOY","LeSean McCoy","RB","PHI",2,23,NA,0,0,0,0,1462,8,502,4,NA,2,264
"JOHNNYMANZIEL","Johnny Manziel","QB","CLE",22,24,NA,275,3375,19,17,225,3,0,0,NA,3,261
"GENOSMITH","Geno Smith","QB","NYJ",23,25,NA,257,3145,14,19,347,6,0,0,NA,4,256
"SAMBRADFORD","Sam Bradford","QB","STL",24,26,NA,305,3380,22,13,90,1,0,0,NA,2,255
"ADRIANPETERSON","Adrian Peterson","RB","MIN",3,27,NA,0,0,0,0,1699,11,179,1,NA,3,252
"DEMARYIUSTHOMAS","Demaryius Thomas","WR","DEN",1,28,NA,0,0,0,0,0,0,1450,18,NA,1,251
"EJMANUEL","E.J. Manuel","QB","BUF",25,29,NA,276,3135,18,14,246,3,0,0,NA,5,246
"ELIMANNING","Eli Manning","QB","NYG",26,30,NA,302,3525,22,17,27,0,0,0,NA,2,245
"JOEFLACCO","Joe Flacco","QB","BAL",27,31,NA,295,3380,20,18,77,2,0,0,NA,3,244
"CASEKEENUM","Case Keenum","QB","HOU",28,32,NA,294,3482,18,15,94,1,0,0,NA,3,240
"MATTFORTE","Matt Forte","RB","CHI",4,33,NA,0,0,0,0,1263,8,489,3,NA,2,236
"EDDIELACY","Eddie Lacy","RB","GBP",5,34,NA,0,0,0,0,1350,12,283,0,NA,1,233
"MARSHAWNLYNCH","Marshawn Lynch","RB","SEA",6,35,NA,0,0,0,0,1250,13,212,2,NA,2,232
"MATTSCHAUB","Matt Schaub","QB","OAK",29,36,NA,297,3227,19,19,165,0,0,0,NA,3,228
"BRANDONMARSHALL","Brandon Marshall","WR","CHI",2,37,NA,0,0,0,0,0,0,1488,13,NA,0,226
"DEZBRYANT","Dez Bryant","WR","DAL",3,38,NA,0,0,0,0,0,0,1367,15,NA,1,224
"CALVINJOHNSON","Calvin Johnson","WR","DET",4,39,NA,0,0,0,0,0,0,1667,9,NA,2,216
"ANDREELLINGTON","Andre Ellington","RB","ARI",7,40,NA,0,0,0,0,1100,9,430,2,NA,2,215
"DOUGMARTIN","Doug Martin","RB","TBB",7,40,NA,0,0,0,0,1275,9,326,1,NA,2,215
"KNOWSHONMORENO","Knowshon Moreno","RB","MIA",9,42,NA,0,0,0,0,1064,8,423,3,NA,0,214
"MONTEEBALL","Montee Ball","RB","DEN",10,43,NA,0,0,0,0,1200,7,411,2,NA,1,213
"JULIOJONES","Julio Jones","WR","ATL",5,44,NA,0,0,0,0,26,0,1464,11,NA,1,212
"ZACSTACY","Zac Stacy","RB","STL",11,45,NA,0,0,0,0,1276,10,224,1,NA,2,211
"DEMARCOMURRAY","DeMarco Murray","RB","DAL",12,46,NA,0,0,0,0,1165,9,381,1,NA,2,210
"ARIANFOSTER","Arian Foster","RB","HOU",13,47,NA,0,0,0,0,1189,9,288,2,NA,2,208
"AJGREEN","A.J. Green","WR","CIN",6,47,NA,0,0,0,0,13,0,1373,12,NA,1,208
"TOBYGERHART","Toby Gerhart","RB","JAC",14,49,NA,0,0,0,0,1225,7,328,2,NA,3,202
"JAKELOCKER","Jake Locker","QB","TEN",30,50,NA,218,2530,14,17,286,3,0,0,NA,5,201
"CJSPILLER","C.J. Spiller","RB","BUF",15,51,NA,0,0,0,0,1212,6,339,2,NA,2,198
"CHRISJOHNSON","Chris Johnson","RB","NYJ",16,52,NA,0,0,0,0,1101,6,257,4,NA,2,191
"VINCENTJACKSON","Vincent Jackson","WR","TBB",7,53,NA,0,0,0,0,0,0,1342,9,NA,0,188
"LEVEONBELL","Le'Veon Bell","RB","PIT",17,54,NA,0,0,0,0,1017,8,414,0,NA,2,186
"FRANKGORE","Frank Gore","RB","SFO",18,55,NA,0,0,0,0,1095,9,180,1,NA,2,183
"VICTORCRUZ","Victor Cruz","WR","NYG",8,55,NA,0,0,0,0,9,1,1350,7,NA,0,183
"CHADHENNE","Chad Henne","QB","JAC",31,57,NA,233,2602,14,16,82,1,0,0,NA,1,182
"JORDYNELSON","Jordy Nelson","WR","GBP",9,57,NA,0,0,0,0,1,0,1246,10,NA,1,182
"ANTONIOBROWN","Antonio Brown","WR","PIT",10,59,NA,0,0,0,0,8,0,1358,8,NA,1,181
"ALSHONJEFFERY","Alshon Jeffery","WR","CHI",10,59,NA,0,0,0,0,64,0,1295,8,NA,1,181
"FREDJACKSON","Fred Jackson","RB","BUF",19,61,NA,0,0,0,0,839,8,374,2,NA,1,178
"REGGIEBUSH","Reggie Bush","RB","DET",20,62,NA,0,0,0,0,780,6,474,4,NA,4,177
"ANDREJOHNSON","Andre Johnson","WR","HOU",12,62,NA,0,0,0,0,0,0,1534,4,NA,0,177
"CORDARRELLEPATTERSON","Cordarrelle Patterson","WR","MIN",12,62,NA,0,0,0,0,78,2,1165,7,NA,0,177
"JIMMYGRAHAM","Jimmy Graham","TE","NOS",1,65,NA,0,0,0,0,0,0,1046,12,NA,0,176
"RAYRICE","Ray Rice","RB","BAL",21,66,NA,0,0,0,0,942,7,388,1,NA,3,174
"ALFREDMORRIS","Alfred Morris","RB","WAS",22,67,NA,0,0,0,0,1250,8,73,0,NA,4,172
"STEVENJACKSON","Steven Jackson","RB","ATL",23,68,NA,0,0,0,0,852,8,305,1,NA,0,169
"WESWELKER","Wes Welker","WR","DEN",14,69,NA,0,0,0,0,0,0,1051,10,NA,0,165
"GIOVANIBERNARD","Giovani Bernard","RB","CIN",24,70,NA,0,0,0,0,780,6,507,1,NA,3,164
"BENTATE","Ben Tate","RB","CLE",24,70,NA,0,0,0,0,1075,6,179,1,NA,1,164
"DEANGELOWILLIAMS","DeAngelo Williams","RB","CAR",26,72,NA,0,0,0,0,844,7,295,2,NA,2,163
"MICHAELCRABTREE","Michael Crabtree","WR","SFO",15,73,NA,0,0,0,0,10,0,1150,8,NA,1,162
"ERICDECKER","Eric Decker","WR","NYJ",15,73,NA,0,0,0,0,8,0,1200,7,NA,0,162
"KEENANALLEN","Keenan Allen","WR","SDC",17,75,NA,0,0,0,0,0,0,1157,8,NA,2,159
"LARRYFITZGERALD","Larry Fitzgerald","WR","ARI",18,76,NA,0,0,0,0,5,0,1050,9,NA,1,157
"RODDYWHITE","Roddy White","WR","ATL",18,76,NA,0,0,0,0,0,0,1116,8,NA,1,157
"RANDALLCOBB","Randall Cobb","WR","GBP",20,78,NA,0,0,0,0,30,0,979,9,NA,0,154
"JULIANEDELMAN","Julian Edelman","WR","NEP",20,78,NA,0,0,0,0,9,0,1125,7,NA,0,154
"REGGIEWAYNE","Reggie Wayne","WR","IND",20,78,NA,0,0,0,0,0,0,1265,5,NA,1,154
"BISHOPSANKEY","Bishop Sankey","RB","TEN",27,81,NA,0,0,0,0,900,6,196,2,NA,2,153
"VERNONDAVIS","Vernon Davis","TE","SFO",2,82,NA,0,0,0,0,0,0,825,12,NA,1,152
"JULIUSTHOMAS","Julius Thomas","TE","DEN",2,82,NA,0,0,0,0,0,0,883,11,NA,1,152
"MAURICEJONESDREW","Maurice Jones-Drew","RB","OAK",28,84,NA,0,0,0,0,833,6,340,0,NA,1,151
"RYANMATHEWS","Ryan Mathews","RB","SDC",29,85,NA,0,0,0,0,988,5,202,1,NA,2,150
"TRENTRICHARDSON","Trent Richardson","RB","IND",29,85,NA,0,0,0,0,705,7,281,2,NA,1,150
"SAMMYWATKINS","Sammy Watkins","WR","BUF",23,85,NA,0,0,0,0,12,0,1094,7,NA,1,150
"RASHADJENNINGS","Rashad Jennings","RB","NYG",31,88,NA,0,0,0,0,817,7,277,0,NA,1,148
"PIERREGARCON","Pierre Garcon","WR","WAS",24,89,NA,0,0,0,0,14,0,1185,5,NA,1,147
"TEDDYBRIDGEWATER","Teddy Bridgewater","QB","MIN",32,90,NA,145,1650,13,9,135,1,0,0,NA,0,144
"JAMESJONES","James Jones","WR","OAK",25,90,NA,0,0,0,0,1,0,1106,6,NA,1,144
"MIKEWALLACE","Mike Wallace","WR","MIA",25,90,NA,0,0,0,0,25,0,960,8,NA,1,144
"KYLERUDOLPH","Kyle Rudolph","TE","MIN",4,93,NA,0,0,0,0,0,0,775,11,NA,0,143
"DESEANJACKSON","DeSean Jackson","WR","WAS",27,93,NA,0,0,0,0,2,0,1075,6,NA,0,143
"CECILSHORTS","Cecil Shorts","WR","JAC",28,95,NA,0,0,0,0,0,0,957,8,NA,1,141
"TORREYSMITH","Torrey Smith","WR","BAL",29,96,NA,0,0,0,0,0,0,1102,5,NA,0,140
"DENNISPITTA","Dennis Pitta","TE","BAL",5,97,NA,0,0,0,0,0,0,825,9,NA,0,136
"JEREMYMACLIN","Jeremy Maclin","WR","PHI",30,97,NA,0,0,0,0,3,0,909,8,NA,1,136
"DANNYWOODHEAD","Danny Woodhead","RB","SDC",32,99,NA,0,0,0,0,411,3,481,5,NA,1,135
"DARRENMCFADDEN","Darren McFadden","RB","OAK",33,100,NA,0,0,0,0,550,5,439,1,NA,0,134
"STEVANRIDLEY","Stevan Ridley","RB","NEP",34,101,NA,0,0,0,0,826,8,72,0,NA,2,133
"MARQUESCOLSTON","Marques Colston","WR","NOS",31,101,NA,0,0,0,0,0,0,995,6,NA,1,133
"JOIQUEBELL","Joique Bell","RB","DET",35,103,NA,0,0,0,0,530,6,491,0,NA,3,132
"PERCYHARVIN","Percy Harvin","WR","SEA",32,103,NA,0,0,0,0,44,0,883,7,NA,1,132
"HAKEEMNICKS","Hakeem Nicks","WR","IND",32,103,NA,0,0,0,0,3,0,962,6,NA,0,132
"ROBERTWOODS","Robert Woods","WR","BUF",32,103,NA,0,0,0,0,13,0,1015,5,NA,0,132
"JORDANREED","Jordan Reed","TE","WAS",6,107,NA,0,0,0,0,9,0,915,7,NA,1,131
"JASONWITTEN","Jason Witten","TE","DAL",6,107,NA,0,0,0,0,0,0,953,6,NA,0,131
"PIERRETHOMAS","Pierre Thomas","RB","NOS",36,109,NA,0,0,0,0,593,3,375,3,NA,1,130
"MICHAELFLOYD","Michael Floyd","WR","ARI",35,109,NA,0,0,0,0,1,0,1005,5,NA,0,130
"TYHILTON","T.Y. Hilton","WR","IND",35,109,NA,0,0,0,0,20,0,806,8,NA,0,130
"SHONNGREENE","Shonn Greene","RB","TEN",37,112,NA,0,0,0,0,650,9,73,0,NA,0,126
"KENNYSTILLS","Kenny Stills","WR","NOS",37,112,NA,0,0,0,0,0,0,841,7,NA,0,126
"DWAYNEBOWE","Dwayne Bowe","WR","KCC",38,114,NA,0,0,0,0,1,0,900,6,NA,1,124
"GREGOLSEN","Greg Olsen","TE","CAR",8,115,NA,0,0,0,0,0,0,813,7,NA,0,123
"RILEYCOOPER","Riley Cooper","WR","PHI",39,115,NA,0,0,0,0,1,0,757,8,NA,0,123
"LADARIUSGREEN","Ladarius Green","TE","SDC",9,117,NA,0,0,0,0,0,0,675,9,NA,0,121
"KENDALLWRIGHT","Kendall Wright","WR","TEN",40,118,NA,0,0,0,0,3,0,1047,3,NA,1,120
"CHARLESCLAY","Charles Clay","TE","MIA",10,119,NA,0,0,0,0,10,1,708,7,NA,0,119
"GREGJENNINGS","Greg Jennings","WR","MIN",41,119,NA,0,0,0,0,3,0,837,6,NA,0,119
"ROBGRONKOWSKI","Rob Gronkowski","TE","NEP",11,121,NA,0,0,0,0,1,0,703,8,NA,0,118
"JERRICHOCOTCHERY","Jerricho Cotchery","WR","CAR",42,121,NA,0,0,0,0,2,0,649,9,NA,0,118
"JORDANCAMERON","Jordan Cameron","TE","CLE",12,123,NA,0,0,0,0,0,0,814,6,NA,0,117
"MATTCASSEL","Matt Cassel","QB","MIN",33,124,NA,130,1550,9,8,70,1,0,0,NA,2,114
"CHRISIVORY","Chris Ivory","RB","NYJ",38,125,NA,0,0,0,0,770,5,62,0,NA,0,113
"BRIANHARTLINE","Brian Hartline","WR","MIA",43,126,NA,0,0,0,0,0,0,909,4,NA,1,112
"JEREMYKERLEY","Jeremy Kerley","WR","NYJ",43,126,NA,0,0,0,0,18,0,835,5,NA,1,112
"SHANEVEREEN","Shane Vereen","RB","NEP",39,128,NA,0,0,0,0,350,2,475,3,NA,1,110
"DWAYNEALLEN","Dwayne Allen","TE","IND",13,128,NA,0,0,0,0,5,0,625,8,NA,0,110
"MARVINJONES","Marvin Jones","WR","CIN",45,130,NA,0,0,0,0,55,0,741,5,NA,0,109
"BRANDINCOOKS","Brandin Cooks","WR","NOS",46,131,NA,0,0,0,0,0,0,725,6,NA,0,108
"TEDGINNJR","Ted Ginn Jr.","WR","ARI",46,131,NA,0,0,0,0,21,0,706,6,NA,0,108
"ANTONIOGATES","Antonio Gates","TE","SDC",14,133,NA,0,0,0,0,0,0,661,7,NA,1,106
"GARRETTGRAHAM","Garrett Graham","TE","HOU",14,133,NA,0,0,0,0,0,0,725,6,NA,1,106
"STEVESMITH","Steve Smith","WR","BAL",48,135,NA,0,0,0,0,0,0,759,5,NA,0,105
"JUSTINHUNTER","Justin Hunter","WR","TEN",49,136,NA,0,0,0,0,0,0,803,4,NA,0,104
"DANNYAMENDOLA","Danny Amendola","WR","NEP",50,137,NA,0,0,0,0,2,0,850,3,NA,0,103
"DENARIUSMOORE","Denarius Moore","WR","OAK",50,137,NA,0,0,0,0,3,0,731,5,NA,0,103
"TERRANCEWILLIAMS","Terrance Williams","WR","DAL",50,137,NA,0,0,0,0,7,0,772,5,NA,2,103
"DARRENSPROLES","Darren Sproles","RB","PHI",40,140,NA,0,0,0,0,195,3,490,3,NA,1,102
"DELANIEWALKER","Delanie Walker","TE","TEN",16,140,NA,0,0,0,0,0,0,625,7,NA,1,102
"JOSHGORDON","Josh Gordon","WR","CLE",53,140,NA,0,0,0,0,14,0,733,5,NA,1,102
"ERICEBRON","Eric Ebron","TE","DET",17,143,NA,0,0,0,0,0,0,650,6,NA,0,101
"MALCOMFLOYD","Malcom Floyd","WR","SDC",54,144,NA,0,0,0,0,17,0,714,5,NA,1,100
"HEATHMILLER","Heath Miller","TE","PIT",18,145,NA,0,0,0,0,0,0,717,5,NA,1,99
"MIKEWILLIAMS","Mike Williams","WR","BUF",55,145,NA,0,0,0,0,11,0,620,6,NA,0,99
"JERMAINEGRESHAM","Jermaine Gresham","TE","CIN",19,147,NA,0,0,0,0,0,0,621,7,NA,3,98
"MYCHALRIVERA","Mychal Rivera","TE","OAK",19,147,NA,0,0,0,0,0,0,625,6,NA,0,98
"MIKEEVANS","Mike Evans","WR","TBB",56,147,NA,0,0,0,0,0,0,622,6,NA,0,98
"MARQISELEE","Marqise Lee","WR","JAC",57,150,NA,0,0,0,0,5,0,750,4,NA,1,97
"JAREDCOOK","Jared Cook","TE","STL",21,151,NA,0,0,0,0,0,0,626,6,NA,1,96
"KELVINBENJAMIN","Kelvin Benjamin","WR","CAR",58,151,NA,0,0,0,0,30,0,650,5,NA,1,96
"GOLDENTATE","Golden Tate","WR","DET",58,151,NA,0,0,0,0,0,0,782,3,NA,0,96
"MARTELLUSBENNETT","Martellus Bennett","TE","CHI",22,154,NA,0,0,0,0,0,0,675,5,NA,1,95
"ZACHERTZ","Zach Ertz","TE","PHI",23,155,NA,0,0,0,0,0,0,525,7,NA,0,94
"LANCEMOORE","Lance Moore","WR","PIT",60,155,NA,0,0,0,0,3,0,663,5,NA,1,94
"MILESAUSTIN","Miles Austin","WR","CLE",61,157,NA,0,0,0,0,1,0,650,5,NA,1,93
"DOUGBALDWIN","Doug Baldwin","WR","SEA",61,157,NA,0,0,0,0,5,0,696,4,NA,0,93
"JARRETTBOYKIN","Jarrett Boykin","WR","GBP",63,159,NA,0,0,0,0,3,0,682,4,NA,0,92
"BENJARVUSGREENELLIS","BenJarvus Green-Ellis","RB","CIN",41,160,NA,0,0,0,0,522,4,110,1,NA,1,91
"SCOTTCHANDLER","Scott Chandler","TE","BUF",24,160,NA,0,0,0,0,0,0,635,5,NA,1,91
"NATEWASHINGTON","Nate Washington","WR","TEN",64,160,NA,0,0,0,0,0,0,617,5,NA,0,91
"AUSTINSEFERIANJENKINS","Austin Seferian-Jenkins","TE","TBB",25,163,NA,0,0,0,0,2,0,546,6,NA,0,90
"CJANDERSON","C.J. Anderson","RB","DEN",42,164,NA,0,0,0,0,584,2,171,1,NA,2,89
"JACQUIZZRODGERS","Jacquizz Rodgers","RB","ATL",42,164,NA,0,0,0,0,386,2,355,1,NA,1,89
"TYLEREIFERT","Tyler Eifert","TE","CIN",26,166,NA,0,0,0,0,0,0,525,6,NA,0,88
"DAVIDNELSON","David Nelson","WR","NYJ",65,166,NA,0,0,0,0,3,0,605,5,NA,1,88
"DEANDREHOPKINS","DeAndre Hopkins","WR","HOU",66,168,NA,0,0,0,0,0,0,779,2,NA,1,87
"MARKINGRAM","Mark Ingram","RB","NOS",44,169,NA,0,0,0,0,550,4,119,0,NA,2,86
"STEPFANTAYLOR","Stepfan Taylor","RB","ARI",44,169,NA,0,0,0,0,468,1,303,1,NA,1,86
"BRENTCELEK","Brent Celek","TE","PHI",27,171,NA,0,0,0,0,0,0,575,5,NA,1,85
"MARCEDESLEWIS","Marcedes Lewis","TE","JAC",27,171,NA,0,0,0,0,0,0,519,6,NA,1,85
"LEGARRETTEBLOUNT","LeGarrette Blount","RB","PIT",46,173,NA,0,0,0,0,625,3,60,0,NA,1,84
"TAVONAUSTIN","Tavon Austin","WR","STL",67,174,NA,0,0,0,0,61,1,482,4,NA,1,82
"CHRISGIVENS","Chris Givens","WR","STL",67,174,NA,0,0,0,0,7,0,721,2,NA,1,82
"JASONCAMPBELL","Jason Campbell","QB","CIN",34,176,NA,77,929,8,2,76,0,0,0,NA,1,81
"JONATHANSTEWART","Jonathan Stewart","RB","CAR",47,177,NA,0,0,0,0,454,2,170,1,NA,0,80
"ODELLBECKHAM","Odell Beckham","WR","NYG",69,177,NA,0,0,0,0,0,0,525,5,NA,1,80
"ALLENROBINSON","Allen Robinson","WR","JAC",69,177,NA,0,0,0,0,0,0,525,5,NA,1,80
"JACEAMARO","Jace Amaro","TE","NYJ",29,180,NA,0,0,0,0,0,0,550,4,NA,0,79
"DONNIEAVERY","Donnie Avery","WR","KCC",71,180,NA,0,0,0,0,9,0,576,4,NA,1,79
"BLAKEBORTLES","Blake Bortles","QB","JAC",35,182,NA,80,1000,8,1,16,0,0,0,NA,2,78
"KHIRYROBINSON","Khiry Robinson","RB","NOS",48,182,NA,0,0,0,0,450,2,50,3,NA,1,78
"NATEBURLESON","Nate Burleson","WR","CLE",72,182,NA,0,0,0,0,8,0,625,3,NA,1,78
"JAMESSTARKS","James Starks","RB","GBP",49,185,NA,0,0,0,0,502,2,80,1,NA,0,76
"ANDREROBERTS","Andre Roberts","WR","WAS",73,185,NA,0,0,0,0,4,0,522,4,NA,0,76
"EDDIEROYAL","Eddie Royal","WR","SDC",73,185,NA,0,0,0,0,22,0,527,4,NA,1,76
"MARCELREECE","Marcel Reece","RB","OAK",50,188,NA,0,0,0,0,158,2,365,2,NA,0,75
"AHMADBRADSHAW","Ahmad Bradshaw","RB","IND",51,189,NA,0,0,0,0,319,4,144,1,NA,1,73
"KNILEDAVIS","Knile Davis","RB","KCC",51,189,NA,0,0,0,0,292,5,100,1,NA,1,73
"JOSEPHFAURIA","Joseph Fauria","TE","DET",30,189,NA,0,0,0,0,0,0,315,7,NA,0,73
"JERMICHAELFINLEY","Jermichael Finley","TE","GBP",30,189,NA,0,0,0,0,0,0,554,3,NA,0,73
"MARTAVISBRYANT","Martavis Bryant","WR","PIT",75,189,NA,0,0,0,0,4,0,495,4,NA,0,73
"EMMANUELSANDERS","Emmanuel Sanders","WR","DEN",75,189,NA,0,0,0,0,0,0,570,3,NA,1,73
"BOBBYRAINEY","Bobby Rainey","RB","TBB",53,195,NA,0,0,0,0,427,4,26,1,NA,1,72
"AUSTINPETTIS","Austin Pettis","WR","STL",77,195,NA,0,0,0,0,0,0,422,5,NA,0,72
"ZACHMILLER","Zach Miller","TE","SEA",32,197,NA,0,0,0,0,0,0,428,5,NA,1,70
"BRANDONPETTIGREW","Brandon Pettigrew","TE","DET",33,198,NA,0,0,0,0,0,0,551,3,NA,2,69
"JARVISLANDRY","Jarvis Landry","WR","MIA",78,198,NA,0,0,0,0,11,0,500,3,NA,0,69
"RYANFITZPATRICK","Ryan Fitzpatrick","QB","HOU",36,200,NA,58,663,5,3,89,2,0,0,NA,1,68
"BRANDONBOLDEN","Brandon Bolden","RB","NEP",54,200,NA,0,0,0,0,324,2,185,1,NA,0,68
"MARKUSWHEATON","Markus Wheaton","WR","PIT",79,200,NA,0,0,0,0,0,0,449,4,NA,0,68
"DAVIDWILSON","David Wilson","RB","NYG",55,203,NA,0,0,0,0,302,5,51,1,NA,2,67
"HARRYDOUGLAS","Harry Douglas","WR","ATL",80,203,NA,0,0,0,0,3,0,570,2,NA,1,67
"JORDANMATTHEWS","Jordan Matthews","WR","PHI",80,203,NA,0,0,0,0,0,0,450,4,NA,1,67
"ANQUANBOLDIN","Anquan Boldin","WR","SFO",82,206,NA,0,0,0,0,6,0,547,2,NA,0,66
"STEVIEJOHNSON","Stevie Johnson","WR","SFO",82,206,NA,0,0,0,0,12,0,495,3,NA,1,66
"BERNARDPIERCE","Bernard Pierce","RB","BAL",56,208,NA,0,0,0,0,467,2,75,0,NA,0,65
"RODSTREATER","Rod Streater","WR","OAK",84,208,NA,0,0,0,0,0,0,536,2,NA,0,65
"JERMAINEKEARSE","Jermaine Kearse","WR","SEA",85,210,NA,0,0,0,0,0,0,364,5,NA,1,64
"ANDREBROWN","Andre Brown","RB","HOU",57,211,NA,0,0,0,0,370,2,120,1,NA,2,63
"TIMWRIGHT","Tim Wright","TE","TBB",34,211,NA,0,0,0,0,2,0,394,4,NA,0,63
"MOHAMEDSANU","Mohamed Sanu","WR","CIN",86,211,NA,0,0,0,0,36,0,424,3,NA,0,63
"LAMARMILLER","Lamar Miller","RB","MIA",58,214,NA,0,0,0,0,368,2,94,1,NA,1,61
"JEFFCUMBERLAND","Jeff Cumberland","TE","NYJ",35,214,NA,0,0,0,0,0,0,374,4,NA,0,61
"RISHARDMATTHEWS","Rishard Matthews","WR","MIA",87,214,NA,0,0,0,0,1,0,497,2,NA,0,61
"RUEBENRANDLE","Rueben Randle","WR","NYG",88,217,NA,0,0,0,0,0,0,425,3,NA,0,60
"ANTHONYFASANO","Anthony Fasano","TE","KCC",36,218,NA,0,0,0,0,0,0,299,5,NA,0,59
"RYANGRIFFIN","Ryan Griffin","TE","HOU",37,219,NA,0,0,0,0,0,0,465,2,NA,0,58
"LUKEWILLSON","Luke Willson","TE","SEA",37,219,NA,0,0,0,0,0,0,345,4,NA,0,58
"MARQUESSWILSON","Marquess Wilson","WR","CHI",89,219,NA,0,0,0,0,10,0,270,5,NA,0,58
"JEREMYHILL","Jeremy Hill","RB","CIN",59,222,NA,0,0,0,0,375,3,28,0,NA,0,57
"MATTFLYNN","Matt Flynn","QB","GBP",37,223,NA,74,847,6,4,29,0,0,0,NA,4,56
"VICKBALLARD","Vick Ballard","RB","IND",60,223,NA,0,0,0,0,345,3,48,0,NA,0,56
"KIRKCOUSINS","Kirk Cousins","QB","WAS",38,225,NA,67,832,6,7,16,0,0,0,NA,2,55
"KADEEMCAREY","Ka'Deem Carey","RB","CHI",61,225,NA,0,0,0,0,262,3,75,1,NA,1,55
"MIKETOLBERT","Mike Tolbert","RB","CAR",61,225,NA,0,0,0,0,182,3,195,0,NA,0,55
"ROBERTHOUSLER","Robert Housler","TE","ARI",39,225,NA,0,0,0,0,0,0,490,1,NA,0,55
"JEROMESIMPSON","Jerome Simpson","WR","MIN",90,225,NA,0,0,0,0,0,0,450,2,NA,1,55
"ROYHELU","Roy Helu","RB","WAS",63,230,NA,0,0,0,0,222,2,205,0,NA,0,54
"BRANDONMYERS","Brandon Myers","TE","TBB",40,230,NA,0,0,0,0,0,0,425,2,NA,0,54
"ACESANDERS","Ace Sanders","WR","JAC",91,230,NA,0,0,0,0,3,0,489,1,NA,0,54
"JARIUSWRIGHT","Jarius Wright","WR","MIN",91,230,NA,0,0,0,0,19,2,230,3,NA,0,54
"LEONARDHANKERSON","Leonard Hankerson","WR","WAS",93,234,NA,0,0,0,0,7,0,297,4,NA,0,53
"RONNIEHILLMAN","Ronnie Hillman","RB","DEN",64,235,NA,0,0,0,0,199,2,143,1,NA,0,51
"ANDREHOLMES","Andre Holmes","WR","OAK",94,236,NA,0,0,0,0,6,0,381,2,NA,0,50
"CARLOSHYDE","Carlos Hyde","RB","SFO",65,237,NA,0,0,0,0,358,2,34,0,NA,1,48
"COBYFLEENER","Coby Fleener","TE","IND",41,237,NA,0,0,0,0,0,0,365,2,NA,0,48
"ADRIENROBINSON","Adrien Robinson","TE","NYG",41,237,NA,0,0,0,0,0,0,300,3,NA,0,48
"JORDANTODMAN","Jordan Todman","RB","JAC",66,240,NA,0,0,0,0,250,2,66,1,NA,1,47
"LANCEKENDRICKS","Lance Kendricks","TE","STL",43,240,NA,0,0,0,0,0,0,237,4,NA,0,47
"LAVONBRAZILL","LaVon Brazill","WR","IND",95,240,NA,0,0,0,0,1,0,296,3,NA,0,47
"COLEBEASLEY","Cole Beasley","WR","DAL",96,243,NA,0,0,0,0,1,0,348,2,NA,0,46
"JERRELJERNIGAN","Jerrel Jernigan","WR","NYG",96,243,NA,0,0,0,0,0,0,423,1,NA,1,46
"MATTMCGLOIN","Matt McGloin","QB","OAK",39,245,NA,48,715,5,9,30,0,0,0,NA,2,45
"LATAVIUSMURRAY","Latavius Murray","RB","OAK",67,246,NA,0,0,0,0,230,1,97,1,NA,0,44
"LEVINETOILOLO","Levine Toilolo","TE","ATL",44,246,NA,0,0,0,0,0,0,262,3,NA,0,44
"AJJENKINS","A.J. Jenkins","WR","KCC",98,246,NA,0,0,0,0,3,0,321,2,NA,0,44
"TRAVARISCADET","Travaris Cadet","RB","NOS",68,249,NA,0,0,0,0,185,0,215,1,NA,1,43
"THADDEUSLEWIS","Thaddeus Lewis","QB","BUF",40,250,NA,47,663,2,2,34,0,0,0,NA,0,42
"CHRISPOLK","Chris Polk","RB","PHI",69,250,NA,0,0,0,0,130,4,50,0,NA,0,42
"LOGANPAULSEN","Logan Paulsen","TE","WAS",45,250,NA,0,0,0,0,0,0,267,3,NA,1,42
"DAVANTEADAMS","Davante Adams","WR","GBP",99,250,NA,0,0,0,0,3,0,146,5,NA,1,42
"ROBERTTURBIN","Robert Turbin","RB","SEA",70,254,NA,0,0,0,0,311,0,122,0,NA,1,41
"PEYTONHILLIS","Peyton Hillis","RB","NYG",71,255,NA,0,0,0,0,266,1,83,0,NA,0,40
"TERRANCEWEST","Terrance West","RB","CLE",71,255,NA,0,0,0,0,171,0,193,1,NA,1,40
"BRANDONLAFELL","Brandon LaFell","WR","NEP",100,255,NA,0,0,0,0,9,0,342,1,NA,0,40
"TIQUANUNDERWOOD","Tiquan Underwood","WR","CAR",101,258,NA,0,0,0,0,11,0,320,1,NA,0,39
"MARLONBROWN","Marlon Brown","WR","BAL",102,259,NA,0,0,0,0,3,0,324,1,NA,0,38
"DENNISJOHNSON","Dennis Johnson","RB","HOU",73,260,NA,0,0,0,0,265,0,56,1,NA,0,37
"BENWATSON","Ben Watson","TE","NOS",46,260,NA,0,0,0,0,0,0,191,3,NA,0,37
"GRIFFWHALEN","Griff Whalen","WR","IND",103,260,NA,0,0,0,0,3,0,254,2,NA,0,37
"DONALDBROWN","Donald Brown","RB","SDC",74,263,NA,0,0,0,0,239,1,75,0,NA,0,36
"JACOBTAMME","Jacob Tamme","TE","DEN",47,263,NA,0,0,0,0,0,0,242,2,NA,0,36
"RONNIEBROWN","Ronnie Brown","RB","SDC",75,265,NA,0,0,0,0,165,0,197,0,NA,0,35
"TREMASON","Tre Mason","RB","STL",75,265,NA,0,0,0,0,251,1,65,0,NA,1,35
"JOSEPHMORGAN","Joseph Morgan","WR","NOS",104,265,NA,0,0,0,0,3,0,171,3,NA,0,35
"SANTANAMOSS","Santana Moss","WR","WAS",104,265,NA,0,0,0,0,10,0,222,2,NA,0,35
"KYLEORTON","Kyle Orton","QB","DAL",41,269,NA,40,485,3,3,11,0,0,0,NA,0,34
"LANCEDUNBAR","Lance Dunbar","RB","DAL",77,269,NA,0,0,0,0,226,1,83,0,NA,1,34
"CHRISOGBONNAYA","Chris Ogbonnaya","RB","CLE",77,269,NA,0,0,0,0,67,0,180,2,NA,1,34
"OWENDANIELS","Owen Daniels","TE","BAL",48,269,NA,0,0,0,0,0,0,227,2,NA,0,34
"ANDRECALDWELL","Andre Caldwell","WR","DEN",106,269,NA,0,0,0,0,4,0,161,3,NA,0,34
"MARQUISEGOODWIN","Marquise Goodwin","WR","BUF",106,269,NA,0,0,0,0,28,0,225,2,NA,1,34
"JOHNKUHN","John Kuhn","RB","GBP",79,275,NA,0,0,0,0,51,3,120,0,NA,1,33
"BRIANQUICK","Brian Quick","WR","STL",108,275,NA,0,0,0,0,0,0,211,2,NA,0,33
"MATTASIATA","Matt Asiata","RB","MIN",80,277,NA,0,0,0,0,136,2,98,0,NA,1,32
"DWAYNEHARRIS","Dwayne Harris","WR","DAL",109,277,NA,0,0,0,0,3,0,164,3,NA,1,32
"LOUISMURPHY","Louis Murphy","WR","TBB",109,277,NA,0,0,0,0,4,0,263,1,NA,0,32
"GREGLITTLE","Greg Little","WR","OAK",111,280,NA,0,0,0,0,5,0,258,1,NA,0,31
"ROBERTMEACHEM","Robert Meachem","WR","NOS",111,280,NA,0,0,0,0,1,0,254,1,NA,0,31
"JONATHANDWYER","Jonathan Dwyer","RB","ARI",81,282,NA,0,0,0,0,225,0,86,0,NA,0,30
"CHARLESSIMS","Charles Sims","RB","TBB",81,282,NA,0,0,0,0,194,1,50,0,NA,0,30
"KENNYBRITT","Kenny Britt","WR","STL",113,282,NA,0,0,0,0,0,0,189,2,NA,0,30
"BENNYCUNNINGHAM","Benny Cunningham","RB","STL",83,285,NA,0,0,0,0,210,1,41,0,NA,1,29
"JOHNATHANFRANKLIN","Johnathan Franklin","RB","GBP",84,286,NA,0,0,0,0,106,3,48,0,NA,2,28
"DEXTERMCCLUSTER","Dexter McCluster","RB","TEN",84,286,NA,0,0,0,0,0,0,104,3,NA,0,28
"KRISDURHAM","Kris Durham","WR","DET",114,286,NA,0,0,0,0,15,0,198,2,NA,2,28
"JIMDRAY","Jim Dray","TE","CLE",49,289,NA,0,0,0,0,0,0,173,2,NA,1,27
"JOELDREESSEN","Joel Dreessen","TE","DEN",49,289,NA,0,0,0,0,3,0,156,2,NA,0,27
"KESHAWNMARTIN","Keshawn Martin","WR","HOU",115,289,NA,0,0,0,0,5,0,152,2,NA,0,27
"ANTONESMITH","Antone Smith","RB","ATL",86,292,NA,0,0,0,0,79,2,73,0,NA,0,26
"CHASEDANIEL","Chase Daniel","QB","KCC",42,293,NA,29,293,1,1,88,0,0,0,NA,0,25
"LAMICHAELJAMES","LaMichael James","RB","SFO",87,293,NA,0,0,0,0,155,1,60,0,NA,1,25
"CHRISTINEMICHAEL","Christine Michael","RB","SEA",87,293,NA,0,0,0,0,100,0,39,2,NA,0,25
"JOHNCARLSON","John Carlson","TE","ARI",51,293,NA,0,0,0,0,0,0,170,2,NA,2,25
"BRIANHOYER","Brian Hoyer","QB","CLE",43,297,NA,32,310,3,2,13,0,0,0,NA,1,24
"EDDICKSON","Ed Dickson","TE","CAR",52,297,NA,0,0,0,0,0,0,186,1,NA,0,24
"DIONSIMS","Dion Sims","TE","MIA",52,297,NA,0,0,0,0,0,0,120,2,NA,0,24
"STEDMANBAILEY","Stedman Bailey","WR","STL",116,297,NA,0,0,0,0,15,1,176,0,NA,0,24
"JUNIORHEMINGWAY","Junior Hemingway","WR","KCC",116,297,NA,0,0,0,0,0,0,145,2,NA,1,24
"CEDRICPEERMAN","Cedric Peerman","RB","CIN",89,302,NA,0,0,0,0,123,1,50,0,NA,0,23
"RYANBROYLES","Ryan Broyles","WR","DET",118,302,NA,0,0,0,0,5,0,111,2,NA,0,23
"AARONDOBSON","Aaron Dobson","WR","NEP",118,302,NA,0,0,0,0,1,0,118,2,NA,0,23
"DARIUSJOHNSON","Darius Johnson","WR","ATL",118,302,NA,0,0,0,0,0,0,175,1,NA,0,23
"GAVINESCOBAR","Gavin Escobar","TE","DAL",54,306,NA,0,0,0,0,0,0,100,2,NA,0,22
"CLAYHARBOR","Clay Harbor","TE","JAC",54,306,NA,0,0,0,0,0,0,186,1,NA,1,22
"BRITTANGOLDEN","Brittan Golden","WR","ARI",121,306,NA,0,0,0,0,0,0,160,1,NA,0,22
"ANDREWHAWKINS","Andrew Hawkins","WR","CLE",121,306,NA,0,0,0,0,20,0,228,0,NA,1,22
"KEVINOGLETREE","Kevin Ogletree","WR","DET",121,306,NA,0,0,0,0,3,0,109,2,NA,0,22
"JONATHANGRIMES","Jonathan Grimes","RB","HOU",90,311,NA,0,0,0,0,89,1,110,0,NA,2,21
"GARYBARNIDGE","Gary Barnidge","TE","CLE",56,311,NA,0,0,0,0,0,0,91,2,NA,0,21
"TYRODTAYLOR","Tyrod Taylor","QB","BAL",44,313,NA,9,79,0,3,141,1,0,0,NA,0,20
"MICHAELVICK","Michael Vick","QB","NYJ",44,313,NA,17,180,1,2,98,0,0,0,NA,0,20
"KENDALLHUNTER","Kendall Hunter","RB","SFO",91,313,NA,0,0,0,0,42,2,41,0,NA,0,20
"RHETTELLISON","Rhett Ellison","TE","MIN",57,313,NA,0,0,0,0,0,0,144,1,NA,0,20
"MIKEJAMES","Mike James","RB","TBB",92,317,NA,0,0,0,0,125,0,67,0,NA,0,18
"DANIELTHOMAS","Daniel Thomas","RB","MIA",92,317,NA,0,0,0,0,87,1,47,0,NA,0,18
"JAKEBALLARD","Jake Ballard","TE","ARI",58,317,NA,0,0,0,0,0,0,60,2,NA,0,18
"SEANMCGRATH","Sean McGrath","TE","KCC",58,317,NA,0,0,0,0,0,0,122,1,NA,0,18
"CRAIGSTEVENS","Craig Stevens","TE","TEN",58,317,NA,0,0,0,0,0,0,120,1,NA,0,18
"MATTSPAETH","Matt Spaeth","TE","PIT",61,322,NA,0,0,0,0,0,0,50,2,NA,0,17
"TAVARRESKING","Tavarres King","WR","CAR",124,322,NA,0,0,0,0,0,0,54,2,NA,0,17
"DEVIERPOSEY","DeVier Posey","WR","HOU",124,322,NA,0,0,0,0,6,0,170,0,NA,0,17
"DANESANZENBACHER","Dane Sanzenbacher","WR","CIN",124,322,NA,0,0,0,0,2,0,116,1,NA,0,17
"NICKKASA","Nick Kasa","TE","OAK",62,326,NA,0,0,0,0,0,0,47,2,NA,0,16
"TARVARISJACKSON","Tarvaris Jackson","QB","SEA",46,327,NA,7,101,1,0,0,1,0,0,NA,0,15
"TONYMOEAKI","Tony Moeaki","TE","BUF",63,327,NA,0,0,0,0,0,0,93,1,NA,0,15
"JURONCRINER","Juron Criner","WR","OAK",127,327,NA,0,0,0,0,0,0,98,1,NA,0,15
"CHRISTIANPONDER","Christian Ponder","QB","MIN",47,330,NA,25,220,1,2,13,0,0,0,NA,0,14
"BRYCEBROWN","Bryce Brown","RB","BUF",94,330,NA,0,0,0,0,72,0,19,1,NA,0,14
"JOSEPHRANDLE","Joseph Randle","RB","DAL",94,330,NA,0,0,0,0,92,0,53,0,NA,0,14
"JEREMYSTEWART","Jeremy Stewart","RB","OAK",94,330,NA,0,0,0,0,54,1,36,0,NA,0,14
"BRANDONBOSTICK","Brandon Bostick","TE","GBP",64,330,NA,0,0,0,0,0,0,80,1,NA,0,14
"MICHAELHOOMANAWANUI","Michael Hoomanawanui","TE","NEP",64,330,NA,0,0,0,0,0,0,147,0,NA,0,14
"MATTHASSELBECK","Matt Hasselbeck","QB","IND",48,336,NA,18,225,1,2,0,0,0,0,NA,0,13
"LARODSTEPHENSHOWLING","LaRod Stephens-Howling","RB","PIT",97,336,NA,0,0,0,0,90,0,65,0,NA,1,13
"JAMESWHITE","James White","RB","NEP",97,336,NA,0,0,0,0,22,1,75,0,NA,1,13
"CHASEFORD","Chase Ford","TE","MIN",66,336,NA,0,0,0,0,0,0,134,0,NA,0,13
"DENARDROBINSON","Denard Robinson","RB","JAC",99,340,NA,0,0,0,0,145,0,9,0,NA,1,12
"MARCUSTHIGPEN","Marcus Thigpen","RB","MIA",99,340,NA,0,0,0,0,14,0,76,1,NA,1,12
"RYANWILLIAMS","Ryan Williams","RB","DAL",99,340,NA,0,0,0,0,135,0,13,0,NA,1,12
"TRAVISBENJAMIN","Travis Benjamin","WR","CLE",128,340,NA,0,0,0,0,29,0,40,1,NA,0,12
"DARICKROGERS","Da'Rick Rogers","WR","IND",128,340,NA,0,0,0,0,0,0,121,0,NA,0,12
"MARCUSLATTIMORE","Marcus Lattimore","RB","SFO",102,345,NA,0,0,0,0,13,1,49,0,NA,0,11
"VANCEMCDONALD","Vance McDonald","TE","SFO",67,345,NA,0,0,0,0,0,0,116,0,NA,0,11
"NILESPAUL","Niles Paul","TE","WAS",67,345,NA,0,0,0,0,0,0,52,1,NA,0,11
"JARONBROWN","Jaron Brown","WR","ARI",130,345,NA,0,0,0,0,0,0,53,1,NA,0,11
"RICARDOLOCKETTE","Ricardo Lockette","WR","SEA",130,345,NA,0,0,0,0,0,0,115,0,NA,0,11
"CYRUSGRAY","Cyrus Gray","RB","KCC",103,350,NA,0,0,0,0,52,0,54,0,NA,0,10
"JONASGRAY","Jonas Gray","RB","NEP",103,350,NA,0,0,0,0,7,1,42,0,NA,0,10
"DUJUANHARRIS","DuJuan Harris","RB","GBP",103,350,NA,0,0,0,0,47,1,0,0,NA,0,10
"EVANROYSTER","Evan Royster","RB","WAS",103,350,NA,0,0,0,0,9,1,47,0,NA,0,10
"CHRISGRAGG","Chris Gragg","TE","BUF",69,350,NA,0,0,0,0,0,0,43,1,NA,0,10
"DOMENIKHIXON","Domenik Hixon","WR","CHI",132,350,NA,0,0,0,0,0,0,48,1,NA,0,10
"JACKIEBATTLE","Jackie Battle","RB","TEN",107,356,NA,0,0,0,0,78,0,26,0,NA,0,9
"MIKELLESHOURE","Mikel Leshoure","RB","DET",107,356,NA,0,0,0,0,36,1,23,0,NA,1,9
"JOEMCKNIGHT","Joe McKnight","RB","KCC",107,356,NA,0,0,0,0,2,0,36,1,NA,0,9
"TAURENPOOLE","Tauren Poole","RB","PIT",107,356,NA,0,0,0,0,5,0,37,1,NA,0,9
"CHASECOFFMAN","Chase Coffman","TE","ATL",70,356,NA,0,0,0,0,0,0,38,1,NA,0,9
"KELLENDAVIS","Kellen Davis","TE","NYG",70,356,NA,0,0,0,0,1,0,37,1,NA,0,9
"JAMESHANNA","James Hanna","TE","DAL",70,356,NA,0,0,0,0,0,0,91,0,NA,0,9
"DREWDAVIS","Drew Davis","WR","ATL",133,356,NA,0,0,0,0,0,0,31,1,NA,0,9
"BRUCEMILLER","Bruce Miller","RB","SFO",111,364,NA,0,0,0,0,0,0,88,0,NA,0,8
"BILALPOWELL","Bilal Powell","RB","NYJ",111,364,NA,0,0,0,0,85,0,29,0,NA,1,8
"CHRISRAINEY","Chris Rainey","RB","IND",111,364,NA,0,0,0,0,22,1,22,0,NA,1,8
"ANDREWQUARLESS","Andrew Quarless","TE","GBP",73,364,NA,0,0,0,0,0,0,80,0,NA,0,8
"TAYLORTHOMPSON","Taylor Thompson","TE","TEN",73,364,NA,0,0,0,0,0,0,25,1,NA,0,8
"STEPHENHILL","Stephen Hill","WR","NYJ",134,364,NA,0,0,0,0,0,0,85,0,NA,0,8
"DAMARISJOHNSON","Damaris Johnson","WR","PHI",134,364,NA,0,0,0,0,6,0,125,0,NA,2,8
"JACOBYJONES","Jacoby Jones","WR","BAL",134,364,NA,0,0,0,0,0,0,80,0,NA,0,8
"MATTMOORE","Matt Moore","QB","MIA",49,372,NA,7,122,1,3,0,0,0,0,NA,0,7
"SCOTTTOLZIEN","Scott Tolzien","QB","GBP",49,372,NA,9,99,1,1,4,0,0,0,NA,0,7
"MICHAELWILLIAMS","Michael Williams","TE","DET",75,372,NA,0,0,0,0,0,0,16,1,NA,0,7
"GREGSALAS","Greg Salas","WR","NYJ",137,372,NA,0,0,0,0,0,0,71,0,NA,0,7
"JORDANPALMER","Jordan Palmer","QB","CHI",51,376,NA,6,59,1,0,1,0,0,0,NA,0,6
"JEFFKING","Jeff King","TE","ARI",76,376,NA,0,0,0,0,0,0,65,0,NA,0,6
"DEREKMOYE","Derek Moye","WR","PIT",138,376,NA,0,0,0,0,0,0,1,1,NA,0,6
"DEONTETHOMPSON","Deonte Thompson","WR","BAL",138,376,NA,0,0,0,0,0,0,65,0,NA,0,6
"MIKEGLENNON","Mike Glennon","QB","TBB",52,380,NA,15,118,1,2,0,0,0,0,NA,1,5
"BROCKOSWEILER","Brock Osweiler","QB","DEN",52,380,NA,12,107,0,0,0,0,0,0,NA,0,5
"MIKEGOODSON","Mike Goodson","RB","NYJ",114,380,NA,0,0,0,0,37,0,22,0,NA,0,5
"CIERREWOOD","Cierre Wood","RB","BAL",114,380,NA,0,0,0,0,34,0,20,0,NA,0,5
"MICHAELEGNEW","Michael Egnew","TE","MIA",77,380,NA,0,0,0,0,0,0,57,0,NA,0,5
"DAVIDPAULSON","David Paulson","TE","PIT",77,380,NA,0,0,0,0,0,0,76,0,NA,1,5
"CHRISOWUSU","Chris Owusu","WR","TBB",140,380,NA,0,0,0,0,11,0,45,0,NA,0,5
"BRADYQUINN","Brady Quinn","QB","STL",54,387,NA,16,130,0,3,19,0,0,0,NA,0,4
"DIONLEWIS","Dion Lewis","RB","CLE",116,387,NA,0,0,0,0,22,0,21,0,NA,0,4
"DARYLRICHARDSON","Daryl Richardson","RB","NYJ",116,387,NA,0,0,0,0,12,0,39,0,NA,0,4
"PHILLIPTANNER","Phillip Tanner","RB","DAL",116,387,NA,0,0,0,0,29,0,29,0,NA,0,4
"GARRETTCELEK","Garrett Celek","TE","SFO",79,387,NA,0,0,0,0,0,0,43,0,NA,0,4
"JOSHCOOPER","Josh Cooper","WR","CLE",141,387,NA,0,0,0,0,0,0,47,0,NA,0,4
"DEREKCARR","Derek Carr","QB","OAK",55,393,NA,4,48,0,1,26,0,0,0,NA,0,3
"MARKSANCHEZ","Mark Sanchez","QB","PHI",55,393,NA,7,71,0,2,25,0,0,0,NA,0,3
"ANTHONYDIXON","Anthony Dixon","RB","BUF",119,393,NA,0,0,0,0,12,0,29,0,NA,0,3
"TONYFIAMMETTA","Tony Fiammetta","RB","CHI",119,393,NA,0,0,0,0,0,0,35,0,NA,0,3
"JUSTINFORSETT","Justin Forsett","RB","BAL",119,393,NA,0,0,0,0,4,0,30,0,NA,0,3
"JERICKMCKINNON","Jerick McKinnon","RB","MIN",119,393,NA,0,0,0,0,3,0,33,0,NA,0,3
"ZACHSUDFELD","Zach Sudfeld","TE","NYJ",80,393,NA,0,0,0,0,0,0,39,0,NA,0,3
"PATRICKEDWARDS","Patrick Edwards","WR","DET",142,393,NA,0,0,0,0,0,0,38,0,NA,0,3
"DARRIUSHEYWARDBEY","Darrius Heyward-Bey","WR","PIT",142,393,NA,0,0,0,0,7,0,31,0,NA,0,3
"JOSHJOHNSON","Josh Johnson","QB","SFO",57,402,NA,0,0,0,0,28,0,0,0,NA,0,2
"TJYATES","T.J. Yates","QB","HOU",57,402,NA,2,22,0,1,0,1,0,0,NA,2,2
"MIKEGILLISLEE","Mike Gillislee","RB","MIA",123,402,NA,0,0,0,0,27,0,2,0,NA,0,2
"ISAIAHPEAD","Isaiah Pead","RB","STL",123,402,NA,0,0,0,0,28,0,22,0,NA,1,2
"JOSHVAUGHAN","Josh Vaughan","RB","ATL",123,402,NA,0,0,0,0,2,0,29,0,NA,0,2
"DANTEROSARIO","Dante Rosario","TE","CHI",81,402,NA,0,0,0,0,0,0,24,0,NA,0,2
"KELLENWINSLOW","Kellen Winslow","TE","NYJ",81,402,NA,0,0,0,0,0,0,25,0,NA,0,2
"VINCENTBROWN","Vincent Brown","WR","SDC",144,402,NA,0,0,0,0,1,0,29,0,NA,0,2
"ERICPAGE","Eric Page","WR","TBB",144,402,NA,0,0,0,0,1,0,61,0,NA,2,2
"BRADSMITH","Brad Smith","WR","PHI",144,402,NA,0,0,0,0,4,0,24,0,NA,0,2
"DEREKANDERSON","Derek Anderson","QB","CAR",59,412,NA,2,24,0,0,1,0,0,0,NA,0,1
"MATTBARKLEY","Matt Barkley","QB","PHI",59,412,NA,9,82,0,1,0,0,0,0,NA,1,1
"KELLENCLEMENS","Kellen Clemens","QB","SDC",59,412,NA,11,113,0,2,9,0,0,0,NA,1,1
"DOMINIQUEDAVIS","Dominique Davis","QB","ATL",59,412,NA,3,23,0,0,0,0,0,0,NA,0,1
"BRUCEGRADKOWSKI","Bruce Gradkowski","QB","PIT",59,412,NA,2,27,0,0,0,0,0,0,NA,0,1
"DANORLOVSKY","Dan Orlovsky","QB","DET",59,412,NA,2,22,0,0,0,0,0,0,NA,0,1
"MATTSIMMS","Matt Simms","QB","NYJ",59,412,NA,1,7,0,0,13,0,0,0,NA,0,1
"JOEBANYARD","Joe Banyard","RB","MIN",126,412,NA,0,0,0,0,0,0,17,0,NA,0,1
"MICHAELFORD","Michael Ford","RB","CHI",126,412,NA,0,0,0,0,10,0,0,0,NA,0,1
"ZACHLINE","Zach Line","RB","MIN",126,412,NA,0,0,0,0,0,0,14,0,NA,0,1
"MIGUELMAYSONET","Miguel Maysonet","RB","PIT",126,412,NA,0,0,0,0,0,0,16,0,NA,0,1
"LEONWASHINGTON","Leon Washington","RB","TEN",126,412,NA,0,0,0,0,1,0,13,0,NA,0,1
"JAMESCASEY","James Casey","TE","PHI",83,412,NA,0,0,0,0,0,0,16,0,NA,0,1
"LARRYDONNELL","Larry Donnell","TE","NYG",83,412,NA,0,0,0,0,0,0,19,0,NA,0,1
"MATTHEWMULLIGAN","Matthew Mulligan","TE","CHI",83,412,NA,0,0,0,0,0,0,14,0,NA,0,1
"JOHNPHILLIPS","John Phillips","TE","SDC",83,412,NA,0,0,0,0,0,0,14,0,NA,0,1
"SEYIAJIROTUTU","Seyi Ajirotutu","WR","SDC",147,412,NA,0,0,0,0,0,0,19,0,NA,0,1
"JONBALDWIN","Jon Baldwin","WR","SFO",147,412,NA,0,0,0,0,0,0,19,0,NA,0,1
"BRANDONTATE","Brandon Tate","WR","CIN",147,412,NA,0,0,0,0,0,0,14,0,NA,0,1
"DAMIANWILLIAMS","Damian Williams","WR","MIA",147,412,NA,0,0,0,0,0,0,34,0,NA,1,1
"TYLERBRAY","Tyler Bray","QB","KCC",66,432,NA,0,0,0,0,0,0,0,0,NA,0,0
"AUSTINDAVIS","Austin Davis","QB","STL",66,432,NA,0,0,0,0,0,0,0,0,NA,0,0
"ZACDYSERT","Zac Dysert","QB","DEN",66,432,NA,0,0,0,0,0,0,0,0,NA,0,0
"RYANGRIFFIN","Ryan Griffin","QB","NOS",66,432,NA,1,4,0,0,3,0,0,0,NA,0,0
"LANDRYJONES","Landry Jones","QB","PIT",66,432,NA,0,0,0,0,0,0,0,0,NA,0,0
"MIKEKAFKA","Mike Kafka","QB","TBB",66,432,NA,0,0,0,0,0,0,0,0,NA,0,0
"RYANLINDLEY","Ryan Lindley","QB","ARI",66,432,NA,0,0,0,0,0,0,0,0,NA,0,0
"COLTMCCOY","Colt McCoy","QB","WAS",66,432,NA,0,0,0,0,0,0,0,0,NA,0,0
"KELLENMOORE","Kellen Moore","QB","DET",66,432,NA,0,0,0,0,0,0,0,0,NA,0,0
"RYANNASSIB","Ryan Nassib","QB","NYG",66,432,NA,0,0,0,0,0,0,0,0,NA,0,0
"TERRELLEPRYOR","Terrelle Pryor","QB","SEA",66,432,NA,1,2,0,0,1,0,0,0,NA,0,0
"SEANRENFREE","Sean Renfree","QB","ATL",66,432,NA,0,0,0,0,0,0,0,0,NA,0,0
"MATTSCOTT","Matt Scott","QB","CIN",66,432,NA,0,0,0,0,0,0,0,0,NA,0,0
"BRADSORENSEN","Brad Sorensen","QB","SDC",66,432,NA,0,0,0,0,0,0,0,0,NA,0,0
"DREWSTANTON","Drew Stanton","QB","ARI",66,432,NA,3,12,0,0,0,0,0,0,NA,0,0
"ALEXTANNEY","Alex Tanney","QB","TBB",66,432,NA,0,0,0,0,0,0,0,0,NA,0,0
"JEFFTUEL","Jeff Tuel","QB","BUF",66,432,NA,4,37,0,1,0,0,0,0,NA,0,0
"BRANDONWEEDEN","Brandon Weeden","QB","DAL",66,432,NA,2,2,0,0,1,0,0,0,NA,0,0
"CHARLIEWHITEHURST","Charlie Whitehurst","QB","TEN",66,432,NA,1,8,0,0,0,0,0,0,NA,0,0
"TYLERWILSON","Tyler Wilson","QB","TEN",66,432,NA,0,0,0,0,0,0,0,0,NA,0,0
"EDWINBAKER","Edwin Baker","RB","CLE",131,432,NA,0,0,0,0,0,0,0,0,NA,0,0
"KENJONBARNER","Kenjon Barner","RB","CAR",131,432,NA,0,0,0,0,6,0,4,0,NA,0,0
"REXBURKHEAD","Rex Burkhead","RB","CIN",131,432,NA,0,0,0,0,0,0,4,0,NA,0,0
"MICHAELCOX","Michael Cox","RB","NYG",131,432,NA,0,0,0,0,3,0,0,0,NA,0,0
"ISAIAHCROWELL","Isaiah Crowell","RB","CLE",131,432,NA,0,0,0,0,0,0,0,0,NA,0,0
"CHASEREYNOLDS","Chase Reynolds","RB","STL",131,432,NA,0,0,0,0,0,0,2,0,NA,0,0
"THEORIDDICK","Theo Riddick","RB","DET",131,432,NA,0,0,0,0,0,0,2,0,NA,0,0
"CHRISTHOMPSON","Chris Thompson","RB","WAS",131,432,NA,0,0,0,0,0,0,1,0,NA,0,0
"MATTHEWTUCKER","Matthew Tucker","RB","PHI",131,432,NA,0,0,0,0,0,0,2,0,NA,0,0
"SPENCERWARE","Spencer Ware","RB","SEA",131,432,NA,0,0,0,0,15,0,15,0,NA,1,0
"ANDREWILLIAMS","Andre Williams","RB","NYG",131,432,NA,0,0,0,0,1,0,8,0,NA,0,0
"KERWYNNWILLIAMS","Kerwynn Williams","RB","SDC",131,432,NA,0,0,0,0,0,0,3,0,NA,0,0
"RONNIEWINGO","Ronnie Wingo","RB","BUF",131,432,NA,0,0,0,0,0,0,0,0,NA,0,0
"DAVIDAUSBERRY","David Ausberry","TE","OAK",87,432,NA,0,0,0,0,0,0,9,0,NA,0,0
"FREDDAVIS","Fred Davis","TE","WAS",87,432,NA,0,0,0,0,0,0,0,0,NA,0,0
"CJFIEDOROWICZ","C.J. Fiedorowicz","TE","HOU",87,432,NA,0,0,0,0,0,0,0,0,NA,0,0
"TRAVISKELCE","Travis Kelce","TE","KCC",87,432,NA,0,0,0,0,0,0,0,0,NA,0,0
"LUKESTOCKER","Luke Stocker","TE","TBB",87,432,NA,0,0,0,0,0,0,2,0,NA,0,0
"BRANDONWILLIAMS","Brandon Williams","TE","CAR",87,432,NA,0,0,0,0,0,0,5,0,NA,0,0
"KRISADAMS","Kris Adams","WR","NYG",151,432,NA,0,0,0,0,0,0,0,0,NA,0,0
"DANARIOALEXANDER","Danario Alexander","WR","SDC",151,432,NA,0,0,0,0,0,0,0,0,NA,0,0
"ARMONBINNS","Armon Binns","WR","MIA",151,432,NA,0,0,0,0,0,0,0,0,NA,0,0
"JUSTINBLACKMON","Justin Blackmon","WR","JAC",151,432,NA,0,0,0,0,0,0,0,0,NA,0,0
"JOSHBOYCE","Josh Boyce","WR","NEP",151,432,NA,0,0,0,0,0,0,0,0,NA,0,0
"MIKEBROWN","Mike Brown","WR","JAC",151,432,NA,0,0,0,0,0,0,0,0,NA,0,0
"BRICEBUTLER","Brice Butler","WR","OAK",151,432,NA,0,0,0,0,0,0,4,0,NA,0,0
"LARONBYRD","LaRon Byrd","WR","DAL",151,432,NA,0,0,0,0,0,0,0,0,NA,0,0
"DANNYCOALE","Danny Coale","WR","PIT",151,432,NA,0,0,0,0,0,0,0,0,NA,0,0
"TANDONDOSS","Tandon Doss","WR","JAC",151,432,NA,0,0,0,0,0,0,0,0,NA,0,0
"KEVINELLIOTT","Kevin Elliott","WR","BUF",151,432,NA,0,0,0,0,2,0,0,0,NA,0,0
"JACOBYFORD","Jacoby Ford","WR","NYJ",151,432,NA,0,0,0,0,7,0,0,0,NA,0,0
"BRANDONGIBSON","Brandon Gibson","WR","MIA",151,432,NA,0,0,0,0,0,0,0,0,NA,0,0
"TJGRAHAM","T.J. Graham","WR","BUF",151,432,NA,0,0,0,0,0,0,7,0,NA,0,0
"COBIHAMILTON","Cobi Hamilton","WR","CIN",151,432,NA,0,0,0,0,0,0,0,0,NA,0,0
"CHRISHARPER","Chris Harper","WR","GBP",151,432,NA,0,0,0,0,0,0,0,0,NA,0,0
"CHRISHOGAN","Chris Hogan","WR","BUF",151,432,NA,0,0,0,0,2,0,0,0,NA,0,0
"TRINDONHOLLIDAY","Trindon Holliday","WR","NYG",151,432,NA,0,0,0,0,0,0,7,0,NA,0,0
"LESTARJEAN","Lestar Jean","WR","MIN",151,432,NA,0,0,0,0,0,0,9,0,NA,0,0
"CHARLESJOHNSON","Charles Johnson","WR","CLE",151,432,NA,0,0,0,0,0,0,0,0,NA,0,0
"CODYLATIMER","Cody Latimer","WR","DEN",151,432,NA,0,0,0,0,4,0,8,0,NA,0,0
"BRANDONLLOYD","Brandon Lloyd","WR","SFO",151,432,NA,0,0,0,0,2,0,9,0,NA,0,0
"MARIOMANNINGHAM","Mario Manningham","WR","NYG",151,432,NA,0,0,0,0,2,0,2,0,NA,0,0
"MARVINMCNUTT","Marvin McNutt","WR","CAR",151,432,NA,0,0,0,0,3,0,2,0,NA,0,0
"CARLTONMITCHELL","Carlton Mitchell","WR","DAL",151,432,NA,0,0,0,0,2,0,6,0,NA,0,0
"JORDANNORWOOD","Jordan Norwood","WR","DEN",151,432,NA,0,0,0,0,0,0,0,0,NA,0,0
"TOBAISPALMER","Tobais Palmer","WR","SDC",151,432,NA,0,0,0,0,0,0,0,0,NA,0,0
"DAVIDREED","David Reed","WR","SFO",151,432,NA,0,0,0,0,0,0,0,0,NA,0,0
"RUSSELLSHEPARD","Russell Shepard","WR","TBB",151,432,NA,0,0,0,0,0,0,0,0,NA,0,0
"TOMMYSTREETER","Tommy Streeter","WR","TBB",151,432,NA,0,0,0,0,0,0,0,0,NA,0,0
"JULIANTALLEY","Julian Talley","WR","NYG",151,432,NA,0,0,0,0,0,0,0,0,NA,0,0
"ANDYTANNER","Andy Tanner","WR","NOS",151,432,NA,0,0,0,0,0,0,0,0,NA,0,0
"KERRYTAYLOR","Kerry Taylor","WR","JAC",151,432,NA,0,0,0,0,0,0,0,0,NA,0,0
"MIKETHOMAS","Mike Thomas","WR","HOU",151,432,NA,0,0,0,0,0,0,1,0,NA,0,0
"KENBRELLTHOMPKINS","Kenbrell Thompkins","WR","NEP",151,432,NA,0,0,0,0,0,0,5,0,NA,0,0
"TERRENCETOLIVER","Terrence Toliver","WR","CHI",151,432,NA,0,0,0,0,0,0,0,0,NA,0,0
"NICKTOON","Nick Toon","WR","NOS",151,432,NA,0,0,0,0,0,0,5,0,NA,0,0
"ROBERTOWALLACE","Roberto Wallace","WR","TEN",151,432,NA,0,0,0,0,0,0,0,0,NA,0,0
"ERICWEEMS","Eric Weems","WR","CHI",151,432,NA,0,0,0,0,1,0,7,0,NA,0,0
"MYLESWHITE","Myles White","WR","GBP",151,432,NA,0,0,0,0,0,0,0,0,NA,0,0
"TEDDYWILLIAMS","Teddy Williams","WR","ARI",151,432,NA,0,0,0,0,0,0,2,0,NA,0,0
"RYANMALLETT","Ryan Mallett","QB","NEP",86,512,NA,1,7,0,1,0,0,0,0,NA,0,-1
"CURTISPAINTER","Curtis Painter","QB","NYG",86,512,NA,8,54,0,3,0,0,0,0,NA,0,-1
"BLAINEGABBERT","Blaine Gabbert","QB","SFO",88,514,NA,1,14,0,0,0,0,0,0,NA,1,-2
"JEREMIAHJOHNSON","Jeremiah Johnson","RB","DEN",144,514,NA,0,0,0,0,4,0,0,0,NA,1,-2
"KEVINDORSEY","Kevin Dorsey","WR","GBP",192,514,NA,0,0,0,0,0,0,0,0,NA,1,-2
"DEVINHESTER","Devin Hester","WR","ATL",192,514,NA,0,0,0,0,0,0,0,0,NA,1,-2
"QUINTONPATTON","Quinton Patton","WR","SFO",192,514,NA,0,0,0,0,0,0,4,0,NA,1,-2
"KEALOHAPILARES","Kealoha Pilares","WR","CAR",192,514,NA,0,0,0,0,0,0,0,0,NA,1,-2
