"name","name_fbg4","pos","team_fbg4","overallRank_fbg4","passAtt_fbg4","passComp_fbg4","passYds_fbg4","passTds_fbg4","passInt_fbg4","rushYds_fbg4","rushTds_fbg4","rec_fbg4","recYds_fbg4","recTds_fbg4","twoPts_fbg4","fumbles_fbg4","pts_fbg4"
"PEYTONMANNING","Peyton Manning","QB","DEN",1,640,440,5200,45,11,10,0,NA,NA,NA,NA,NA,430
"DREWBREES","Drew Brees","QB","NO",2,650,435,5000,40,15,35,1,NA,NA,NA,NA,NA,404.5
"AARONRODGERS","Aaron Rodgers","QB","GB",3,550,370,4500,38,10,225,2,NA,NA,NA,NA,NA,401.5
"ROBERTGRIFFIN","Robert Griffin III","QB","WAS",4,555,345,3965,27,15,550,4,NA,NA,NA,NA,NA,370.25
"MATTHEWSTAFFORD","Matthew Stafford","QB","DET",5,650,384,4850,31,14,100,1,NA,NA,NA,NA,NA,368.5
"ANDREWLUCK","Andrew Luck","QB","IND",6,600,375,4500,29,12,220,2,NA,NA,NA,NA,NA,363
"CAMNEWTON","Cam Newton","QB","CAR",7,490,307,3285,24,12,675,7,NA,NA,NA,NA,NA,357.75
"TOMBRADY","Tom Brady","QB","NE",8,625,395,4465,32,9,55,0,NA,NA,NA,NA,NA,347.75
"MATTRYAN","Matt Ryan","QB","ATL",9,620,410,4500,29,13,75,1,NA,NA,NA,NA,NA,341.5
"TONYROMO","Tony Romo","QB","DAL",9,590,380,4480,30,14,55,1,NA,NA,NA,NA,NA,341.5
"RUSSELLWILSON","Russell Wilson","QB","SEA",11,450,295,3750,26,10,450,2,NA,NA,NA,NA,NA,338.5
"NICKFOLES","Nick Foles","QB","PHI",12,525,340,4065,29,12,225,1,NA,NA,NA,NA,NA,335.75
"COLINKAEPERNICK","Colin Kaepernick","QB","SF",13,467,278,3510,25,11,425,4,NA,NA,NA,NA,NA,331
"PHILIPRIVERS","Philip Rivers","QB","SD",14,580,390,4500,29,15,45,0,NA,NA,NA,NA,NA,330.5
"BENROETHLISBERGER","Ben Roethlisberger","QB","PIT",15,555,350,4125,27,14,100,1,NA,NA,NA,NA,NA,316.25
"JAYCUTLER","Jay Cutler","QB","CHI",16,550,341,4100,27,16,115,1,NA,NA,NA,NA,NA,314.5
"ALEXSMITH","Alex Smith","QB","KC",17,555,339,3600,24,8,280,2,NA,NA,NA,NA,NA,308
"EJMANUEL","EJ Manuel","QB","BUF",18,510,305,3435,20,15,360,4,NA,NA,NA,NA,NA,296.75
"ANDYDALTON","Andy Dalton","QB","CIN",19,530,325,3880,26,18,100,1,NA,NA,NA,NA,NA,296
"JAMAALCHARLES","Jamaal Charles","RB","KC",20,NA,NA,NA,NA,NA,1400,10,75,650,5,NA,NA,295
"RYANTANNEHILL","Ryan Tannehill","QB","MIA",21,550,325,3685,23,16,175,1,NA,NA,NA,NA,NA,283.75
"ELIMANNING","Eli Manning","QB","NYG",22,555,340,3800,26,20,35,0,NA,NA,NA,NA,NA,277.5
"CARSONPALMER","Carson Palmer","QB","ARI",23,555,350,3800,26,20,25,0,NA,NA,NA,NA,NA,276.5
"JOEFLACCO","Joe Flacco","QB","BAL",24,575,338,3835,21,15,80,1,NA,NA,NA,NA,NA,274.75
"JOHNNYMANZIEL","Johnny Manziel","QB","CLE",25,420,239,2800,16,16,540,5,NA,NA,NA,NA,NA,272
"SAMBRADFORD","Sam Bradford","QB","STL",26,510,305,3400,23,14,55,1,NA,NA,NA,NA,NA,259.5
"RYANFITZPATRICK","Ryan Fitzpatrick","QB","HOU",27,495,297,3445,19,15,180,1,NA,NA,NA,NA,NA,257.25
"JOSHMCCOWN","Josh McCown","QB","TB",28,500,295,3450,18,16,125,2,NA,NA,NA,NA,NA,253
"MICHAELVICK","Michael Vick","QB","NYJ",29,380,220,2680,15,10,505,3,NA,NA,NA,NA,NA,252.5
"LESEANMCCOY","LeSean McCoy","RB","PHI",30,NA,NA,NA,NA,NA,1420,8,50,450,2,NA,NA,247
"ADRIANPETERSON","Adrian Peterson","RB","MIN",31,NA,NA,NA,NA,NA,1450,13,25,165,1,NA,NA,245.5
"JAKELOCKER","Jake Locker","QB","TEN",32,450,260,2850,18,15,305,2,NA,NA,NA,NA,NA,242
"MATTFORTE","Matt Forte","RB","CHI",33,NA,NA,NA,NA,NA,1250,8,65,525,2,NA,NA,237.5
"EDDIELACY","Eddie Lacy","RB","GB",34,NA,NA,NA,NA,NA,1300,12,32,255,1,NA,NA,233.5
"CALVINJOHNSON","Calvin Johnson","WR","DET",35,NA,NA,NA,NA,NA,0,0,95,1550,12,NA,NA,227
"MATTSCHAUB","Matt Schaub","QB","OAK",36,425,255,3000,18,12,60,1,NA,NA,NA,NA,NA,222
"MARSHAWNLYNCH","Marshawn Lynch","RB","SEA",37,NA,NA,NA,NA,NA,1200,11,28,225,2,NA,NA,220.5
"GIOVANIBERNARD","Giovani Bernard","RB","CIN",38,NA,NA,NA,NA,NA,940,8,65,600,2,NA,NA,214
"DEMARYIUSTHOMAS","Demaryius Thomas","WR","DEN",39,NA,NA,NA,NA,NA,0,0,90,1400,12,NA,NA,212
"ARIANFOSTER","Arian Foster","RB","HOU",40,NA,NA,NA,NA,NA,1080,8,50,375,2,NA,NA,205.5
"DEMARCOMURRAY","DeMarco Murray","RB","DAL",41,NA,NA,NA,NA,NA,1110,8,45,325,2,NA,NA,203.5
"MONTEEBALL","Montee Ball","RB","DEN",42,NA,NA,NA,NA,NA,1065,10,42,305,1,NA,NA,203
"LEVEONBELL","LeVeon Bell","RB","PIT",43,NA,NA,NA,NA,NA,1110,8,42,350,1,NA,NA,200
"AJGREEN","A.J. Green","WR","CIN",44,NA,NA,NA,NA,NA,20,0,95,1375,10,NA,NA,199.5
"DOUGMARTIN","Doug Martin","RB","TB",45,NA,NA,NA,NA,NA,1175,8,37,275,1,NA,NA,199
"ZACSTACY","Zac Stacy","RB","STL",46,NA,NA,NA,NA,NA,1150,10,30,175,1,NA,NA,198.5
"DEZBRYANT","Dez Bryant","WR","DAL",47,NA,NA,NA,NA,NA,0,0,90,1380,10,NA,NA,198
"REGGIEBUSH","Reggie Bush","RB","DET",48,NA,NA,NA,NA,NA,900,6,50,500,2,NA,NA,188
"RANDALLCOBB","Randall Cobb","WR","GB",49,NA,NA,NA,NA,NA,75,1,90,1200,9,NA,NA,187.5
"ALSHONJEFFERY","Alshon Jeffery","WR","CHI",50,NA,NA,NA,NA,NA,0,0,84,1330,9,NA,NA,187
"BRANDONMARSHALL","Brandon Marshall","WR","CHI",50,NA,NA,NA,NA,NA,0,0,105,1330,9,NA,NA,187
"JIMMYGRAHAM","Jimmy Graham","TE","NO",50,NA,NA,NA,NA,NA,NA,NA,90,1150,12,NA,NA,187
"RYANMATHEWS","Ryan Mathews","RB","SD",53,NA,NA,NA,NA,NA,1100,7,29,205,2,NA,NA,184.5
"CHRISJOHNSON","Chris Johnson","RB","NYJ",54,NA,NA,NA,NA,NA,1005,7,40,345,1,NA,NA,183
"TEDDYBRIDGEWATER","Teddy Bridgewater","QB","MIN",55,330,202,2440,17,12,45,0,NA,NA,NA,NA,NA,182.5
"CJSPILLER","C.J. Spiller","RB","BUF",56,NA,NA,NA,NA,NA,1100,5,40,300,2,NA,NA,182
"ANTONIOBROWN","Antonio Brown","WR","PIT",57,NA,NA,NA,NA,NA,15,0,100,1375,7,NA,NA,181
"JORDYNELSON","Jordy Nelson","WR","GB",58,NA,NA,NA,NA,NA,0,0,79,1200,10,NA,NA,180
"TOBYGERHART","Toby Gerhart","RB","JAX",59,NA,NA,NA,NA,NA,950,7,45,355,1,NA,NA,178.5
"ALFREDMORRIS","Alfred Morris","RB","WAS",60,NA,NA,NA,NA,NA,1075,9,18,120,0,NA,NA,173.5
"ANDREELLINGTON","Andre Ellington","RB","ARI",61,NA,NA,NA,NA,NA,950,6,45,360,1,NA,NA,173
"ANDREJOHNSON","Andre Johnson","WR","HOU",62,NA,NA,NA,NA,NA,0,0,99,1325,6,NA,NA,168.5
"VINCENTJACKSON","Vincent Jackson","WR","TB",63,NA,NA,NA,NA,NA,0,0,75,1200,8,NA,NA,168
"KEENANALLEN","Keenan Allen","WR","SD",63,NA,NA,NA,NA,NA,0,0,85,1200,8,NA,NA,168
"VICTORCRUZ","Victor Cruz","WR","NYG",63,NA,NA,NA,NA,NA,0,0,88,1200,8,NA,NA,168
"PERCYHARVIN","Percy Harvin","WR","SEA",66,NA,NA,NA,NA,NA,120,1,72,1075,7,NA,NA,167.5
"JOIQUEBELL","Joique Bell","RB","DET",67,NA,NA,NA,NA,NA,750,5,50,500,2,NA,NA,167
"BISHOPSANKEY","Bishop Sankey","RB","TEN",68,NA,NA,NA,NA,NA,900,6,30,270,2,NA,NA,165
"FRANKGORE","Frank Gore","RB","SF",69,NA,NA,NA,NA,NA,1000,7,20,160,0,NA,NA,158
"BENTATE","Ben Tate","RB","CLE",70,NA,NA,NA,NA,NA,900,8,25,175,0,NA,NA,155.5
"ROBGRONKOWSKI","Rob Gronkowski","TE","NE",71,NA,NA,NA,NA,NA,NA,NA,75,950,10,NA,NA,155
"SHANEVEREEN","Shane Vereen","RB","NE",72,NA,NA,NA,NA,NA,450,3,65,615,5,NA,NA,154.5
"PIERRETHOMAS","Pierre Thomas","RB","NO",73,NA,NA,NA,NA,NA,650,4,70,480,2,NA,NA,149
"CORDARRELLEPATTERSON","Cordarrelle Patterson","WR","MIN",74,NA,NA,NA,NA,NA,100,1,68,905,7,NA,NA,148.5
"PIERREGARCON","Pierre Garcon","WR","WAS",74,NA,NA,NA,NA,NA,0,0,88,1125,6,NA,NA,148.5
"JULIOJONES","Julio Jones","WR","ATL",76,NA,NA,NA,NA,NA,0,0,70,1000,8,NA,NA,148
"EMMANUELSANDERS","Emmanuel Sanders","WR","DEN",76,NA,NA,NA,NA,NA,0,0,80,1060,7,NA,NA,148
"DESEANJACKSON","DeSean Jackson","WR","WAS",78,NA,NA,NA,NA,NA,0,0,70,1050,7,NA,NA,147
"RASHADJENNINGS","Rashad Jennings","RB","NYG",79,NA,NA,NA,NA,NA,715,6,40,320,1,NA,NA,145.5
"TORREYSMITH","Torrey Smith","WR","BAL",80,NA,NA,NA,NA,NA,0,0,61,1020,7,NA,NA,144
"FREDJACKSON","Fred Jackson","RB","BUF",81,NA,NA,NA,NA,NA,710,6,40,300,1,NA,NA,143
"LARRYFITZGERALD","Larry Fitzgerald","WR","ARI",82,NA,NA,NA,NA,NA,0,0,85,1000,7,NA,NA,142
"MICHAELCRABTREE","Michael Crabtree","WR","SF",82,NA,NA,NA,NA,NA,0,0,70,1000,7,NA,NA,142
"MICHAELFLOYD","Michael Floyd","WR","ARI",84,NA,NA,NA,NA,NA,0,0,70,1050,6,NA,NA,141
"JORDANCAMERON","Jordan Cameron","TE","CLE",85,NA,NA,NA,NA,NA,NA,NA,87,1040,6,NA,NA,140
"JULIUSTHOMAS","Julius Thomas","TE","DEN",86,NA,NA,NA,NA,NA,NA,NA,70,850,9,NA,NA,139
"RODDYWHITE","Roddy White","WR","ATL",87,NA,NA,NA,NA,NA,0,0,77,965,7,NA,NA,138.5
"MIKEWALLACE","Mike Wallace","WR","MIA",88,NA,NA,NA,NA,NA,0,0,73,1010,6,NA,NA,137
"KENDALLWRIGHT","Kendall Wright","WR","TEN",89,NA,NA,NA,NA,NA,0,0,80,1000,6,NA,NA,136
"STEVENJACKSON","Steven Jackson","RB","ATL",90,NA,NA,NA,NA,NA,775,5,30,210,1,NA,NA,134.5
"STEVANRIDLEY","Stevan Ridley","RB","NE",91,NA,NA,NA,NA,NA,850,7,8,65,0,NA,NA,133.5
"DEANGELOWILLIAMS","DeAngelo Williams","RB","CAR",91,NA,NA,NA,NA,NA,775,5,25,200,1,NA,NA,133.5
"ERICDECKER","Eric Decker","WR","NYJ",93,NA,NA,NA,NA,NA,0,0,65,910,7,NA,NA,133
"TYHILTON","T.Y. Hilton","WR","IND",94,NA,NA,NA,NA,NA,0,0,70,960,6,NA,NA,132
"MAURICEJONESDREW","Maurice Jones-Drew","RB","OAK",95,NA,NA,NA,NA,NA,795,5,25,200,0,NA,NA,129.5
"TERRANCEWILLIAMS","Terrance Williams","WR","DAL",95,NA,NA,NA,NA,NA,0,0,62,875,7,NA,NA,129.5
"RILEYCOOPER","Riley Cooper","WR","PHI",97,NA,NA,NA,NA,NA,0,0,55,865,7,NA,NA,128.5
"WESWELKER","Wes Welker","WR","DEN",98,NA,NA,NA,NA,NA,0,0,78,800,8,NA,NA,128
"TRENTRICHARDSON","Trent Richardson","RB","IND",99,NA,NA,NA,NA,NA,700,6,35,210,0,NA,NA,127
"BLAKEBORTLES","Blake Bortles","QB","JAX",100,230,130,1600,11,10,65,1,NA,NA,NA,NA,NA,126.5
"JULIANEDELMAN","Julian Edelman","WR","NE",101,NA,NA,NA,NA,NA,0,0,90,950,5,NA,NA,125
"HARRYDOUGLAS","Harry Douglas","WR","ATL",102,NA,NA,NA,NA,NA,0,0,75,1000,4,NA,NA,124
"MARQUESCOLSTON","Marques Colston","WR","NO",103,NA,NA,NA,NA,NA,0,0,70,875,6,NA,NA,123.5
"GREGOLSEN","Greg Olsen","TE","CAR",104,NA,NA,NA,NA,NA,NA,NA,74,800,7,NA,NA,122
"DEVONTAFREEMAN","Devonta Freeman","RB","ATL",105,NA,NA,NA,NA,NA,725,5,28,190,0,NA,NA,121.5
"RAYRICE","Ray Rice","RB","BAL",105,NA,NA,NA,NA,NA,625,5,40,290,0,NA,NA,121.5
"REGGIEWAYNE","Reggie Wayne","WR","IND",107,NA,NA,NA,NA,NA,0,0,66,850,6,NA,NA,121
"JEREMYMACLIN","Jeremy Maclin","WR","PHI",108,NA,NA,NA,NA,NA,0,0,68,835,6,NA,NA,119.5
"JAMESJONES","James Jones","WR","OAK",109,NA,NA,NA,NA,NA,0,0,60,810,6,NA,NA,117
"DWAYNEBOWE","Dwayne Bowe","WR","KC",110,NA,NA,NA,NA,NA,0,0,64,800,6,NA,NA,116
"CECILSHORTS","Cecil Shorts","WR","JAX",110,NA,NA,NA,NA,NA,0,0,75,860,5,NA,NA,116
"MARVINJONES","Marvin Jones","WR","CIN",110,NA,NA,NA,NA,NA,0,0,60,800,6,NA,NA,116
"GOLDENTATE","Golden Tate","WR","DET",110,NA,NA,NA,NA,NA,0,0,55,800,6,NA,NA,116
"KNOWSHONMORENO","Knowshon Moreno","RB","MIA",114,NA,NA,NA,NA,NA,680,5,25,175,0,NA,NA,115.5
"SAMMYWATKINS","Sammy Watkins","WR","BUF",115,NA,NA,NA,NA,NA,0,0,60,850,5,NA,NA,115
"DEANDREHOPKINS","DeAndre Hopkins","WR","HOU",115,NA,NA,NA,NA,NA,0,0,60,850,5,NA,NA,115
"JASONWITTEN","Jason Witten","TE","DAL",115,NA,NA,NA,NA,NA,NA,NA,75,850,5,NA,NA,115
"LAMARMILLER","Lamar Miller","RB","MIA",118,NA,NA,NA,NA,NA,710,4,20,135,1,NA,NA,114.5
"ANQUANBOLDIN","Anquan Boldin","WR","SF",119,NA,NA,NA,NA,NA,0,0,60,825,5,NA,NA,112.5
"HAKEEMNICKS","Hakeem Nicks","WR","IND",120,NA,NA,NA,NA,NA,0,0,50,760,6,NA,NA,112
"KENNYSTILLS","Kenny Stills","WR","NO",121,NA,NA,NA,NA,NA,0,0,55,800,5,NA,NA,110
"STEVESMITH","Steve Smith","WR","BAL",121,NA,NA,NA,NA,NA,0,0,60,800,5,NA,NA,110
"VERNONDAVIS","Vernon Davis","TE","SF",123,NA,NA,NA,NA,NA,NA,NA,50,675,7,NA,NA,109.5
"TAVONAUSTIN","Tavon Austin","WR","STL",124,NA,NA,NA,NA,NA,100,1,55,625,5,NA,NA,108.5
"DENARIUSMOORE","Denarius Moore","WR","OAK",125,NA,NA,NA,NA,NA,0,0,58,840,4,NA,NA,108
"SHONNGREENE","Shonn Greene","RB","TEN",126,NA,NA,NA,NA,NA,720,5,8,50,0,NA,NA,107
"JARRETTBOYKIN","Jarrett Boykin","WR","GB",127,NA,NA,NA,NA,NA,0,0,55,700,6,NA,NA,106
"BRIANHARTLINE","Brian Hartline","WR","MIA",128,NA,NA,NA,NA,NA,0,0,65,800,4,NA,NA,104
"DANNYAMENDOLA","Danny Amendola","WR","NE",129,NA,NA,NA,NA,NA,0,0,70,775,4,NA,NA,101.5
"DANNYWOODHEAD","Danny Woodhead","RB","SD",130,NA,NA,NA,NA,NA,270,0,60,500,4,NA,NA,101
"KELVINBENJAMIN","Kelvin Benjamin","WR","CAR",130,NA,NA,NA,NA,NA,0,0,45,650,6,NA,NA,101
"GREGJENNINGS","Greg Jennings","WR","MIN",132,NA,NA,NA,NA,NA,0,0,60,700,5,NA,NA,100
"AHMADBRADSHAW","Ahmad Bradshaw","RB","IND",133,NA,NA,NA,NA,NA,440,4,35,255,1,NA,NA,99.5
"MIKEEVANS","Mike Evans","WR","TB",134,NA,NA,NA,NA,NA,0,0,52,690,5,NA,NA,99
"MILESAUSTIN","Miles Austin","WR","CLE",134,NA,NA,NA,NA,NA,0,0,55,750,4,NA,NA,99
"MARTELLUSBENNETT","Martellus Bennett","TE","CHI",134,NA,NA,NA,NA,NA,NA,NA,60,690,5,NA,NA,99
"CHADHENNE","Chad Henne","QB","JAX",137,230,139,1450,8,10,35,0,NA,NA,NA,NA,NA,98
"JEREMYHILL","Jeremy Hill","RB","CIN",138,NA,NA,NA,NA,NA,610,5,10,65,0,NA,NA,97.5
"COBYFLEENER","Coby Fleener","TE","IND",139,NA,NA,NA,NA,NA,NA,NA,58,665,5,NA,NA,96.5
"HEATHMILLER","Heath Miller","TE","PIT",140,NA,NA,NA,NA,NA,NA,NA,60,660,5,NA,NA,96
"BRANDINCOOKS","Brandin Cooks","WR","NO",141,NA,NA,NA,NA,NA,0,0,50,650,5,NA,NA,95
"JUSTINHUNTER","Justin Hunter","WR","TEN",141,NA,NA,NA,NA,NA,0,0,50,650,5,NA,NA,95
"ANTONIOGATES","Antonio Gates","TE","SD",143,NA,NA,NA,NA,NA,NA,NA,58,645,5,NA,NA,94.5
"DARRENMCFADDEN","Darren McFadden","RB","OAK",144,NA,NA,NA,NA,NA,550,3,25,150,1,NA,NA,94
"JORDANREED","Jordan Reed","TE","WAS",144,NA,NA,NA,NA,NA,NA,NA,59,640,5,NA,NA,94
"RODSTREATER","Rod Streater","WR","OAK",146,NA,NA,NA,NA,NA,0,0,51,695,4,NA,NA,93.5
"DARRENSPROLES","Darren Sproles","RB","PHI",147,NA,NA,NA,NA,NA,250,1,50,500,2,NA,NA,93
"DENNISPITTA","Dennis Pitta","TE","BAL",148,NA,NA,NA,NA,NA,NA,NA,55,620,5,NA,NA,92
"CHRISTINEMICHAEL","Christine Michael","RB","SEA",149,NA,NA,NA,NA,NA,550,5,8,60,0,NA,NA,91
"JERRICHOCOTCHERY","Jerricho Cotchery","WR","CAR",149,NA,NA,NA,NA,NA,0,0,50,670,4,NA,NA,91
"JACOBYFORD","Jacoby Ford","WR","NYJ",151,NA,NA,NA,NA,NA,0,0,50,660,4,NA,NA,90
"TYLEREIFERT","Tyler Eifert","TE","CIN",151,NA,NA,NA,NA,NA,NA,NA,50,600,5,NA,NA,90
"TERRANCEWEST","Terrance West","RB","CLE",153,NA,NA,NA,NA,NA,470,4,20,120,1,NA,NA,89
"RUEBENRANDLE","Rueben Randle","WR","NYG",153,NA,NA,NA,NA,NA,0,0,50,650,4,NA,NA,89
"ODELLBECKHAM","Odell Beckham Jr","WR","NYG",153,NA,NA,NA,NA,NA,0,0,50,650,4,NA,NA,89
"ROBERTWOODS","Robert Woods","WR","BUF",153,NA,NA,NA,NA,NA,0,0,50,650,4,NA,NA,89
"GARRETTGRAHAM","Garrett Graham","TE","HOU",153,NA,NA,NA,NA,NA,NA,NA,55,650,4,NA,NA,89
"MARKUSWHEATON","Markus Wheaton","WR","PIT",158,NA,NA,NA,NA,NA,0,0,35,575,5,NA,NA,87.5
"KYLERUDOLPH","Kyle Rudolph","TE","MIN",159,NA,NA,NA,NA,NA,NA,NA,56,570,5,NA,NA,87
"LORENZOTALIAFERRO","Lorenzo Taliaferro","RB","BAL",160,NA,NA,NA,NA,NA,450,4,12,100,1,NA,NA,85
"STEVEJOHNSON","Steve Johnson","WR","SF",161,NA,NA,NA,NA,NA,0,0,45,600,4,NA,NA,84
"SIDNEYRICE","Sidney Rice","WR","SEA",161,NA,NA,NA,NA,NA,0,0,40,600,4,NA,NA,84
"CHARLESCLAY","Charles Clay","TE","MIA",161,NA,NA,NA,NA,NA,NA,NA,57,600,4,NA,NA,84
"ZACHERTZ","Zach Ertz","TE","PHI",164,NA,NA,NA,NA,NA,NA,NA,42,525,5,NA,NA,82.5
"GENOSMITH","Geno Smith","QB","NYJ",165,120,68,780,6,6,105,2,NA,NA,NA,NA,NA,79.5
"ANDREBROWN","Andre Brown","RB","HOU",165,NA,NA,NA,NA,NA,525,3,14,90,0,NA,NA,79.5
"KENNYBRITT","Kenny Britt","WR","STL",167,NA,NA,NA,NA,NA,0,0,40,550,4,NA,NA,79
"ERICEBRON","Eric Ebron","TE","DET",167,NA,NA,NA,NA,NA,NA,NA,42,550,4,NA,NA,79
"LACHESEASTRUNK","Lache Seastrunk","RB","WAS",169,NA,NA,NA,NA,NA,375,3,20,160,1,NA,NA,77.5
"DONNIEAVERY","Donnie Avery","WR","KC",170,NA,NA,NA,NA,NA,0,0,50,650,2,NA,NA,77
"TREMASON","Tre Mason","RB","STL",171,NA,NA,NA,NA,NA,455,4,8,70,0,NA,NA,76.5
"DELANIEWALKER","Delanie Walker","TE","TEN",171,NA,NA,NA,NA,NA,NA,NA,45,525,4,NA,NA,76.5
"DWAYNEALLEN","Dwayne Allen","TE","IND",171,NA,NA,NA,NA,NA,NA,NA,38,525,4,NA,NA,76.5
"JAREDCOOK","Jared Cook","TE","STL",171,NA,NA,NA,NA,NA,NA,NA,44,525,4,NA,NA,76.5
"BERNARDPIERCE","Bernard Pierce","RB","BAL",175,NA,NA,NA,NA,NA,450,3,20,130,0,NA,NA,76
"DOUGBALDWIN","Doug Baldwin","WR","SEA",175,NA,NA,NA,NA,NA,0,0,40,520,4,NA,NA,76
"BRIANHOYER","Brian Hoyer","QB","CLE",177,200,120,1200,5,8,35,0,NA,NA,NA,NA,NA,75.5
"JEROMESIMPSON","Jerome Simpson","WR","MIN",178,NA,NA,NA,NA,NA,0,0,37,565,3,NA,NA,74.5
"LADARIUSGREEN","Ladarius Green","TE","SD",178,NA,NA,NA,NA,NA,NA,NA,40,505,4,NA,NA,74.5
"LANCEMOORE","Lance Moore","WR","PIT",180,NA,NA,NA,NA,NA,0,0,40,500,4,NA,NA,74
"ANDREWHAWKINS","Andrew Hawkins","WR","CLE",181,NA,NA,NA,NA,NA,0,0,45,550,3,NA,NA,73
"NATEWASHINGTON","Nate Washington","WR","TEN",182,NA,NA,NA,NA,NA,0,0,40,600,2,NA,NA,72
"ANDREWILLIAMS","Andre Williams","RB","NYG",183,NA,NA,NA,NA,NA,450,4,5,25,0,NA,NA,71.5
"DONALDBROWN","Donald Brown","RB","SD",184,NA,NA,NA,NA,NA,410,4,10,45,0,NA,NA,69.5
"KHIRYROBINSON","Khiry Robinson","RB","NO",184,NA,NA,NA,NA,NA,400,3,10,55,1,NA,NA,69.5
"DEXTERMCCLUSTER","Dexter McCluster","RB","TEN",186,NA,NA,NA,NA,NA,90,1,40,360,3,NA,NA,69
"JORDANMATTHEWS","Jordan Matthews","WR","PHI",186,NA,NA,NA,NA,NA,0,0,33,450,4,NA,NA,69
"MARQISELEE","Marqise Lee","WR","JAX",188,NA,NA,NA,NA,NA,0,0,40,565,2,NA,NA,68.5
"JACEAMARO","Jace Amaro","TE","NYJ",188,NA,NA,NA,NA,NA,NA,NA,36,445,4,NA,NA,68.5
"MIKEWILLIAMS","Mike Williams","WR","BUF",190,NA,NA,NA,NA,NA,0,0,40,500,3,NA,NA,68
"MATTCASSEL","Matt Cassel","QB","MIN",191,125,80,825,5,3,35,1,NA,NA,NA,NA,NA,67.75
"STEPFANTAYLOR","Stepfan Taylor","RB","ARI",192,NA,NA,NA,NA,NA,430,3,10,65,0,NA,NA,67.5
"TRAVISKELCE","Travis Kelce","TE","KC",193,NA,NA,NA,NA,NA,NA,NA,40,480,3,NA,NA,66
"KADEEMCAREY","KaDeem Carey","RB","CHI",194,NA,NA,NA,NA,NA,480,2,10,55,0,NA,NA,65.5
"JARVISLANDRY","Jarvis Landry","WR","MIA",195,NA,NA,NA,NA,NA,0,0,30,400,4,NA,NA,64
"MYCHALRIVERA","Mychal Rivera","TE","OAK",195,NA,NA,NA,NA,NA,NA,NA,41,460,3,NA,NA,64
"ZACHMILLER","Zach Miller","TE","SEA",195,NA,NA,NA,NA,NA,NA,NA,35,400,4,NA,NA,64
"JASONAVANT","Jason Avant","WR","CAR",198,NA,NA,NA,NA,NA,0,0,45,450,3,NA,NA,63
"KELLENWINSLOW","Kellen Winslow Jr","TE","NYJ",199,NA,NA,NA,NA,NA,NA,NA,36,445,3,NA,NA,62.5
"LEGARRETTEBLOUNT","LeGarrette Blount","RB","PIT",200,NA,NA,NA,NA,NA,300,4,12,80,0,NA,NA,62
"BRANDONBOLDEN","Brandon Bolden","RB","NE",200,NA,NA,NA,NA,NA,350,3,12,90,0,NA,NA,62
"ANDREROBERTS","Andre Roberts","WR","WAS",200,NA,NA,NA,NA,NA,0,0,40,440,3,NA,NA,62
"AARONDOBSON","Aaron Dobson","WR","NE",203,NA,NA,NA,NA,NA,0,0,31,485,2,NA,NA,60.5
"JOHNCARLSON","John Carlson","TE","ARI",204,NA,NA,NA,NA,NA,NA,NA,38,405,3,NA,NA,58.5
"ANDREWQUARLESS","Andrew Quarless","TE","GB",204,NA,NA,NA,NA,NA,NA,NA,36,345,4,NA,NA,58.5
"CHRISIVORY","Chris Ivory","RB","NYJ",206,NA,NA,NA,NA,NA,375,3,5,25,0,NA,NA,58
"NATEBURLESON","Nate Burleson","WR","CLE",206,NA,NA,NA,NA,NA,0,0,35,400,3,NA,NA,58
"EDDIEROYAL","Eddie Royal","WR","SD",206,NA,NA,NA,NA,NA,0,0,30,400,3,NA,NA,58
"CHRISGIVENS","Chris Givens","WR","STL",209,NA,NA,NA,NA,NA,0,0,30,450,2,NA,NA,57
"MALCOMFLOYD","Malcom Floyd","WR","SD",209,NA,NA,NA,NA,NA,0,0,30,450,2,NA,NA,57
"MARTAVISBRYANT","Martavis Bryant","WR","PIT",211,NA,NA,NA,NA,NA,0,0,25,325,4,NA,NA,56.5
"STEPHENHILL","Stephen Hill","WR","NYJ",211,NA,NA,NA,NA,NA,0,0,30,445,2,NA,NA,56.5
"CODYLATIMER","Cody Latimer","WR","DEN",211,NA,NA,NA,NA,NA,0,0,25,325,4,NA,NA,56.5
"NATEBYHAM","Nate Byham","TE","TB",214,NA,NA,NA,NA,NA,NA,NA,40,440,2,NA,NA,56
"MARCEDESLEWIS","Marcedes Lewis","TE","JAX",215,NA,NA,NA,NA,NA,NA,NA,35,375,3,NA,NA,55.5
"DEREKCARR","Derek Carr","QB","OAK",216,125,70,825,4,4,20,0,NA,NA,NA,NA,NA,55.25
"MARKINGRAM","Mark Ingram","RB","NO",217,NA,NA,NA,NA,NA,350,2,10,75,0,NA,NA,54.5
"ROBHOUSLER","Rob Housler","TE","ARI",218,NA,NA,NA,NA,NA,NA,NA,30,360,3,NA,NA,54
"JORDANTODMAN","Jordan Todman","RB","JAX",219,NA,NA,NA,NA,NA,215,3,10,80,1,NA,NA,53.5
"ANDREHOLMES","Andre Holmes","WR","OAK",220,NA,NA,NA,NA,NA,0,0,26,350,3,NA,NA,53
"JERMAINEGRESHAM","Jermaine Gresham","TE","CIN",220,NA,NA,NA,NA,NA,NA,NA,35,350,3,NA,NA,53
"BENJARVUSGREENELLIS","BenJarvus Green-Ellis","RB","CIN",222,NA,NA,NA,NA,NA,380,2,5,25,0,NA,NA,52.5
"PEYTONHILLIS","Peyton Hillis","RB","NYG",223,NA,NA,NA,NA,NA,270,2,20,130,0,NA,NA,52
"VINCENTBROWN","Vincent Brown","WR","SD",224,NA,NA,NA,NA,NA,0,0,40,450,1,NA,NA,51
"JONATHANDWYER","Jonathan Dwyer","RB","ARI",225,NA,NA,NA,NA,NA,280,3,5,25,0,NA,NA,48.5
"LANCEDUNBAR","Lance Dunbar","RB","DAL",226,NA,NA,NA,NA,NA,295,2,10,65,0,NA,NA,48
"ROYHELU","Roy Helu","RB","WAS",226,NA,NA,NA,NA,NA,290,1,20,130,0,NA,NA,48
"JAMESSTARKS","James Starks","RB","GB",228,NA,NA,NA,NA,NA,275,1,10,80,1,NA,NA,47.5
"MARLONBROWN","Marlon Brown","WR","BAL",229,NA,NA,NA,NA,NA,0,0,40,400,1,NA,NA,46
"TIMWRIGHT","Tim Wright","TE","TB",230,NA,NA,NA,NA,NA,NA,NA,30,330,2,NA,NA,45
"CHRISOGBONNAYA","Chris Ogbonnaya","RB","CLE",231,NA,NA,NA,NA,NA,125,1,35,200,1,NA,NA,44.5
"BRANDONLAFELL","Brandon LaFell","WR","NE",232,NA,NA,NA,NA,NA,0,0,20,255,3,NA,NA,43.5
"DANIELTHOMAS","Daniel Thomas","RB","MIA",233,NA,NA,NA,NA,NA,300,1,10,65,0,NA,NA,42.5
"JONATHANSTEWART","Jonathan Stewart","RB","CAR",234,NA,NA,NA,NA,NA,275,2,5,25,0,NA,NA,42
"JACQUIZZRODGERS","Jacquizz Rodgers","RB","ATL",234,NA,NA,NA,NA,NA,100,1,25,200,1,NA,NA,42
"BRYCEBROWN","Bryce Brown","RB","BUF",236,NA,NA,NA,NA,NA,225,2,10,65,0,NA,NA,41
"BRENTCELEK","Brent Celek","TE","PHI",237,NA,NA,NA,NA,NA,NA,NA,25,285,2,NA,NA,40.5
"ZACHMETTENBERGER","Zach Mettenberger","QB","TEN",238,48,30,460,4,0,10,0,NA,NA,NA,NA,NA,40
"BRANDONPETTIGREW","Brandon Pettigrew","TE","DET",238,NA,NA,NA,NA,NA,NA,NA,28,280,2,NA,NA,40
"ACESANDERS","Ace Sanders","WR","JAX",240,NA,NA,NA,NA,NA,0,0,25,270,2,NA,NA,39
"LEVINETOILOLO","Levine Toilolo","TE","ATL",240,NA,NA,NA,NA,NA,NA,NA,30,270,2,NA,NA,39
"KRISDURHAM","Kris Durham","WR","DET",242,NA,NA,NA,NA,NA,0,0,25,325,1,NA,NA,38.5
"AUSTINPETTIS","Austin Pettis","WR","STL",242,NA,NA,NA,NA,NA,0,0,30,325,1,NA,NA,38.5
"BRANDONBOSTICK","Brandon Bostick","TE","GB",242,NA,NA,NA,NA,NA,NA,NA,15,205,3,NA,NA,38.5
"KENBRELLTHOMPKINS","Kenbrell Thompkins","WR","NE",245,NA,NA,NA,NA,NA,0,0,15,200,3,NA,NA,38
"OWENDANIELS","Owen Daniels","TE","BAL",246,NA,NA,NA,NA,NA,NA,NA,25,255,2,NA,NA,37.5
"KNILEDAVIS","Knile Davis","RB","KC",247,NA,NA,NA,NA,NA,205,2,8,45,0,NA,NA,37
"BILALPOWELL","Bilal Powell","RB","NYJ",247,NA,NA,NA,NA,NA,160,1,20,150,0,NA,NA,37
"JEFFCUMBERLAND","Jeff Cumberland","TE","NYJ",249,NA,NA,NA,NA,NA,NA,NA,25,245,2,NA,NA,36.5
"KESHAWNMARTIN","Keshawn Martin","WR","HOU",250,NA,NA,NA,NA,NA,0,0,25,300,1,NA,NA,36
"RYANGRIFFIN","Ryan Griffin","TE","HOU",250,NA,NA,NA,NA,NA,NA,NA,20,240,2,NA,NA,36
"KENDALLHUNTER","Kendall Hunter","RB","SF",252,NA,NA,NA,NA,NA,205,2,5,25,0,NA,NA,35
"MIKEJAMES","Mike James","RB","TB",253,NA,NA,NA,NA,NA,200,2,5,25,0,NA,NA,34.5
"JEFFWILLIAMS","Jeff Williams","RB","",253,NA,NA,NA,NA,NA,190,2,5,35,0,NA,NA,34.5
"JACOBTAMME","Jacob Tamme","TE","DEN",253,NA,NA,NA,NA,NA,NA,NA,25,225,2,NA,NA,34.5
"DRIARCHER","Dri Archer","RB","PIT",256,NA,NA,NA,NA,NA,35,1,25,180,1,NA,NA,33.5
"JERICKMCKINNON","Jerick McKinnon","RB","MIN",257,NA,NA,NA,NA,NA,195,1,10,75,0,NA,NA,33
"BRANDONGIBSON","Brandon Gibson","WR","MIA",257,NA,NA,NA,NA,NA,0,0,20,210,2,NA,NA,33
"ADRIENROBINSON","Adrien Robinson","TE","NYG",257,NA,NA,NA,NA,NA,NA,NA,25,270,1,NA,NA,33
"MARCELREECE","Marcel Reece","RB","OAK",260,NA,NA,NA,NA,NA,115,1,15,90,1,NA,NA,32.5
"TROYNIKLAS","Troy Niklas","TE","ARI",260,NA,NA,NA,NA,NA,NA,NA,20,205,2,NA,NA,32.5
"TEDGINN","Ted Ginn","WR","ARI",262,NA,NA,NA,NA,NA,0,0,15,200,2,NA,NA,32
"ALLENROBINSON","Allen Robinson","WR","JAX",262,NA,NA,NA,NA,NA,0,0,15,200,2,NA,NA,32
"SCOTTCHANDLER","Scott Chandler","TE","BUF",264,NA,NA,NA,NA,NA,NA,NA,20,195,2,NA,NA,31.5
"COLEBEASLEY","Cole Beasley","WR","DAL",265,NA,NA,NA,NA,NA,0,0,22,250,1,NA,NA,31
"CHARLESSIMS","Charles Sims","RB","TB",266,NA,NA,NA,NA,NA,175,1,10,70,0,NA,NA,30.5
"JOHNKUHN","John Kuhn","RB","GB",266,NA,NA,NA,NA,NA,35,2,15,90,1,NA,NA,30.5
"DREWDAVIS","Drew Davis","WR","ATL",266,NA,NA,NA,NA,NA,0,0,15,185,2,NA,NA,30.5
"TONYMOEAKI","Tony Moeaki","TE","BUF",269,NA,NA,NA,NA,NA,NA,NA,15,180,2,NA,NA,30
"LATAVIUSMURRAY","Latavius Murray","RB","OAK",270,NA,NA,NA,NA,NA,200,1,5,35,0,NA,NA,29.5
"ROBERTTURBIN","Robert Turbin","RB","SEA",271,NA,NA,NA,NA,NA,200,1,5,30,0,NA,NA,29
"DEVINSTREET","Devin Street","WR","DAL",271,NA,NA,NA,NA,NA,0,0,10,170,2,NA,NA,29
"EDDICKSON","Ed Dickson","TE","CAR",271,NA,NA,NA,NA,NA,NA,NA,20,170,2,NA,NA,29
"CHRISPOLK","Chris Polk","RB","PHI",274,NA,NA,NA,NA,NA,200,1,5,25,0,NA,NA,28.5
"AJJENKINS","A.J. Jenkins","WR","KC",274,NA,NA,NA,NA,NA,0,0,15,225,1,NA,NA,28.5
"MOHAMEDSANU","Mohamed Sanu","WR","CIN",274,NA,NA,NA,NA,NA,0,0,15,165,2,NA,NA,28.5
"LANCEKENDRICKS","Lance Kendricks","TE","STL",274,NA,NA,NA,NA,NA,NA,NA,20,165,2,NA,NA,28.5
"RONNIEHILLMAN","Ronnie Hillman","RB","DEN",278,NA,NA,NA,NA,NA,200,0,8,80,0,NA,NA,28
"GAVINESCOBAR","Gavin Escobar","TE","DAL",278,NA,NA,NA,NA,NA,NA,NA,15,160,2,NA,NA,28
"CASEKEENUM","Case Keenum","QB","HOU",280,56,34,400,2,1,5,0,NA,NA,NA,NA,NA,27.5
"MIKEGLENNON","Mike Glennon","QB","TB",281,50,32,375,2,0,5,0,NA,NA,NA,NA,NA,27.25
"SEANMCGRATH","Sean McGrath","TE","KC",282,NA,NA,NA,NA,NA,NA,NA,17,150,2,NA,NA,27
"JAMESWHITE","James White","RB","NE",283,NA,NA,NA,NA,NA,205,1,0,0,0,NA,NA,26.5
"BOBBYRAINEY","Bobby Rainey","RB","TB",284,NA,NA,NA,NA,NA,125,1,12,75,0,NA,NA,26
"MATTASIATA","Matt Asiata","RB","MIN",284,NA,NA,NA,NA,NA,125,2,3,15,0,NA,NA,26
"MARQUISEGOODWIN","Marquise Goodwin","WR","BUF",284,NA,NA,NA,NA,NA,0,0,12,200,1,NA,NA,26
"TAYLORTHOMPSON","Taylor Thompson","TE","TEN",287,NA,NA,NA,NA,NA,NA,NA,10,125,2,NA,NA,24.5
"CHARLESWHITE","Charles White","RB","",288,NA,NA,NA,NA,NA,0,0,0,0,0,NA,NA,24
"MIKEBROWN","Mike Brown","WR","JAX",288,NA,NA,NA,NA,NA,0,0,10,120,2,NA,NA,24
"SHAUNHILL","Shaun Hill","QB","STL",290,40,27,300,2,0,5,0,NA,NA,NA,NA,NA,23.5
"LOGANTHOMAS","Logan Thomas","QB","ARI",291,30,15,275,1,3,25,1,NA,NA,NA,NA,NA,23.25
"JOSHMORGAN","Josh Morgan","WR","CHI",292,NA,NA,NA,NA,NA,0,0,12,170,1,NA,NA,23
"BENWATSON","Ben Watson","TE","NO",293,NA,NA,NA,NA,NA,NA,NA,15,165,1,NA,NA,22.5
"DAVIDWILSON","David Wilson","RB","NYG",294,NA,NA,NA,NA,NA,125,1,5,35,0,NA,NA,22
"PAULRICHARDSON","Paul Richardson","WR","SEA",294,NA,NA,NA,NA,NA,0,0,10,160,1,NA,NA,22
"JOSEPHRANDLE","Joseph Randle","RB","DAL",296,NA,NA,NA,NA,NA,120,1,5,35,0,NA,NA,21.5
"JASONCAMPBELL","Jason Campbell","QB","CIN",297,40,23,250,2,1,5,0,NA,NA,NA,NA,NA,20
"BRIANQUICK","Brian Quick","WR","STL",297,NA,NA,NA,NA,NA,0,0,10,140,1,NA,NA,20
"JARIUSWRIGHT","Jarius Wright","WR","MIN",297,NA,NA,NA,NA,NA,0,0,10,140,1,NA,NA,20
"WALTPOWELL","Walt Powell","WR","ARI",297,NA,NA,NA,NA,NA,0,0,10,140,1,NA,NA,20
"ROBERTMEACHEM","Robert Meachem","WR","NO",297,NA,NA,NA,NA,NA,0,0,10,140,1,NA,NA,20
"LUKEWILLSON","Luke Willson","TE","SEA",297,NA,NA,NA,NA,NA,NA,NA,12,140,1,NA,NA,20
"DUJUANHARRIS","DuJuan Harris","RB","GB",303,NA,NA,NA,NA,NA,120,1,1,5,0,NA,NA,18.5
"JEREMYKERLEY","Jeremy Kerley","WR","NYJ",303,NA,NA,NA,NA,NA,0,0,10,125,1,NA,NA,18.5
"JOEMCKNIGHT","Joe McKnight","RB","KC",305,NA,NA,NA,NA,NA,38,1,10,85,0,NA,NA,18.3
"DENNISJOHNSON","Dennis Johnson","RB","HOU",306,NA,NA,NA,NA,NA,150,0,5,30,0,NA,NA,18
"RICHARDRODGERS","Richard Rodgers","TE","GB",306,NA,NA,NA,NA,NA,NA,NA,10,120,1,NA,NA,18
"KEVINNORWOOD","Kevin Norwood","WR","SEA",308,NA,NA,NA,NA,NA,0,0,8,110,1,NA,NA,17
"BENNYCUNNINGHAM","Benny Cunningham","RB","STL",309,NA,NA,NA,NA,NA,90,1,2,10,0,NA,NA,16
"CLAYHARBOR","Clay Harbor","TE","JAX",309,NA,NA,NA,NA,NA,NA,NA,7,100,1,NA,NA,16
"MARCUSLATTIMORE","Marcus Lattimore","RB","SF",311,NA,NA,NA,NA,NA,15,0,10,75,1,NA,NA,15
"JACOBYJONES","Jacoby Jones","WR","BAL",311,NA,NA,NA,NA,NA,0,0,15,150,0,NA,NA,15
"DONTEMONCRIEF","Donte Moncrief","WR","IND",313,NA,NA,NA,NA,NA,0,0,10,140,0,NA,NA,14
"DAVANTEADAMS","Davante Adams","WR","GB",313,NA,NA,NA,NA,NA,0,0,10,140,0,NA,NA,14
"DEVIERPOSEY","DeVier Posey","WR","HOU",313,NA,NA,NA,NA,NA,0,0,8,80,1,NA,NA,14
"JOSEPHFAURIA","Joseph Fauria","TE","DET",313,NA,NA,NA,NA,NA,NA,NA,10,80,1,NA,NA,14
"JERMAINEKEARSE","Jermaine Kearse","WR","SEA",317,NA,NA,NA,NA,NA,0,0,5,75,1,NA,NA,13.5
"JORDANPALMER","Jordan Palmer","QB","CHI",318,26,15,200,1,1,4,0,NA,NA,NA,NA,NA,13.4
"STEDMANBAILEY","Stedman Bailey","WR","STL",319,NA,NA,NA,NA,NA,0,0,5,70,1,NA,NA,13
"JOEMORGAN","Joe Morgan","WR","NO",319,NA,NA,NA,NA,NA,0,0,5,70,1,NA,NA,13
"BRANDONMYERS","Brandon Myers","TE","TB",319,NA,NA,NA,NA,NA,NA,NA,8,70,1,NA,NA,13
"GREGLITTLE","Greg Little","WR","OAK",322,NA,NA,NA,NA,NA,0,0,10,125,0,NA,NA,12.5
"DAMIANWILLIAMS","Damian Williams","WR","TEN",322,NA,NA,NA,NA,NA,0,0,4,65,1,NA,NA,12.5
"JUNIORHEMINGWAY","Junior Hemingway","WR","KC",324,NA,NA,NA,NA,NA,0,0,5,60,1,NA,NA,12
"LEONARDHANKERSON","Leonard Hankerson","WR","WAS",324,NA,NA,NA,NA,NA,0,0,5,60,1,NA,NA,12
"JOSHHUFF","Josh Huff","WR","PHI",324,NA,NA,NA,NA,NA,0,0,5,60,1,NA,NA,12
"LARRYDONNELL","Larry Donnell","TE","NYG",324,NA,NA,NA,NA,NA,NA,NA,8,60,1,NA,NA,12
"ANDRECALDWELL","Andre Caldwell","WR","DEN",328,NA,NA,NA,NA,NA,0,0,5,55,1,NA,NA,11.5
"MARIOMANNINGHAM","Mario Manningham","WR","NYG",328,NA,NA,NA,NA,NA,0,0,5,55,1,NA,NA,11.5
"JOELDREESSEN","Joel Dreessen","TE","DEN",328,NA,NA,NA,NA,NA,NA,NA,10,55,1,NA,NA,11.5
"JOSHCOOPER","Josh Cooper","WR","CLE",331,NA,NA,NA,NA,NA,0,0,10,110,0,NA,NA,11
"MICKEYSHULER","Mickey Shuler","TE","",331,NA,NA,NA,NA,NA,NA,NA,5,50,1,NA,NA,11
"SANTANAMOSS","Santana Moss","WR","WAS",333,NA,NA,NA,NA,NA,0,0,3,45,1,NA,NA,10.5
"GARYBARNIDGE","Gary Barnidge","TE","CLE",333,NA,NA,NA,NA,NA,NA,NA,5,45,1,NA,NA,10.5
"LOGANPAULSEN","Logan Paulsen","TE","WAS",335,NA,NA,NA,NA,NA,NA,NA,10,97,0,NA,NA,9.7
"DARICKROGERS","DaRick Rogers","WR","IND",336,NA,NA,NA,NA,NA,0,0,1,35,1,NA,NA,9.5
"RYANGRANT","Ryan Grant","WR","WAS",336,NA,NA,NA,NA,NA,0,0,4,35,1,NA,NA,9.5
"TOMSAVAGE","Tom Savage","QB","HOU",338,30,17,200,0,2,10,0,NA,NA,NA,NA,NA,9
"THEORIDDICK","Theo Riddick","RB","DET",338,NA,NA,NA,NA,NA,20,1,2,10,0,NA,NA,9
"MIKEGILLISLEE","Mike Gillislee","RB","MIA",338,NA,NA,NA,NA,NA,25,1,1,5,0,NA,NA,9
"CJFIEDOROWICZ","C.J. Fiedorowicz","TE","HOU",341,NA,NA,NA,NA,NA,NA,NA,10,85,0,NA,NA,8.5
"ROBERTHUGHES","Robert Hughes","RB","",342,NA,NA,NA,NA,NA,75,0,1,5,0,NA,NA,8
"TYLERGAFFNEY","Tyler Gaffney","RB","CAR",342,NA,NA,NA,NA,NA,50,0,5,30,0,NA,NA,8
"DARRELYOUNG","Darrel Young","RB","WAS",342,NA,NA,NA,NA,NA,5,0,3,15,1,NA,NA,8
"MIKETOLBERT","Mike Tolbert","RB","CAR",342,NA,NA,NA,NA,NA,50,0,5,30,0,NA,NA,8
"TJJONES","T.J. Jones","WR","DET",342,NA,NA,NA,NA,NA,0,0,2,20,1,NA,NA,8
"ALDRICKROBINSON","Aldrick Robinson","WR","WAS",342,NA,NA,NA,NA,NA,0,0,1,20,1,NA,NA,8
"BRUCEELLINGTON","Bruce Ellington","WR","SF",342,NA,NA,NA,NA,NA,0,0,2,20,1,NA,NA,8
"DANIELFELLS","Daniel Fells","TE","NYG",342,NA,NA,NA,NA,NA,NA,NA,8,80,0,NA,NA,8
"CYRUSGRAY","Cyrus Gray","RB","KC",350,NA,NA,NA,NA,NA,35,0,5,40,0,NA,NA,7.5
"TJGRAHAM","T.J. Graham","WR","BUF",350,NA,NA,NA,NA,NA,0,0,5,75,0,NA,NA,7.5
"TRAVISBENJAMIN","Travis Benjamin","WR","CLE",350,NA,NA,NA,NA,NA,0,0,5,75,0,NA,NA,7.5
"JAMESWRIGHT","James Wright","WR","CIN",350,NA,NA,NA,NA,NA,0,0,5,75,0,NA,NA,7.5
"CRAIGSTEVENS","Craig Stevens","TE","TEN",350,NA,NA,NA,NA,NA,NA,NA,10,75,0,NA,NA,7.5
"DENARDROBINSON","Denard Robinson","RB","JAX",355,NA,NA,NA,NA,NA,60,0,2,10,0,NA,NA,7
"JAREDABBREDERIS","Jared Abbrederis","WR","GB",356,NA,NA,NA,NA,NA,0,0,5,65,0,NA,NA,6.5
"DWAYNEHARRIS","Dwayne Harris","WR","DAL",357,NA,NA,NA,NA,NA,0,0,5,60,0,NA,NA,6
"JOHNBROWN","John Brown","WR","ARI",357,NA,NA,NA,NA,NA,0,0,5,60,0,NA,NA,6
"NICKTOON","Nick Toon","WR","NO",357,NA,NA,NA,NA,NA,0,0,5,60,0,NA,NA,6
"CHASEFORD","Chase Ford","TE","MIN",357,NA,NA,NA,NA,NA,NA,NA,5,60,0,NA,NA,6
"MICHAELEGNEW","Michael Egnew","TE","MIA",357,NA,NA,NA,NA,NA,NA,NA,6,60,0,NA,NA,6
"CHRISGRAGG","Chris Gragg","TE","BUF",357,NA,NA,NA,NA,NA,NA,NA,5,60,0,NA,NA,6
"ANTONESMITH","Antone Smith","RB","ATL",363,NA,NA,NA,NA,NA,45,0,2,10,0,NA,NA,5.5
"LAVONBRAZILL","LaVon Brazill","WR","IND",363,NA,NA,NA,NA,NA,0,0,5,55,0,NA,NA,5.5
"CHRISOWUSU","Chris Owusu","WR","TB",363,NA,NA,NA,NA,NA,0,0,5,55,0,NA,NA,5.5
"KEVINCONE","Kevin Cone","WR","MIA",363,NA,NA,NA,NA,NA,0,0,5,55,0,NA,NA,5.5
"MICHAELCOX","Michael Cox","RB","NYG",367,NA,NA,NA,NA,NA,35,0,3,15,0,NA,NA,5
"DOMENIKHIXON","Domenik Hixon","WR","CHI",367,NA,NA,NA,NA,NA,0,0,4,50,0,NA,NA,5
"RYANBROYLES","Ryan Broyles","WR","DET",367,NA,NA,NA,NA,NA,0,0,5,50,0,NA,NA,5
"JIMDRAY","Jim Dray","TE","CLE",367,NA,NA,NA,NA,NA,NA,NA,5,50,0,NA,NA,5
"JUSTINFORSETT","Justin Forsett","RB","BAL",371,NA,NA,NA,NA,NA,40,0,1,5,0,NA,NA,4.5
"SHAQEVANS","Shaq Evans","WR","NYJ",371,NA,NA,NA,NA,NA,0,0,1,45,0,NA,NA,4.5
"FENDIONOBUN","Fendi Onobun","TE","CHI",371,NA,NA,NA,NA,NA,NA,NA,5,45,0,NA,NA,4.5
"VANCEMCDONALD","Vance McDonald","TE","SF",371,NA,NA,NA,NA,NA,NA,NA,5,45,0,NA,NA,4.5
"JOSHHILL","Josh Hill","TE","NO",371,NA,NA,NA,NA,NA,NA,NA,5,45,0,NA,NA,4.5
"MICHAELHOOMANAWANUI","Michael Hoomanawanui","TE","NE",371,NA,NA,NA,NA,NA,NA,NA,5,45,0,NA,NA,4.5
"RHETTELLISON","Rhett Ellison","TE","MIN",371,NA,NA,NA,NA,NA,NA,NA,5,45,0,NA,NA,4.5
"ISAIAHPEAD","Isaiah Pead","RB","STL",378,NA,NA,NA,NA,NA,10,0,5,30,0,NA,NA,4
"MIKELLESHOURE","Mikel Leshoure","RB","DET",378,NA,NA,NA,NA,NA,35,0,1,5,0,NA,NA,4
"RISHARDMATTHEWS","Rishard Matthews","WR","MIA",378,NA,NA,NA,NA,NA,0,0,3,40,0,NA,NA,4
"PATRICKEDWARDS","Patrick Edwards","WR","",378,NA,NA,NA,NA,NA,0,0,4,40,0,NA,NA,4
"DAMARISJOHNSON","Damaris Johnson","WR","PHI",378,NA,NA,NA,NA,NA,0,0,4,40,0,NA,NA,4
"DAVIDAUSBERRY","David Ausberry","TE","OAK",378,NA,NA,NA,NA,NA,NA,NA,5,40,0,NA,NA,4
"LEESMITH","Lee Smith","TE","BUF",378,NA,NA,NA,NA,NA,NA,NA,5,40,0,NA,NA,4
"CHRISTHOMPSON","Chris Thompson","RB","WAS",385,NA,NA,NA,NA,NA,20,0,2,15,0,NA,NA,3.5
"RYANWILLIAMS","Ryan Williams","RB","DAL",385,NA,NA,NA,NA,NA,25,0,1,10,0,NA,NA,3.5
"WILLJOHNSON","Will Johnson","RB","PIT",385,NA,NA,NA,NA,NA,5,0,5,30,0,NA,NA,3.5
"DIONLEWIS","Dion Lewis","RB","CLE",385,NA,NA,NA,NA,NA,10,0,2,25,0,NA,NA,3.5
"JOHNCONNER","John Conner","RB","NYG",385,NA,NA,NA,NA,NA,5,0,5,30,0,NA,NA,3.5
"JEFFJANIS","Jeff Janis","WR","GB",385,NA,NA,NA,NA,NA,0,0,3,35,0,NA,NA,3.5
"TANDONDOSS","Tandon Doss","WR","JAX",385,NA,NA,NA,NA,NA,0,0,2,35,0,NA,NA,3.5
"ZACHSUDFELD","Zach Sudfeld","TE","NYJ",385,NA,NA,NA,NA,NA,NA,NA,4,35,0,NA,NA,3.5
"DIONSIMS","Dion Sims","TE","MIA",385,NA,NA,NA,NA,NA,NA,NA,4,35,0,NA,NA,3.5
"DANTEROSARIO","Dante Rosario","TE","CHI",385,NA,NA,NA,NA,NA,NA,NA,4,35,0,NA,NA,3.5
"ERIKLORIG","Erik Lorig","RB","TB",395,NA,NA,NA,NA,NA,0,0,5,30,0,NA,NA,3
"JEREMYROSS","Jeremy Ross","WR","DET",395,NA,NA,NA,NA,NA,0,0,3,30,0,NA,NA,3
"JULIANTALLEY","Julian Talley","WR","NYG",395,NA,NA,NA,NA,NA,0,0,2,30,0,NA,NA,3
"DEVINHESTER","Devin Hester","WR","ATL",395,NA,NA,NA,NA,NA,0,0,2,30,0,NA,NA,3
"JAMESHANNA","James Hanna","TE","DAL",395,NA,NA,NA,NA,NA,NA,NA,4,30,0,NA,NA,3
"CORYHARKEY","Cory Harkey","TE","STL",395,NA,NA,NA,NA,NA,NA,NA,3,30,0,NA,NA,3
"MARIONGRICE","Marion Grice","RB","SD",401,NA,NA,NA,NA,NA,20,0,1,5,0,NA,NA,2.5
"REXBURKHEAD","Rex Burkhead","RB","CIN",401,NA,NA,NA,NA,NA,15,0,2,10,0,NA,NA,2.5
"CJANDERSON","C.J. Anderson","RB","DEN",401,NA,NA,NA,NA,NA,20,0,1,5,0,NA,NA,2.5
"LAMICHAELJAMES","LaMichael James","RB","SF",401,NA,NA,NA,NA,NA,20,0,1,5,0,NA,NA,2.5
"CIERREWOOD","Cierre Wood","RB","HOU",401,NA,NA,NA,NA,NA,25,0,0,0,0,NA,NA,2.5
"JALENSAUNDERS","Jalen Saunders","WR","NYJ",401,NA,NA,NA,NA,NA,0,0,1,25,0,NA,NA,2.5
"TAVARRESKING","Tavarres King","WR","CAR",401,NA,NA,NA,NA,NA,0,0,2,25,0,NA,NA,2.5
"SKYEDAWSON","Skye Dawson","WR","TB",401,NA,NA,NA,NA,NA,0,0,2,25,0,NA,NA,2.5
"JOHNPHILLIPS","John Phillips","TE","SD",401,NA,NA,NA,NA,NA,NA,NA,3,25,0,NA,NA,2.5
"MARQUEISGRAY","MarQueis Gray","TE","CLE",401,NA,NA,NA,NA,NA,NA,NA,2,25,0,NA,NA,2.5
"BEARPASCOE","Bear Pascoe","TE","NYG",401,NA,NA,NA,NA,NA,NA,NA,3,25,0,NA,NA,2.5
"CEDRICPEERMAN","Cedric Peerman","RB","CIN",412,NA,NA,NA,NA,NA,15,0,1,5,0,NA,NA,2
"DEXTERCARTER","Dexter Carter","RB","",412,NA,NA,NA,NA,NA,10,0,2,10,0,NA,NA,2
"BRYANWALTERS","Bryan Walters","WR","SEA",412,NA,NA,NA,NA,NA,0,0,1,20,0,NA,NA,2
"DARRIUSHEYWARDBEY","Darrius Heyward-Bey","WR","PIT",412,NA,NA,NA,NA,NA,0,0,2,20,0,NA,NA,2
"DEONTETHOMPSON","Deonte Thompson","WR","BAL",412,NA,NA,NA,NA,NA,0,0,2,20,0,NA,NA,2
"SEYIAJIROTUTU","Seyi Ajirotutu","WR","SD",412,NA,NA,NA,NA,NA,0,0,1,20,0,NA,NA,2
"TIQUANUNDERWOOD","Tiquan Underwood","WR","CAR",412,NA,NA,NA,NA,NA,0,0,2,20,0,NA,NA,2
"LESTARJEAN","Lestar Jean","WR","MIN",412,NA,NA,NA,NA,NA,0,0,2,20,0,NA,NA,2
"MICHAELPRESTON","Michael Preston","WR","TEN",412,NA,NA,NA,NA,NA,0,0,1,20,0,NA,NA,2
"ERICPAGE","Eric Page","WR","TB",412,NA,NA,NA,NA,NA,0,0,2,20,0,NA,NA,2
"CROCKETTGILLMORE","Crockett Gillmore","TE","BAL",412,NA,NA,NA,NA,NA,NA,NA,3,20,0,NA,NA,2
"MONTELLOWENS","Montell Owens","RB","DET",423,NA,NA,NA,NA,NA,10,0,1,5,0,NA,NA,1.5
"MATTHEWTUCKER","Matthew Tucker","RB","PHI",423,NA,NA,NA,NA,NA,15,0,0,0,0,NA,NA,1.5
"EVANROYSTER","Evan Royster","RB","WAS",423,NA,NA,NA,NA,NA,15,0,0,0,0,NA,NA,1.5
"STANLEYHAVILI","Stanley Havili","RB","IND",423,NA,NA,NA,NA,NA,0,0,2,15,0,NA,NA,1.5
"KENJONBARNER","Kenjon Barner","RB","CAR",423,NA,NA,NA,NA,NA,10,0,1,5,0,NA,NA,1.5
"SHAUNDRAUGHN","Shaun Draughn","RB","",423,NA,NA,NA,NA,NA,10,0,1,5,0,NA,NA,1.5
"WESTONDRESSLER","Weston Dressler","WR","KC",423,NA,NA,NA,NA,NA,0,0,1,15,0,NA,NA,1.5
"BRANDONLLOYD","Brandon Lloyd","WR","SF",423,NA,NA,NA,NA,NA,0,0,1,15,0,NA,NA,1.5
"MARQUESSWILSON","Marquess Wilson","WR","CHI",423,NA,NA,NA,NA,NA,0,0,1,15,0,NA,NA,1.5
"JAMARNEWSOME","Jamar Newsome","WR","KC",423,NA,NA,NA,NA,NA,0,0,2,15,0,NA,NA,1.5
"JEFFMAEHL","Jeff Maehl","WR","PHI",423,NA,NA,NA,NA,NA,0,0,1,15,0,NA,NA,1.5
"MARVINMCNUTT","Marvin McNutt","WR","CAR",423,NA,NA,NA,NA,NA,0,0,1,15,0,NA,NA,1.5
"COBIHAMILTON","Cobi Hamilton","WR","CIN",423,NA,NA,NA,NA,NA,0,0,1,15,0,NA,NA,1.5
"MARCMARIANI","Marc Mariani","WR","TEN",423,NA,NA,NA,NA,NA,0,0,2,15,0,NA,NA,1.5
"AARONMELLETTE","Aaron Mellette","WR","BAL",423,NA,NA,NA,NA,NA,0,0,2,15,0,NA,NA,1.5
"RYANWHALEN","Ryan Whalen","WR","CIN",423,NA,NA,NA,NA,NA,0,0,1,15,0,NA,NA,1.5
"WESLYESAUNDERS","Weslye Saunders","TE","IND",423,NA,NA,NA,NA,NA,NA,NA,2,15,0,NA,NA,1.5
"MICHAELSMITH","Michael Smith","RB","TB",440,NA,NA,NA,NA,NA,8,0,1,5,0,NA,NA,1.3
"LONNIEPRYOR","Lonnie Pryor","RB","TB",441,NA,NA,NA,NA,NA,7,0,1,5,0,NA,NA,1.2
"DARYLRICHARDSON","Daryl Richardson","RB","NYJ",442,NA,NA,NA,NA,NA,0,0,2,10,0,NA,NA,1
"VICKBALLARD","Vick Ballard","RB","IND",442,NA,NA,NA,NA,NA,0,0,2,10,0,NA,NA,1
"KERWYNNWILLIAMS","Kerwynn Williams","RB","",442,NA,NA,NA,NA,NA,5,0,1,5,0,NA,NA,1
"ALVESTERALEXANDER","Alvester Alexander","RB","PIT",442,NA,NA,NA,NA,NA,10,0,0,0,0,NA,NA,1
"FRANKSUMMERS","Frank Summers","RB","BUF",442,NA,NA,NA,NA,NA,5,0,1,5,0,NA,NA,1
"JOEBANYARD","Joe Banyard","RB","MIN",442,NA,NA,NA,NA,NA,5,0,1,5,0,NA,NA,1
"JACKIEBATTLE","Jackie Battle","RB","TEN",442,NA,NA,NA,NA,NA,0,0,2,10,0,NA,NA,1
"ANTHONYDIXON","Anthony Dixon","RB","BUF",442,NA,NA,NA,NA,NA,5,0,1,5,0,NA,NA,1
"SPENCERWARE","Spencer Ware","RB","SEA",442,NA,NA,NA,NA,NA,10,0,0,0,0,NA,NA,1
"EDWINBAKER","Edwin Baker","RB","CLE",442,NA,NA,NA,NA,NA,5,0,1,5,0,NA,NA,1
"DEJIKARIM","Deji Karim","RB","HOU",442,NA,NA,NA,NA,NA,10,0,0,0,0,NA,NA,1
"JEREMYSTEWART","Jeremy Stewart","RB","OAK",442,NA,NA,NA,NA,NA,5,0,1,5,0,NA,NA,1
"DEVONWYLIE","Devon Wylie","WR","SF",442,NA,NA,NA,NA,NA,0,0,1,10,0,NA,NA,1
"DANESANZENBACHER","Dane Sanzenbacher","WR","CIN",442,NA,NA,NA,NA,NA,0,0,1,10,0,NA,NA,1
"QUINTONPATTON","Quinton Patton","WR","SF",442,NA,NA,NA,NA,NA,0,0,1,10,0,NA,NA,1
"MARCUSEASLEY","Marcus Easley","WR","BUF",442,NA,NA,NA,NA,NA,0,0,1,10,0,NA,NA,1
"JERRELJERNIGAN","Jerrel Jernigan","WR","NYG",442,NA,NA,NA,NA,NA,0,0,1,10,0,NA,NA,1
"MIKETHOMAS","Mike Thomas","WR","HOU",442,NA,NA,NA,NA,NA,0,0,1,10,0,NA,NA,1
"BRANDONTATE","Brandon Tate","WR","CIN",442,NA,NA,NA,NA,NA,0,0,1,10,0,NA,NA,1
"KYLEWILLIAMS","Kyle Williams","WR","KC",442,NA,NA,NA,NA,NA,0,0,1,10,0,NA,NA,1
"JONBALDWIN","Jon Baldwin","WR","SF",442,NA,NA,NA,NA,NA,0,0,1,10,0,NA,NA,1
"JURONCRINER","Juron Criner","WR","OAK",442,NA,NA,NA,NA,NA,0,0,1,10,0,NA,NA,1
"JARONBROWN","Jaron Brown","WR","ARI",442,NA,NA,NA,NA,NA,0,0,1,10,0,NA,NA,1
"DCJEFFERSON","D.C. Jefferson","TE","",442,NA,NA,NA,NA,NA,NA,NA,1,10,0,NA,NA,1
"MICHAELPALMER","Michael Palmer","TE","PIT",442,NA,NA,NA,NA,NA,NA,NA,1,10,0,NA,NA,1
"JUSTICECUNNINGHAM","Justice Cunningham","TE","STL",442,NA,NA,NA,NA,NA,NA,NA,1,10,0,NA,NA,1
"GARRETTCELEK","Garrett Celek","TE","SF",442,NA,NA,NA,NA,NA,NA,NA,1,10,0,NA,NA,1
"KEVINBROCK","Kevin Brock","TE","CIN",442,NA,NA,NA,NA,NA,NA,NA,1,10,0,NA,NA,1
"ZACHPOTTER","Zach Potter","TE","HOU",442,NA,NA,NA,NA,NA,NA,NA,1,10,0,NA,NA,1
"DAVIDPAULSON","David Paulson","TE","PIT",442,NA,NA,NA,NA,NA,NA,NA,1,10,0,NA,NA,1
"MATTSPAETH","Matt Spaeth","TE","PIT",442,NA,NA,NA,NA,NA,NA,NA,2,10,0,NA,NA,1
"TYLERCLUTTS","Tyler Clutts","RB","DAL",473,NA,NA,NA,NA,NA,4,0,1,5,0,NA,NA,0.9
"DEANTHONYTHOMAS","DeAnthony Thomas","RB","KC",473,NA,NA,NA,NA,NA,4,0,1,5,0,NA,NA,0.9
"NICKKASA","Nick Kasa","TE","OAK",475,NA,NA,NA,NA,NA,NA,NA,1,8,0,NA,NA,0.8
"NILESPAUL","Niles Paul","TE","WAS",475,NA,NA,NA,NA,NA,NA,NA,1,8,0,NA,NA,0.8
"JERONMASTRUD","Jeron Mastrud","TE","OAK",477,NA,NA,NA,NA,NA,NA,NA,1,7,0,NA,NA,0.7
"PATRICKDIMARCO","Patrick DiMarco","RB","ATL",478,NA,NA,NA,NA,NA,6,0,0,0,0,NA,NA,0.6
"ALFREDBLUE","Alfred Blue","RB","HOU",479,NA,NA,NA,NA,NA,5,0,0,0,0,NA,NA,0.5
"QUINNJOHNSON","Quinn Johnson","RB","TEN",479,NA,NA,NA,NA,NA,0,0,1,5,0,NA,NA,0.5
"TRAVARISCADET","Travaris Cadet","RB","NO",479,NA,NA,NA,NA,NA,5,0,0,0,0,NA,NA,0.5
"CARLOSHYDE","Carlos Hyde","RB","SF",479,NA,NA,NA,NA,NA,5,0,0,0,0,NA,NA,0.5
"KYLEJUSZCZYK","Kyle Juszczyk","RB","BAL",479,NA,NA,NA,NA,NA,5,0,0,0,0,NA,NA,0.5
"WILLTAUFOOU","Will Taufoou","RB","JAX",479,NA,NA,NA,NA,NA,5,0,0,0,0,NA,NA,0.5
"DANIELHERRON","Daniel Herron","RB","IND",479,NA,NA,NA,NA,NA,0,0,1,5,0,NA,NA,0.5
"MIGUELMAYSONET","Miguel Maysonet","RB","PIT",479,NA,NA,NA,NA,NA,5,0,0,0,0,NA,NA,0.5
"CHASEREYNOLDS","Chase Reynolds","RB","STL",479,NA,NA,NA,NA,NA,5,0,0,0,0,NA,NA,0.5
"KIEROSMALL","Kiero Small","RB","SEA",479,NA,NA,NA,NA,NA,5,0,0,0,0,NA,NA,0.5
"LEONWASHINGTON","Leon Washington","RB","TEN",479,NA,NA,NA,NA,NA,0,0,1,5,0,NA,NA,0.5
"MARCUSTHIGPEN","Marcus Thigpen","RB","MIA",479,NA,NA,NA,NA,NA,5,0,0,0,0,NA,NA,0.5
"NATHANOVERBAY","Nathan Overbay","TE","DET",479,NA,NA,NA,NA,NA,NA,NA,1,5,0,NA,NA,0.5
"BRADSMELLEY","Brad Smelley","TE","HOU",479,NA,NA,NA,NA,NA,NA,NA,0,0,0,NA,NA,0.5
"MICHAELWILLIAMS","Michael Williams","TE","DET",479,NA,NA,NA,NA,NA,NA,NA,1,5,0,NA,NA,0.5
"DARRENFELLS","Darren Fells","TE","SEA",479,NA,NA,NA,NA,NA,NA,NA,1,5,0,NA,NA,0.5
"MIKEMCNEILL","Mike McNeill","TE","CAR",479,NA,NA,NA,NA,NA,NA,NA,1,5,0,NA,NA,0.5
"JONVAUGHN","Jon Vaughn","RB","",496,NA,NA,NA,NA,NA,4,0,0,0,0,NA,NA,0.4
"MICHAELFORD","Michael Ford","RB","CHI",496,NA,NA,NA,NA,NA,4,0,0,0,0,NA,NA,0.4
"DENNISDIXON","Dennis Dixon","QB","BUF",498,0,0,0,0,0,0,0,NA,NA,NA,NA,NA,0
"CALEBHANIE","Caleb Hanie","QB","DAL",498,0,0,0,0,0,0,0,NA,NA,NA,NA,NA,0
"DANORLOVSKY","Dan Orlovsky","QB","DET",498,0,0,0,0,0,0,0,NA,NA,NA,NA,NA,0
"RYANLINDLEY","Ryan Lindley","QB","ARI",498,0,0,0,0,0,0,0,NA,NA,NA,NA,NA,0
"JOSHFREEMAN","Josh Freeman","QB","NYG",498,0,0,0,0,0,0,0,NA,NA,NA,NA,NA,0
"TYLERTHIGPEN","Tyler Thigpen","QB","BUF",498,0,0,0,0,0,0,0,NA,NA,NA,NA,NA,0
"JOSHJOHNSON","Josh Johnson","QB","CIN",498,0,0,0,0,0,0,0,NA,NA,NA,NA,NA,0
"TERRELLEPRYOR","Terrelle Pryor","QB","SEA",498,0,0,0,0,0,0,0,NA,NA,NA,NA,NA,0
"ZACDYSERT","Zac Dysert","QB","DEN",498,0,0,0,0,0,0,0,NA,NA,NA,NA,NA,0
"BRADSORENSEN","Brad Sorensen","QB","SD",498,0,0,0,0,0,0,0,NA,NA,NA,NA,NA,0
"TYLERWILSON","Tyler Wilson","QB","TEN",498,0,0,0,0,0,0,0,NA,NA,NA,NA,NA,0
"TAJHBOYD","Tajh Boyd","QB","NYJ",498,0,0,0,0,0,0,0,NA,NA,NA,NA,NA,0
"CHANDLERHARNISH","Chandler Harnish","QB","",498,0,0,0,0,0,0,0,NA,NA,NA,NA,NA,0
"KYLEORTON","Kyle Orton","QB","DAL",498,0,0,0,0,0,0,0,NA,NA,NA,NA,NA,0
"BJDANIELS","B.J. Daniels","QB","SEA",498,0,0,0,0,0,0,0,NA,NA,NA,NA,NA,0
"MARKSANCHEZ","Mark Sanchez","QB","PHI",498,0,0,0,0,0,0,0,NA,NA,NA,NA,NA,0
"BLAINEGABBERT","Blaine Gabbert","QB","SF",498,0,0,0,0,0,0,0,NA,NA,NA,NA,NA,0
"KELLENMOORE","Kellen Moore","QB","DET",498,0,0,0,0,0,0,0,NA,NA,NA,NA,NA,0
"LANDRYJONES","Landry Jones","QB","PIT",498,0,0,0,0,0,0,0,NA,NA,NA,NA,NA,0
"SEANRENFREE","Sean Renfree","QB","ATL",498,0,0,0,0,0,0,0,NA,NA,NA,NA,NA,0
"DAVIDFALES","David Fales","QB","CHI",498,0,0,0,0,0,0,0,NA,NA,NA,NA,NA,0
"AJMCCARRON","A.J. McCarron","QB","CIN",498,0,0,0,0,0,0,0,NA,NA,NA,NA,NA,0
"TJYATES","T.J. Yates","QB","HOU",498,0,0,0,0,0,0,0,NA,NA,NA,NA,NA,0
"MATTHASSELBECK","Matt Hasselbeck","QB","IND",498,0,0,0,0,0,0,0,NA,NA,NA,NA,NA,0
"BROCKOSWEILER","Brock Osweiler","QB","DEN",498,0,0,0,0,0,0,0,NA,NA,NA,NA,NA,0
"CHASEDANIEL","Chase Daniel","QB","KC",498,0,0,0,0,0,0,0,NA,NA,NA,NA,NA,0
"GALEGILBERT","Gale Gilbert","QB","",498,0,0,0,0,0,0,0,NA,NA,NA,NA,NA,0
"MATTMOORE","Matt Moore","QB","MIA",498,0,0,0,0,0,0,0,NA,NA,NA,NA,NA,0
"SCOTTTOLZIEN","Scott Tolzien","QB","GB",498,0,0,0,0,0,0,0,NA,NA,NA,NA,NA,0
"COLTMCCOY","Colt McCoy","QB","WAS",498,0,0,0,0,0,0,0,NA,NA,NA,NA,NA,0
"DREWSTANTON","Drew Stanton","QB","ARI",498,0,0,0,0,0,0,0,NA,NA,NA,NA,NA,0
"CURTISPAINTER","Curtis Painter","QB","NYG",498,0,0,0,0,0,0,0,NA,NA,NA,NA,NA,0
"AUSTINDAVIS","Austin Davis","QB","STL",498,0,0,0,0,0,0,0,NA,NA,NA,NA,NA,0
"RYANMALLETT","Ryan Mallett","QB","NE",498,0,0,0,0,0,0,0,NA,NA,NA,NA,NA,0
"DEREKANDERSON","Derek Anderson","QB","CAR",498,0,0,0,0,0,0,0,NA,NA,NA,NA,NA,0
"AARONMURRAY","Aaron Murray","QB","KC",498,0,0,0,0,0,0,0,NA,NA,NA,NA,NA,0
"JEFFTUEL","Jeff Tuel","QB","BUF",498,0,0,0,0,0,0,0,NA,NA,NA,NA,NA,0
"KELLENCLEMENS","Kellen Clemens","QB","SD",498,0,0,0,0,0,0,0,NA,NA,NA,NA,NA,0
"MIKEKAFKA","Mike Kafka","QB","TB",498,0,0,0,0,0,0,0,NA,NA,NA,NA,NA,0
"RICKYSTANZI","Ricky Stanzi","QB","JAX",498,0,0,0,0,0,0,0,NA,NA,NA,NA,NA,0
"TYLERBRAY","Tyler Bray","QB","KC",498,0,0,0,0,0,0,0,NA,NA,NA,NA,NA,0
"DOMINIQUEDAVIS","Dominique Davis","QB","ATL",498,0,0,0,0,0,0,0,NA,NA,NA,NA,NA,0
"MATTSIMMS","Matt Simms","QB","NYJ",498,0,0,0,0,0,0,0,NA,NA,NA,NA,NA,0
"MATTBARKLEY","Matt Barkley","QB","PHI",498,0,0,0,0,0,0,0,NA,NA,NA,NA,NA,0
"BRUCEGRADKOWSKI","Bruce Gradkowski","QB","PIT",498,0,0,0,0,0,0,0,NA,NA,NA,NA,NA,0
"RYANNASSIB","Ryan Nassib","QB","NYG",498,0,0,0,0,0,0,0,NA,NA,NA,NA,NA,0
"KIRKCOUSINS","Kirk Cousins","QB","WAS",498,0,0,0,0,0,0,0,NA,NA,NA,NA,NA,0
"MATTFLYNN","Matt Flynn","QB","GB",498,0,0,0,0,0,0,0,NA,NA,NA,NA,NA,0
"LUKEMCCOWN","Luke McCown","QB","NO",498,0,0,0,0,0,0,0,NA,NA,NA,NA,NA,0
"PATDEVLIN","Pat Devlin","QB","MIA",498,0,0,0,0,0,0,0,NA,NA,NA,NA,NA,0
"MCLEODBETHELTHOMPSON","McLeod Bethel-Thompson","QB","",498,0,0,0,0,0,0,0,NA,NA,NA,NA,NA,0
"BRANDONWEEDEN","Brandon Weeden","QB","DAL",498,0,0,0,0,0,0,0,NA,NA,NA,NA,NA,0
"THADDEUSLEWIS","Thaddeus Lewis","QB","BUF",498,0,0,0,0,0,0,0,NA,NA,NA,NA,NA,0
"MATTMCGLOIN","Matt McGloin","QB","OAK",498,0,0,0,0,0,0,0,NA,NA,NA,NA,NA,0
"TYRODTAYLOR","Tyrod Taylor","QB","BAL",498,0,0,0,0,0,0,0,NA,NA,NA,NA,NA,0
"TARVARISJACKSON","Tarvaris Jackson","QB","SEA",498,0,0,0,0,0,0,0,NA,NA,NA,NA,NA,0
"CHRISTIANPONDER","Christian Ponder","QB","MIN",498,0,0,0,0,0,0,0,NA,NA,NA,NA,NA,0
"SHAUNCHAPAS","Shaun Chapas","RB","DET",498,NA,NA,NA,NA,NA,0,0,0,0,0,NA,NA,0
"MIKEGOODSON","Mike Goodson","RB","NYJ",498,NA,NA,NA,NA,NA,0,0,0,0,0,NA,NA,0
"JEREMIAHJOHNSON","Jeremiah Johnson","RB","",498,NA,NA,NA,NA,NA,0,0,0,0,0,NA,NA,0
"JAMESDEVELIN","James Develin","RB","NE",498,NA,NA,NA,NA,NA,0,0,0,0,0,NA,NA,0
"FOZZYWHITTAKER","Fozzy Whittaker","RB","CLE",498,NA,NA,NA,NA,NA,0,0,0,0,0,NA,NA,0
"JOHNATHANFRANKLIN","Johnathan Franklin","RB","GB",498,NA,NA,NA,NA,NA,0,0,0,0,0,NA,NA,0
"DERRICKCOLEMAN","Derrick Coleman","RB","SEA",498,NA,NA,NA,NA,NA,0,0,0,0,0,NA,NA,0
"TONYFIAMMETTA","Tony Fiammetta","RB","CHI",498,NA,NA,NA,NA,NA,0,0,0,0,0,NA,NA,0
"ALEXGREEN","Alex Green","RB","NYJ",498,NA,NA,NA,NA,NA,0,0,0,0,0,NA,NA,0
"ZACHLINE","Zach Line","RB","MIN",498,NA,NA,NA,NA,NA,0,0,0,0,0,NA,NA,0
"BRUCEMILLER","Bruce Miller","RB","SF",498,NA,NA,NA,NA,NA,0,0,0,0,0,NA,NA,0
"JAMIZEOLAWALE","Jamize Olawale","RB","OAK",498,NA,NA,NA,NA,NA,0,0,0,0,0,NA,NA,0
"DAVIDNELSON","David Nelson","WR","NYJ",498,NA,NA,NA,NA,NA,0,0,0,0,0,NA,NA,0
"JOSHGORDON","Josh Gordon","WR","CLE",498,NA,NA,NA,NA,NA,0,0,0,0,0,NA,NA,0
"QUINCYENUNWA","Quincy Enunwa","WR","NYJ",498,NA,NA,NA,NA,NA,0,0,0,0,0,NA,NA,0
"JOSHBOYCE","Josh Boyce","WR","NE",498,NA,NA,NA,NA,NA,0,0,0,0,0,NA,NA,0
"MYLESWHITE","Myles White","WR","GB",498,NA,NA,NA,NA,NA,0,0,0,0,0,NA,NA,0
"JOEWEBB","Joe Webb","WR","CAR",498,NA,NA,NA,NA,NA,0,0,0,0,0,NA,NA,0
"JUSTINBLACKMON","Justin Blackmon","WR","JAX",498,NA,NA,NA,NA,NA,0,0,0,0,0,NA,NA,0
"TROYEDWARDS","Troy Edwards","WR","",498,NA,NA,NA,NA,NA,0,0,0,0,0,NA,NA,0
"RAMSESBARDEN","Ramses Barden","WR","BUF",498,NA,NA,NA,NA,NA,0,0,0,0,0,NA,NA,0
"CHRISHARPER","Chris Harper","WR","GB",498,NA,NA,NA,NA,NA,0,0,0,0,0,NA,NA,0
"KONRADREULAND","Konrad Reuland","TE","NYJ",498,NA,NA,NA,NA,NA,NA,NA,0,0,0,NA,NA,0
"LUKESTOCKER","Luke Stocker","TE","TB",498,NA,NA,NA,NA,NA,NA,NA,0,0,0,NA,NA,0
"TOMCRABTREE","Tom Crabtree","TE","TB",498,NA,NA,NA,NA,NA,NA,NA,0,0,0,NA,NA,0
"DAVIDJOHNSON","David Johnson","TE","SD",498,NA,NA,NA,NA,NA,NA,NA,0,0,0,NA,NA,0
"ANTHONYFASANO","Anthony Fasano","TE","KC",498,NA,NA,NA,NA,NA,NA,NA,0,0,0,NA,NA,0
"ANTHONYMCCOY","Anthony McCoy","TE","SEA",498,NA,NA,NA,NA,NA,NA,NA,0,0,0,NA,NA,0
"RYANTAYLOR","Ryan Taylor","TE","GB",498,NA,NA,NA,NA,NA,NA,NA,0,0,0,NA,NA,0
"VIRGILGREEN","Virgil Green","TE","DEN",498,NA,NA,NA,NA,NA,NA,NA,0,0,0,NA,NA,0
"RICHIEBROCKEL","Richie Brockel","TE","CAR",498,NA,NA,NA,NA,NA,NA,NA,0,0,0,NA,NA,0
"JAKEBALLARD","Jake Ballard","TE","ARI",498,NA,NA,NA,NA,NA,NA,NA,0,0,0,NA,NA,0
"DUSTINKELLER","Dustin Keller","TE","",498,NA,NA,NA,NA,NA,NA,NA,0,0,0,NA,NA,0
"BRANDONBARDEN","Brandon Barden","TE","JAX",498,NA,NA,NA,NA,NA,NA,NA,0,0,0,NA,NA,0
