"name","name_fox","pos","team_fox","positionRank_fox","overallRank_fox","passYds_fox","passTds_fox","passInt_fox","rushYds_fox","rushTds_fox","rec_fox","recYds_fox","recTds_fox","twoPts_fox","fumbles_fox","pts_fox"
"KELLENMOORE","Kellen Moore","QB","DET",1,1,0,0,0,0,0,NA,NA,NA,0,0,0
"BRANDONWEEDEN","Brandon Weeden","QB","DAL",1,1,0,0,0,0,0,NA,NA,NA,0,0,0
"DOMINIQUEDAVIS","Dominique Davis","QB","ATL",1,1,0,0,0,0,0,NA,NA,NA,0,0,0
"RYANMALLETT","Ryan Mallett","QB","NE",1,1,0,0,0,0,0,NA,NA,NA,0,0,0
"CAMNEWTON","Cam Newton","QB","CAR",1,1,0,0,0,0,0,NA,NA,NA,0,0,0
"RYANTANNEHILL","Ryan Tannehill","QB","MIA",1,1,0,0,0,0,0,NA,NA,NA,0,0,0
"GJKINNE","G.J. Kinne","QB","PHI",1,1,0,0,0,0,0,NA,NA,NA,0,0,0
"RUSSELLWILSON","Russell Wilson","QB","SEA",1,1,0,0,0,0,0,NA,NA,NA,0,0,0
"RYANLINDLEY","Ryan Lindley","QB","ARI",1,1,0,0,0,0,0,NA,NA,NA,0,0,0
"NICKFOLES","Nick Foles","QB","PHI",1,1,0,0,0,0,0,NA,NA,NA,0,0,0
"TYRODTAYLOR","Tyrod Taylor","QB","BAL",1,1,0,0,0,0,0,NA,NA,NA,0,0,0
"CHANDLERHARNISH","Chandler Harnish","QB","IND",1,1,0,0,0,0,0,NA,NA,NA,0,0,0
"AUSTINDAVIS","Austin Davis","QB","STL",1,1,0,0,0,0,0,NA,NA,NA,0,0,0
"RICKYSTANZI","Ricky Stanzi","QB","JAC",1,1,0,0,0,0,0,NA,NA,NA,0,0,0
"SAMBRADFORD","Sam Bradford","QB","STL",1,1,0,0,0,0,0,NA,NA,NA,0,0,0
"MCLEODBETHELTHOMPSON","McLeod Bethel-Thompson","QB","SF",1,1,0,0,0,0,0,NA,NA,NA,0,0,0
"CHRISTIANPONDER","Christian Ponder","QB","MIN",1,1,0,0,0,0,0,NA,NA,NA,0,0,0
"JAKELOCKER","Jake Locker","QB","TEN",1,1,0,0,0,0,0,NA,NA,NA,0,0,0
"SCOTTTOLZIEN","Scott Tolzien","QB","GB",1,1,0,0,0,0,0,NA,NA,NA,0,0,0
"JOSHFREEMAN","Josh Freeman","QB","NYG",1,1,0,0,0,0,0,NA,NA,NA,0,0,0
"NICKSTEPHENS","Nick Stephens","QB","BAL",1,1,0,0,0,0,0,NA,NA,NA,0,0,0
"CASEKEENUM","Case Keenum","QB","HOU",1,1,0,0,0,0,0,NA,NA,NA,0,0,0
"PATDEVLIN","Pat Devlin","QB","MIA",1,1,0,0,0,0,0,NA,NA,NA,0,0,0
"JERRODJOHNSON","Jerrod Johnson","QB","CHI",1,1,0,0,0,0,0,NA,NA,NA,0,0,0
"GREGMCELROY","Greg McElroy","QB","CIN",1,1,0,0,0,0,0,NA,NA,NA,0,0,0
"THADLEWIS","Thad Lewis","QB","BUF",1,1,0,0,0,0,0,NA,NA,NA,0,0,0
"MATTMCGLOIN","Matt McGloin","QB","OAK",1,1,0,0,0,0,0,NA,NA,NA,0,0,0
"MATTBARKLEY","Matt Barkley","QB","PHI",1,1,0,0,0,0,0,NA,NA,NA,0,0,0
"BROCKOSWEILER","Brock Osweiler","QB","DEN",1,1,0,0,0,0,0,NA,NA,NA,0,0,0
"TYLERWILSON","Tyler Wilson","QB","TEN",1,1,0,0,0,0,0,NA,NA,NA,0,0,0
"RYANGRIFFIN","Ryan Griffin","QB","NO",1,1,0,0,0,0,0,NA,NA,NA,0,0,0
"ZACDYSERT","Zac Dysert","QB","DEN",1,1,0,0,0,0,0,NA,NA,NA,0,0,0
"JEFFTUEL","Jeff Tuel","QB","BUF",1,1,0,0,0,0,0,NA,NA,NA,0,0,0
"JORDANRODGERS","Jordan Rodgers","QB","MIA",1,1,0,0,0,0,0,NA,NA,NA,0,0,0
"ALEXTANNEY","Alex Tanney","QB","TB",1,1,0,0,0,0,0,NA,NA,NA,0,0,0
"MATTBLANCHARD","Matt Blanchard","QB","CAR",1,1,0,0,0,0,0,NA,NA,NA,0,0,0
"BRADSORENSEN","Brad Sorensen","QB","SD",1,1,0,0,0,0,0,NA,NA,NA,0,0,0
"GENOSMITH","Geno Smith","QB","NYJ",1,1,0,0,0,0,0,NA,NA,NA,0,0,0
"TYLERBRAY","Tyler Bray","QB","KC",1,1,0,0,0,0,0,NA,NA,NA,0,0,0
"MATTSCOTT","Matt Scott","QB","CIN",1,1,0,0,0,0,0,NA,NA,NA,0,0,0
"ROBERTGRIFFINIII","Robert Griffin III","QB","WAS",1,1,0,0,0,0,0,NA,NA,NA,0,0,0
"TERRELLEPRYOR","Terrelle Pryor","QB","SEA",1,1,0,0,0,0,0,NA,NA,NA,0,0,0
"KIRKCOUSINS","Kirk Cousins","QB","WAS",1,1,0,0,0,0,0,NA,NA,NA,0,0,0
"MATTSIMMS","Matt Simms","QB","NYJ",1,1,0,0,0,0,0,NA,NA,NA,0,0,0
"LANDRYJONES","Landry Jones","QB","PIT",1,1,0,0,0,0,0,NA,NA,NA,0,0,0
"ANDREWLUCK","Andrew Luck","QB","IND",1,1,0,0,0,0,0,NA,NA,NA,0,0,0
"MIKEGLENNON","Mike Glennon","QB","TB",1,1,0,0,0,0,0,NA,NA,NA,0,0,0
"BJDANIELS","B.J. Daniels","QB","SEA",1,1,0,0,0,0,0,NA,NA,NA,0,0,0
"RYANNASSIB","Ryan Nassib","QB","NYG",1,1,0,0,0,0,0,NA,NA,NA,0,0,0
"EJMANUEL","EJ Manuel","QB","BUF",1,1,0,0,0,0,0,NA,NA,NA,0,0,0
"WILLIECARTER","Willie Carter","RB","CHI",1,1,NA,NA,NA,0,0,0,0,0,0,0,0
"INALIAINA","Ina Liaina","RB","GB",1,1,NA,NA,NA,0,0,0,0,0,0,0,0
"LATAVIUSMURRAY","Latavius Murray","RB","OAK",1,1,NA,NA,NA,0,0,0,0,0,0,0,0
"JONASGRAY","Jonas Gray","RB","NE",1,1,NA,NA,NA,0,0,0,0,0,0,0,0
"LANCEDUNBAR","Lance Dunbar","RB","DAL",1,1,NA,NA,NA,0,0,0,0,0,0,0,0
"BRANDONBOLDEN","Brandon Bolden","RB","NE",1,1,NA,NA,NA,0,0,0,0,0,0,0,0
"MICHAELCOX","Michael Cox","RB","NYG",1,1,NA,NA,NA,0,0,0,0,0,0,0,0
"JEWELHAMPTON","Jewel Hampton","RB","SF",1,1,NA,NA,NA,0,0,0,0,0,0,0,0
"JORDANTODMAN","Jordan Todman","RB","JAC",1,1,NA,NA,NA,0,0,0,0,0,0,0,0
"DENNISJOHNSON","Dennis Johnson","RB","HOU",1,1,NA,NA,NA,0,0,0,0,0,0,0,0
"BRADSMELLEY","Brad Smelley","RB","HOU",1,1,NA,NA,NA,0,0,0,0,0,0,0,0
"MICHAELZORDICH","Michael Zordich","RB","CAR",1,1,NA,NA,NA,0,0,0,0,0,0,0,0
"TOMMYBOHANON","Tommy Bohanon","RB","NYJ",1,1,NA,NA,NA,0,0,0,0,0,0,0,0
"ALVESTERALEXANDER","Alvester Alexander","RB","PIT",1,1,NA,NA,NA,0,0,0,0,0,0,0,0
"TOBENOPURUM","Toben Opurum","RB","HOU",1,1,NA,NA,NA,0,0,0,0,0,0,0,0
"ORWINSMITH","Orwin Smith","RB","GB",1,1,NA,NA,NA,0,0,0,0,0,0,0,0
"REXBURKHEAD","Rex Burkhead","RB","CIN",1,1,NA,NA,NA,0,0,0,0,0,0,0,0
"MIKEJAMES","Mike James","RB","TB",1,1,NA,NA,NA,0,0,0,0,0,0,0,0
"DIONLEWIS","Dion Lewis","RB","CLE",1,1,NA,NA,NA,0,0,0,0,0,0,0,0
"ZACHBOREN","Zach Boren","RB","SD",1,1,NA,NA,NA,0,0,0,0,0,0,0,0
"MATTHEWTUCKER","Matthew Tucker","RB","PHI",1,1,NA,NA,NA,0,0,0,0,0,0,0,0
"KNILEDAVIS","Knile Davis","RB","KC",1,1,NA,NA,NA,0,0,0,0,0,0,0,0
"MICHAELSMITH","Michael Smith","RB","TB",1,1,NA,NA,NA,0,0,0,0,0,0,0,0
"RYANWILLIAMS","Ryan Williams","RB","DAL",1,1,NA,NA,NA,0,0,0,0,0,0,0,0
"TAURENPOOLE","Tauren Poole","RB","PIT",1,1,NA,NA,NA,0,0,0,0,0,0,0,0
"CYRUSGRAY","Cyrus Gray","RB","KC",1,1,NA,NA,NA,0,0,0,0,0,0,0,0
"AUSTINJOHNSON","Austin Johnson","RB","NO",1,1,NA,NA,NA,0,0,0,0,0,0,0,0
"MARKINGRAM","Mark Ingram","RB","NO",1,1,NA,NA,NA,0,0,0,0,0,0,0,0
"LEGARRETTEBLOUNT","LeGarrette Blount","RB","PIT",1,1,NA,NA,NA,0,0,0,0,0,0,0,0
"ISAIAHPEAD","Isaiah Pead","RB","STL",1,1,NA,NA,NA,0,0,0,0,0,0,0,0
"ROYHELUJR","Roy Helu Jr.","RB","WAS",1,1,NA,NA,NA,0,0,0,0,0,0,0,0
"EVANRODRIGUEZ","Evan Rodriguez","RB","BUF",1,1,NA,NA,NA,0,0,0,0,0,0,0,0
"RYANMATHEWS","Ryan Mathews","RB","SD",1,1,NA,NA,NA,0,0,0,0,0,0,0,0
"MIKELLESHOURE","Mikel Leshoure","RB","DET",1,1,NA,NA,NA,0,0,0,0,0,0,0,0
"PATRICKDIMARCO","Patrick DiMarco","RB","ATL",1,1,NA,NA,NA,0,0,0,0,0,0,0,0
"CHRISPOLK","Chris Polk","RB","PHI",1,1,NA,NA,NA,0,0,0,0,0,0,0,0
"JONATHANGRIMES","Jonathan Grimes","RB","HOU",1,1,NA,NA,NA,0,0,0,0,0,0,0,0
"DERRICKCOLEMAN","Derrick Coleman","RB","SEA",1,1,NA,NA,NA,0,0,0,0,0,0,0,0
"BRADIEEWING","Bradie Ewing","RB","JAC",1,1,NA,NA,NA,0,0,0,0,0,0,0,0
"ANDREELLINGTON","Andre Ellington","RB","ARI",1,1,NA,NA,NA,0,0,0,0,0,0,0,0
"JEFFDEMPS","Jeff Demps","RB","TB",1,1,NA,NA,NA,0,0,0,0,0,0,0,0
"JOHNATHANFRANKLIN","Johnathan Franklin","RB","GB",1,1,NA,NA,NA,0,0,0,0,0,0,0,0
"KENJONBARNER","Kenjon Barner","RB","CAR",1,1,NA,NA,NA,0,0,0,0,0,0,0,0
"JACQUIZZRODGERS","Jacquizz Rodgers","RB","ATL",1,1,NA,NA,NA,0,0,0,0,0,0,0,0
"LAMICHAELJAMES","LaMichael James","RB","SF",1,1,NA,NA,NA,0,0,0,0,0,0,0,0
"ALEXDEBNIAK","Alex Debniak","RB","SF",1,1,NA,NA,NA,0,0,0,0,0,0,0,0
"ZACHLINE","Zach Line","RB","MIN",1,1,NA,NA,NA,0,0,0,0,0,0,0,0
"MICHAELFORD","Michael Ford","RB","CHI",1,1,NA,NA,NA,0,0,0,0,0,0,0,0
"MIGUELMAYSONET","Miguel Maysonet","RB","PIT",1,1,NA,NA,NA,0,0,0,0,0,0,0,0
"JAMAINECOOK","Jamaine Cook","RB","CLE",1,1,NA,NA,NA,0,0,0,0,0,0,0,0
"STEPHENCAMPBELL","Stephen Campbell","RB","IND",1,1,NA,NA,NA,0,0,0,0,0,0,0,0
"VICKBALLARD","Vick Ballard","RB","IND",1,1,NA,NA,NA,0,0,0,0,0,0,0,0
"SPENCERWARE","Spencer Ware","RB","SEA",1,1,NA,NA,NA,0,0,0,0,0,0,0,0
"DANIELTHOMAS","Daniel Thomas","RB","MIA",1,1,NA,NA,NA,0,0,0,0,0,0,0,0
"RONNIEWINGO","Ronnie Wingo","RB","BUF",1,1,NA,NA,NA,0,0,0,0,0,0,0,0
"RAYGRAHAM","Ray Graham","RB","HOU",1,1,NA,NA,NA,0,0,0,0,0,0,0,0
"ORSONCHARLES","Orson Charles","RB","CIN",1,1,NA,NA,NA,0,0,0,0,0,0,0,0
"BERNARDPIERCE","Bernard Pierce","RB","BAL",1,1,NA,NA,NA,0,0,0,0,0,0,0,0
"RONNIEHILLMAN","Ronnie Hillman","RB","DEN",1,1,NA,NA,NA,0,0,0,0,0,0,0,0
"LEVEONBELL","Le'Veon Bell","RB","PIT",1,1,NA,NA,NA,0,0,0,0,0,0,0,0
"CAMERONWHITE","Cameron White","RB","IND",1,1,NA,NA,NA,0,0,0,0,0,0,0,0
"DARYLRICHARDSON","Daryl Richardson","RB","NYJ",1,1,NA,NA,NA,0,0,0,0,0,0,0,0
"MICHAELHILL","Michael Hill","RB","GB",1,1,NA,NA,NA,0,0,0,0,0,0,0,0
"CARLINISLES","Carlin Isles","RB","DET",1,1,NA,NA,NA,0,0,0,0,0,0,0,0
"KHIRYROBINSON","Khiry Robinson","RB","NO",1,1,NA,NA,NA,0,0,0,0,0,0,0,0
"CJANDERSON","C.J. Anderson","RB","DEN",1,1,NA,NA,NA,0,0,0,0,0,0,0,0
"JOSEPHRANDLE","Joseph Randle","RB","DAL",1,1,NA,NA,NA,0,0,0,0,0,0,0,0
"GIOVANIBERNARD","Giovani Bernard","RB","CIN",1,1,NA,NA,NA,0,0,0,0,0,0,0,0
"MARCUSLATTIMORE","Marcus Lattimore","RB","SF",1,1,NA,NA,NA,0,0,0,0,0,0,0,0
"STEVENMILLER","Steven Miller","RB","DET",1,1,NA,NA,NA,0,0,0,0,0,0,0,0
"JAMIZEOLAWALE","Jamize Olawale","RB","OAK",1,1,NA,NA,NA,0,0,0,0,0,0,0,0
"EDWINBAKER","Edwin Baker","RB","CLE",1,1,NA,NA,NA,0,0,0,0,0,0,0,0
"ZACSTACY","Zac Stacy","RB","STL",1,1,NA,NA,NA,0,0,0,0,0,0,0,0
"JERODISWILLIAMS","Jerodis Williams","RB","DEN",1,1,NA,NA,NA,0,0,0,0,0,0,0,0
"BRADLEYRANDLE","Bradley Randle","RB","MIN",1,1,NA,NA,NA,0,0,0,0,0,0,0,0
"DAVIDWILSON","David Wilson","RB","NYG",1,1,NA,NA,NA,0,0,0,0,0,0,0,0
"CAMERONMARSHALL","Cameron Marshall","RB","MIA",1,1,NA,NA,NA,0,0,0,0,0,0,0,0
"STEPFANTAYLOR","Stepfan Taylor","RB","ARI",1,1,NA,NA,NA,0,0,0,0,0,0,0,0
"KENDALLGASKINS","Kendall Gaskins","RB","NYG",1,1,NA,NA,NA,0,0,0,0,0,0,0,0
"BENNYCUNNINGHAM","Benny Cunningham","RB","STL",1,1,NA,NA,NA,0,0,0,0,0,0,0,0
"MONTEEBALL","Montee Ball","RB","DEN",1,1,NA,NA,NA,0,0,0,0,0,0,0,0
"BRYCEBROWN","Bryce Brown","RB","BUF",1,1,NA,NA,NA,0,0,0,0,0,0,0,0
"KYLEJUSZCZYK","Kyle Juszczyk","RB","BAL",1,1,NA,NA,NA,0,0,0,0,0,0,0,0
"ALEXGREEN","Alex Green","RB","NYJ",1,1,NA,NA,NA,0,0,0,0,0,0,0,0
"CHRISTHOMPSON","Chris Thompson","RB","WAS",1,1,NA,NA,NA,0,0,0,0,0,0,0,0
"LONNIEPRYOR","Lonnie Pryor","RB","TB",1,1,NA,NA,NA,0,0,0,0,0,0,0,0
"CIERREWOOD","Cierre Wood","RB","BAL",1,1,NA,NA,NA,0,0,0,0,0,0,0,0
"CHRISTINEMICHAEL","Christine Michael","RB","SEA",1,1,NA,NA,NA,0,0,0,0,0,0,0,0
"JOIQUEBELL","Joique Bell","RB","DET",1,1,NA,NA,NA,0,0,0,0,0,0,0,0
"THEORIDDICK","Theo Riddick","RB","DET",1,1,NA,NA,NA,0,0,0,0,0,0,0,0
"EDDIELACY","Eddie Lacy","RB","GB",1,1,NA,NA,NA,0,0,0,0,0,0,0,0
"KERWYNNWILLIAMS","Kerwynn Williams","RB","SD",1,1,NA,NA,NA,0,0,0,0,0,0,0,0
"TRENTRICHARDSON","Trent Richardson","RB","IND",1,1,NA,NA,NA,0,0,0,0,0,0,0,0
"LAMARMILLER","Lamar Miller","RB","MIA",1,1,NA,NA,NA,0,0,0,0,0,0,0,0
"MIKEGILLISLEE","Mike Gillislee","RB","MIA",1,1,NA,NA,NA,0,0,0,0,0,0,0,0
"BOBBYRAINEY","Bobby Rainey","RB","TB",1,1,NA,NA,NA,0,0,0,0,0,0,0,0
"MARSHAWNLYNCH","Marshawn Lynch","RB","SEA",1,1,NA,NA,NA,0,0,0,0,0,0,0,0
"JUSTINFORSETT","Justin Forsett","RB","BAL",1,1,NA,NA,NA,0,0,0,0,0,0,0,0
"TONYFIAMMETTA","Tony Fiammetta","RB","CHI",1,1,NA,NA,NA,0,0,0,0,0,0,0,0
"WILLTAUFOOU","Will Ta'ufo'ou","RB","JAC",1,1,NA,NA,NA,0,0,0,0,0,0,0,0
"TANDONDOSS","Tandon Doss","WR","JAC",1,1,NA,NA,NA,0,0,0,0,0,0,0,0
"AJJENKINS","A.J. Jenkins","WR","KC",1,1,NA,NA,NA,0,0,0,0,0,0,0,0
"CHRISGIVENS","Chris Givens","WR","STL",1,1,NA,NA,NA,0,0,0,0,0,0,0,0
"JEREMYEBERT","Jeremy Ebert","WR","JAC",1,1,NA,NA,NA,0,0,0,0,0,0,0,0
"DEVIERPOSEY","DeVier Posey","WR","HOU",1,1,NA,NA,NA,0,0,0,0,0,0,0,0
"JARRETTBOYKIN","Jarrett Boykin","WR","GB",1,1,NA,NA,NA,0,0,0,0,0,0,0,0
"KESHAWNMARTIN","Keshawn Martin","WR","HOU",1,1,NA,NA,NA,0,0,0,0,0,0,0,0
"MYLESWHITE","Myles White","WR","GB",1,1,NA,NA,NA,0,0,0,0,0,0,0,0
"TOBAISPALMER","Tobais Palmer","WR","SD",1,1,NA,NA,NA,0,0,0,0,0,0,0,0
"LAMONTBRYANT","Lamont Bryant","WR","TEN",1,1,NA,NA,NA,0,0,0,0,0,0,0,0
"FRANKIEHAMMONDJR","Frankie Hammond Jr.","WR","KC",1,1,NA,NA,NA,0,0,0,0,0,0,0,0
"BRENTONBERSIN","Brenton Bersin","WR","CAR",1,1,NA,NA,NA,0,0,0,0,0,0,0,0
"MARVINJONES","Marvin Jones","WR","CIN",1,1,NA,NA,NA,0,0,0,0,0,0,0,0
"JARONBROWN","Jaron Brown","WR","ARI",1,1,NA,NA,NA,0,0,0,0,0,0,0,0
"TJGRAHAM","T.J. Graham","WR","BUF",1,1,NA,NA,NA,0,0,0,0,0,0,0,0
"JERRELLJACKSON","Jerrell Jackson","WR","KC",1,1,NA,NA,NA,0,0,0,0,0,0,0,0
"DAVIDREED","David Reed","WR","SF",1,1,NA,NA,NA,0,0,0,0,0,0,0,0
"LAMAARTHOMAS","Lamaar Thomas","WR","JAC",1,1,NA,NA,NA,0,0,0,0,0,0,0,0
"ANDYCRUSE","Andy Cruse","WR","HOU",1,1,NA,NA,NA,0,0,0,0,0,0,0,0
"WILLMURPHY","Will Murphy","WR","PHI",1,1,NA,NA,NA,0,0,0,0,0,0,0,0
"AARONMELLETTE","Aaron Mellette","WR","BAL",1,1,NA,NA,NA,0,0,0,0,0,0,0,0
"TYHILTON","T.Y. Hilton","WR","IND",1,1,NA,NA,NA,0,0,0,0,0,0,0,0
"TORIGURLEY","Tori Gurley","WR","CLE",1,1,NA,NA,NA,0,0,0,0,0,0,0,0
"CODYWILSON","Cody Wilson","WR","DET",1,1,NA,NA,NA,0,0,0,0,0,0,0,0
"RUSSELLSHEPARD","Russell Shepard","WR","TB",1,1,NA,NA,NA,0,0,0,0,0,0,0,0
"MOHAMEDSANU","Mohamed Sanu","WR","CIN",1,1,NA,NA,NA,0,0,0,0,0,0,0,0
"DAMARISJOHNSON","Damaris Johnson","WR","PHI",1,1,NA,NA,NA,0,0,0,0,0,0,0,0
"TOMMYSTREETER","Tommy Streeter","WR","TB",1,1,NA,NA,NA,0,0,0,0,0,0,0,0
"GERRARDSHEPPARD","Gerrard Sheppard","WR","BAL",1,1,NA,NA,NA,0,0,0,0,0,0,0,0
"LARONBYRD","LaRon Byrd","WR","DAL",1,1,NA,NA,NA,0,0,0,0,0,0,0,0
"TRAVISBENJAMIN","Travis Benjamin","WR","CLE",1,1,NA,NA,NA,0,0,0,0,0,0,0,0
"RANDALLCOBB","Randall Cobb","WR","GB",1,1,NA,NA,NA,0,0,0,0,0,0,0,0
"CHRISSUMMERS","Chris Summers","WR","BUF",1,1,NA,NA,NA,0,0,0,0,0,0,0,0
"JARIUSWRIGHT","Jarius Wright","WR","MIN",1,1,NA,NA,NA,0,0,0,0,0,0,0,0
"ARCETOCLARK","Arceto Clark","WR","SEA",1,1,NA,NA,NA,0,0,0,0,0,0,0,0
"GRIFFWHALEN","Griff Whalen","WR","IND",1,1,NA,NA,NA,0,0,0,0,0,0,0,0
"TONEYCLEMONS","Toney Clemons","WR","CAR",1,1,NA,NA,NA,0,0,0,0,0,0,0,0
"JUNIORHEMINGWAY","Junior Hemingway","WR","KC",1,1,NA,NA,NA,0,0,0,0,0,0,0,0
"ANTONIOBROWN","Antonio Brown","WR","PIT",1,1,NA,NA,NA,0,0,0,0,0,0,0,0
"DEVONWYLIE","Devon Wylie","WR","SF",1,1,NA,NA,NA,0,0,0,0,0,0,0,0
"KEVINCONE","Kevin Cone","WR","MIA",1,1,NA,NA,NA,0,0,0,0,0,0,0,0
"DANBUCKNER","Dan Buckner","WR","ARI",1,1,NA,NA,NA,0,0,0,0,0,0,0,0
"CHRISGIVENS","Chris Givens","WR","NO",1,1,NA,NA,NA,0,0,0,0,0,0,0,0
"KEVINDORSEY","Kevin Dorsey","WR","GB",1,1,NA,NA,NA,0,0,0,0,0,0,0,0
"DEREKMOYE","Derek Moye","WR","PIT",1,1,NA,NA,NA,0,0,0,0,0,0,0,0
"ALDRICKROBINSON","Aldrick Robinson","WR","WAS",1,1,NA,NA,NA,0,0,0,0,0,0,0,0
"JEFFMAEHL","Jeff Maehl","WR","PHI",1,1,NA,NA,NA,0,0,0,0,0,0,0,0
"JULIANTALLEY","Julian Talley","WR","NYG",1,1,NA,NA,NA,0,0,0,0,0,0,0,0
"MIKEBROWN","Mike Brown","WR","JAC",1,1,NA,NA,NA,0,0,0,0,0,0,0,0
"BJCUNNINGHAM","B.J. Cunningham","WR","PHI",1,1,NA,NA,NA,0,0,0,0,0,0,0,0
"KEVINELLIOTT","Kevin Elliott","WR","BUF",1,1,NA,NA,NA,0,0,0,0,0,0,0,0
"VINCENTBROWN","Vincent Brown","WR","SD",1,1,NA,NA,NA,0,0,0,0,0,0,0,0
"DREWDAVIS","Drew Davis","WR","ATL",1,1,NA,NA,NA,0,0,0,0,0,0,0,0
"JURONCRINER","Juron Criner","WR","OAK",1,1,NA,NA,NA,0,0,0,0,0,0,0,0
"MICHAELRIOS","Michael Rios","WR","MIA",1,1,NA,NA,NA,0,0,0,0,0,0,0,0
"JABINSAMBRANO","Jabin Sambrano","WR","JAC",1,1,NA,NA,NA,0,0,0,0,0,0,0,0
"JERMAINEKEARSE","Jermaine Kearse","WR","SEA",1,1,NA,NA,NA,0,0,0,0,0,0,0,0
"KENDALLWRIGHT","Kendall Wright","WR","TEN",1,1,NA,NA,NA,0,0,0,0,0,0,0,0
"COLEBEASLEY","Cole Beasley","WR","DAL",1,1,NA,NA,NA,0,0,0,0,0,0,0,0
"CHRISOWUSU","Chris Owusu","WR","TB",1,1,NA,NA,NA,0,0,0,0,0,0,0,0
"LANEARSAMPSON","Lanear Sampson","WR","PIT",1,1,NA,NA,NA,0,0,0,0,0,0,0,0
"TERRANCEWILLIAMS","Terrance Williams","WR","DAL",1,1,NA,NA,NA,0,0,0,0,0,0,0,0
"BRICEBUTLER","Brice Butler","WR","OAK",1,1,NA,NA,NA,0,0,0,0,0,0,0,0
"CHRISHARPER","Chris Harper","WR","GB",1,1,NA,NA,NA,0,0,0,0,0,0,0,0
"JULIOJONES","Julio Jones","WR","ATL",1,1,NA,NA,NA,0,0,0,0,0,0,0,0
"TAVARRESKING","Tavarres King","WR","CAR",1,1,NA,NA,NA,0,0,0,0,0,0,0,0
"PATRICKEDWARDS","Patrick Edwards","WR","DET",1,1,NA,NA,NA,0,0,0,0,0,0,0,0
"AJGREEN","A.J. Green","WR","CIN",1,1,NA,NA,NA,0,0,0,0,0,0,0,0
"TIMBENFORD","Tim Benford","WR","DAL",1,1,NA,NA,NA,0,0,0,0,0,0,0,0
"JONBALDWIN","Jon Baldwin","WR","SF",1,1,NA,NA,NA,0,0,0,0,0,0,0,0
"MICHAELFLOYD","Michael Floyd","WR","ARI",1,1,NA,NA,NA,0,0,0,0,0,0,0,0
"ACESANDERS","Ace Sanders","WR","JAC",1,1,NA,NA,NA,0,0,0,0,0,0,0,0
"JOSHBELLAMY","Josh Bellamy","WR","CHI",1,1,NA,NA,NA,0,0,0,0,0,0,0,0
"RODSTREATER","Rod Streater","WR","OAK",1,1,NA,NA,NA,0,0,0,0,0,0,0,0
"GREGJENKINS","Greg Jenkins","WR","OAK",1,1,NA,NA,NA,0,0,0,0,0,0,0,0
"TEDDYWILLIAMS","Teddy Williams","WR","ARI",1,1,NA,NA,NA,0,0,0,0,0,0,0,0
"KEENANALLEN","Keenan Allen","WR","SD",1,1,NA,NA,NA,0,0,0,0,0,0,0,0
"LANCELEWIS","Lance Lewis","WR","DAL",1,1,NA,NA,NA,0,0,0,0,0,0,0,0
"ROBERTWOODS","Robert Woods","WR","BUF",1,1,NA,NA,NA,0,0,0,0,0,0,0,0
"ANDYTANNER","Andy Tanner","WR","NO",1,1,NA,NA,NA,0,0,0,0,0,0,0,0
"JAVONELAWSON","Javone Lawson","WR","ARI",1,1,NA,NA,NA,0,0,0,0,0,0,0,0
"CHARLESHAWKINS","Charles Hawkins","WR","NO",1,1,NA,NA,NA,0,0,0,0,0,0,0,0
"JUSTINVELTUNG","Justin Veltung","WR","STL",1,1,NA,NA,NA,0,0,0,0,0,0,0,0
"CORDELLROBERSON","Cordell Roberson","WR","BUF",1,1,NA,NA,NA,0,0,0,0,0,0,0,0
"KENNYSTILLS","Kenny Stills","WR","NO",1,1,NA,NA,NA,0,0,0,0,0,0,0,0
"KENBRELLTHOMPKINS","Kenbrell Thompkins","WR","NE",1,1,NA,NA,NA,0,0,0,0,0,0,0,0
"JUSTINHUNTER","Justin Hunter","WR","TEN",1,1,NA,NA,NA,0,0,0,0,0,0,0,0
"DARICKROGERS","Da'Rick Rogers","WR","IND",1,1,NA,NA,NA,0,0,0,0,0,0,0,0
"RISHARDMATTHEWS","Rishard Matthews","WR","MIA",1,1,NA,NA,NA,0,0,0,0,0,0,0,0
"GREGWILSON","Greg Wilson","WR","DEN",1,1,NA,NA,NA,0,0,0,0,0,0,0,0
"CHUCKJACOBS","Chuck Jacobs","WR","SF",1,1,NA,NA,NA,0,0,0,0,0,0,0,0
"QUINTONPATTON","Quinton Patton","WR","SF",1,1,NA,NA,NA,0,0,0,0,0,0,0,0
"RASHADROSS","Rashad Ross","WR","WAS",1,1,NA,NA,NA,0,0,0,0,0,0,0,0
"JASPERCOLLINS","Jasper Collins","WR","CIN",1,1,NA,NA,NA,0,0,0,0,0,0,0,0
"ADAMTHIELEN","Adam Thielen","WR","MIN",1,1,NA,NA,NA,0,0,0,0,0,0,0,0
"BRITTANGOLDEN","Brittan Golden","WR","ARI",1,1,NA,NA,NA,0,0,0,0,0,0,0,0
"CORDARRELLEPATTERSON","Cordarrelle Patterson","WR","MIN",1,1,NA,NA,NA,0,0,0,0,0,0,0,0
"MICHAELPRESTON","Michael Preston","WR","TEN",1,1,NA,NA,NA,0,0,0,0,0,0,0,0
"ANDREHOLMES","Andre Holmes","WR","OAK",1,1,NA,NA,NA,0,0,0,0,0,0,0,0
"COREYFULLER","Corey Fuller","WR","DET",1,1,NA,NA,NA,0,0,0,0,0,0,0,0
"CECILSHORTSIII","Cecil Shorts III","WR","JAC",1,1,NA,NA,NA,0,0,0,0,0,0,0,0
"CLYDEGATES","Clyde Gates","WR","NYJ",1,1,NA,NA,NA,0,0,0,0,0,0,0,0
"CHRISHOGAN","Chris Hogan","WR","BUF",1,1,NA,NA,NA,0,0,0,0,0,0,0,0
"SAALIMHAKIM","Saalim Hakim","WR","NYJ",1,1,NA,NA,NA,0,0,0,0,0,0,0,0
"MARQUESSWILSON","Marquess Wilson","WR","CHI",1,1,NA,NA,NA,0,0,0,0,0,0,0,0
"DEANDREHOPKINS","DeAndre Hopkins","WR","HOU",1,1,NA,NA,NA,0,0,0,0,0,0,0,0
"TRAVISHARVEY","Travis Harvey","WR","NYG",1,1,NA,NA,NA,0,0,0,0,0,0,0,0
"MARQUISEGOODWIN","Marquise Goodwin","WR","BUF",1,1,NA,NA,NA,0,0,0,0,0,0,0,0
"DOMINIQUECROOM","Dominique Croom","WR","ATL",1,1,NA,NA,NA,0,0,0,0,0,0,0,0
"JOSHGORDON","Josh Gordon","WR","CLE",1,1,NA,NA,NA,0,0,0,0,0,0,0,0
"ALSHONJEFFERY","Alshon Jeffery","WR","CHI",1,1,NA,NA,NA,0,0,0,0,0,0,0,0
"RODNEYSMITH","Rodney Smith","WR","MIN",1,1,NA,NA,NA,0,0,0,0,0,0,0,0
"ALEXGILLETT","Alex Gillett","WR","GB",1,1,NA,NA,NA,0,0,0,0,0,0,0,0
"RICORICHARDSON","Rico Richardson","WR","HOU",1,1,NA,NA,NA,0,0,0,0,0,0,0,0
"EMORYBLAKE","Emory Blake","WR","STL",1,1,NA,NA,NA,0,0,0,0,0,0,0,0
"RYANSPADOLA","Ryan Spadola","WR","MIA",1,1,NA,NA,NA,0,0,0,0,0,0,0,0
"STEPHENHILL","Stephen Hill","WR","NYJ",1,1,NA,NA,NA,0,0,0,0,0,0,0,0
"RUEBENRANDLE","Rueben Randle","WR","NYG",1,1,NA,NA,NA,0,0,0,0,0,0,0,0
"JOSHBOYCE","Josh Boyce","WR","NE",1,1,NA,NA,NA,0,0,0,0,0,0,0,0
"MARKUSWHEATON","Markus Wheaton","WR","PIT",1,1,NA,NA,NA,0,0,0,0,0,0,0,0
"ALECLEMON","Alec Lemon","WR","HOU",1,1,NA,NA,NA,0,0,0,0,0,0,0,0
"SKYEDAWSON","Skye Dawson","WR","TB",1,1,NA,NA,NA,0,0,0,0,0,0,0,0
"CONNERVERNON","Conner Vernon","WR","CLE",1,1,NA,NA,NA,0,0,0,0,0,0,0,0
"BRANDONKAUFMAN","Brandon Kaufman","WR","BUF",1,1,NA,NA,NA,0,0,0,0,0,0,0,0
"ERICPAGE","Eric Page","WR","TB",1,1,NA,NA,NA,0,0,0,0,0,0,0,0
"DARIUSJOHNSON","Darius Johnson","WR","ATL",1,1,NA,NA,NA,0,0,0,0,0,0,0,0
"KAMARJORDEN","Kamar Jorden","WR","MIN",1,1,NA,NA,NA,0,0,0,0,0,0,0,0
"CHADBUMPHIS","Chad Bumphis","WR","JAC",1,1,NA,NA,NA,0,0,0,0,0,0,0,0
"AARONDOBSON","Aaron Dobson","WR","NE",1,1,NA,NA,NA,0,0,0,0,0,0,0,0
"STEDMANBAILEY","Stedman Bailey","WR","STL",1,1,NA,NA,NA,0,0,0,0,0,0,0,0
"JUSTINBROWN","Justin Brown","WR","PIT",1,1,NA,NA,NA,0,0,0,0,0,0,0,0
"ALANBONNER","Alan Bonner","WR","HOU",1,1,NA,NA,NA,0,0,0,0,0,0,0,0
"TAVONAUSTIN","Tavon Austin","WR","STL",1,1,NA,NA,NA,0,0,0,0,0,0,0,0
"CHRISMATTHEWS","Chris Matthews","WR","SEA",1,1,NA,NA,NA,0,0,0,0,0,0,0,0
"EZNWACHUKWU","EZ Nwachukwu","WR","HOU",1,1,NA,NA,NA,0,0,0,0,0,0,0,0
"DENARDROBINSON","Denard Robinson","WR","JAC",1,1,NA,NA,NA,0,0,0,0,0,0,0,0
"JOSHLENZ","Josh Lenz","WR","IND",1,1,NA,NA,NA,0,0,0,0,0,0,0,0
"RICARDOLOCKETTE","Ricardo Lockette","WR","SEA",1,1,NA,NA,NA,0,0,0,0,0,0,0,0
"COBIHAMILTON","Cobi Hamilton","WR","CIN",1,1,NA,NA,NA,0,0,0,0,0,0,0,0
"MARLONBROWN","Marlon Brown","WR","BAL",1,1,NA,NA,NA,0,0,0,0,0,0,0,0
"NICKWILLIAMS","Nick Williams","WR","WAS",1,1,NA,NA,NA,0,0,0,0,0,0,0,0
"MARKHARRISON","Mark Harrison","WR","NE",1,1,NA,NA,NA,0,0,0,0,0,0,0,0
"RAMSESBARDEN","Ramses Barden","WR","BUF",1,1,NA,NA,NA,0,0,0,0,0,0,0,0
"RJWEBB","R.J. Webb","WR","CAR",1,1,NA,NA,NA,0,0,0,0,0,0,0,0
"SEYIAJIROTUTU","Seyi Ajirotutu","WR","SD",1,1,NA,NA,NA,0,0,0,0,0,0,0,0
"BRANDONTATE","Brandon Tate","WR","CIN",1,1,NA,NA,NA,0,0,0,0,0,0,0,0
"DAVIDGETTIS","David Gettis","WR","WAS",1,1,NA,NA,NA,0,0,0,0,0,0,0,0
"GREGORTON","Greg Orton","WR","NE",1,1,NA,NA,NA,0,0,0,0,0,0,0,0
"LOUISMURPHYJR","Louis Murphy Jr.","WR","TB",1,1,NA,NA,NA,0,0,0,0,0,0,0,0
"DAVIDNELSON","David Nelson","WR","NYJ",1,1,NA,NA,NA,0,0,0,0,0,0,0,0
"TRAVISKELCE","Travis Kelce","TE","KC",1,1,NA,NA,NA,0,0,0,0,0,0,NA,0
"JAKESTONEBURNER","Jake Stoneburner","TE","GB",1,1,NA,NA,NA,0,0,0,0,0,0,NA,0
"MATTVELDMAN","Matt Veldman","TE","DET",1,1,NA,NA,NA,0,0,0,0,0,0,NA,0
"MYCHALRIVERA","Mychal Rivera","TE","OAK",1,1,NA,NA,NA,0,0,0,0,0,0,NA,0
"JAMESHANNA","James Hanna","TE","DAL",1,1,NA,NA,NA,0,0,0,0,0,0,NA,0
"DAVIDPAULSON","David Paulson","TE","PIT",1,1,NA,NA,NA,0,0,0,0,0,0,NA,0
"ANDREHARDY","Andre Hardy","TE","ARI",1,1,NA,NA,NA,0,0,0,0,0,0,NA,0
"JAKEBYRNE","Jake Byrne","TE","SD",1,1,NA,NA,NA,0,0,0,0,0,0,NA,0
"MATTFURSTENBURG","Matt Furstenburg","TE","BAL",1,1,NA,NA,NA,0,0,0,0,0,0,NA,0
"COLINANDERSON","Colin Anderson","TE","NYJ",1,1,NA,NA,NA,0,0,0,0,0,0,NA,0
"DWAYNEALLEN","Dwayne Allen","TE","IND",1,1,NA,NA,NA,0,0,0,0,0,0,NA,0
"BEAUBRINKLEY","Beau Brinkley","TE","TEN",1,1,NA,NA,NA,0,0,0,0,0,0,NA,0
"MARQUEISGRAY","MarQueis Gray","TE","CLE",1,1,NA,NA,NA,0,0,0,0,0,0,NA,0
"KEVINMCDERMOTT","Kevin McDermott","TE","SF",1,1,NA,NA,NA,0,0,0,0,0,0,NA,0
"MICHAELEGNEW","Michael Egnew","TE","MIA",1,1,NA,NA,NA,0,0,0,0,0,0,NA,0
"GERELLROBINSON","Gerell Robinson","TE","DEN",1,1,NA,NA,NA,0,0,0,0,0,0,NA,0
"TAYLORTHOMPSON","Taylor Thompson","TE","TEN",1,1,NA,NA,NA,0,0,0,0,0,0,NA,0
"CHRISPANTALE","Chris Pantale","TE","NYJ",1,1,NA,NA,NA,0,0,0,0,0,0,NA,0
"CORYHARKEY","Cory Harkey","TE","STL",1,1,NA,NA,NA,0,0,0,0,0,0,NA,0
"ZACHSUDFELD","Zach Sudfeld","TE","NYJ",1,1,NA,NA,NA,0,0,0,0,0,0,NA,0
"ADAMNISSLEY","Adam Nissley","TE","ATL",1,1,NA,NA,NA,0,0,0,0,0,0,NA,0
"COBYFLEENER","Coby Fleener","TE","IND",1,1,NA,NA,NA,0,0,0,0,0,0,NA,0
"EMILIGWENAGU","Emil Igwenagu","TE","PHI",1,1,NA,NA,NA,0,0,0,0,0,0,NA,0
"CHARLESCLAY","Charles Clay","TE","MIA",1,1,NA,NA,NA,0,0,0,0,0,0,NA,0
"ALLENREISNER","Allen Reisner","TE","MIN",1,1,NA,NA,NA,0,0,0,0,0,0,NA,0
"ADRIENROBINSON","Adrien Robinson","TE","NYG",1,1,NA,NA,NA,0,0,0,0,0,0,NA,0
"JAMESCASEY","James Casey","TE","PHI",1,1,NA,NA,NA,0,0,0,0,0,0,NA,0
"RHETTELLISON","Rhett Ellison","TE","MIN",1,1,NA,NA,NA,0,0,0,0,0,0,NA,0
"JORDANCAMERON","Jordan Cameron","TE","CLE",1,1,NA,NA,NA,0,0,0,0,0,0,NA,0
"DANNYNOBLE","Danny Noble","TE","JAC",1,1,NA,NA,NA,0,0,0,0,0,0,NA,0
"WESLYESAUNDERS","Weslye Saunders","TE","IND",1,1,NA,NA,NA,0,0,0,0,0,0,NA,0
"ANDREWSZCZERBA","Andrew Szczerba","TE","ATL",1,1,NA,NA,NA,0,0,0,0,0,0,NA,0
"MARTELLWEBB","Martell Webb","TE","IND",1,1,NA,NA,NA,0,0,0,0,0,0,NA,0
"DJWILLIAMS","D.J. Williams","TE","NE",1,1,NA,NA,NA,0,0,0,0,0,0,NA,0
"NILESPAUL","Niles Paul","TE","WAS",1,1,NA,NA,NA,0,0,0,0,0,0,NA,0
"LARRYDONNELL","Larry Donnell","TE","NYG",1,1,NA,NA,NA,0,0,0,0,0,0,NA,0
"PATRICKSCALES","Patrick Scales","TE","TB",1,1,NA,NA,NA,0,0,0,0,0,0,NA,0
"RAYMONDWEBBER","Raymond Webber","TE","GB",1,1,NA,NA,NA,0,0,0,0,0,0,NA,0
"GARRETTCELEK","Garrett Celek","TE","SF",1,1,NA,NA,NA,0,0,0,0,0,0,NA,0
"BRANDONWILLIAMS","Brandon Williams","TE","CAR",1,1,NA,NA,NA,0,0,0,0,0,0,NA,0
"BRANDONBOSTICK","Brandon Bostick","TE","GB",1,1,NA,NA,NA,0,0,0,0,0,0,NA,0
"JULIUSTHOMAS","Julius Thomas","TE","DEN",1,1,NA,NA,NA,0,0,0,0,0,0,NA,0
"COOPERHELFET","Cooper Helfet","TE","SEA",1,1,NA,NA,NA,0,0,0,0,0,0,NA,0
"DIONSIMS","Dion Sims","TE","MIA",1,1,NA,NA,NA,0,0,0,0,0,0,NA,0
"GAVINESCOBAR","Gavin Escobar","TE","DAL",1,1,NA,NA,NA,0,0,0,0,0,0,NA,0
"JUSTICECUNNINGHAM","Justice Cunningham","TE","STL",1,1,NA,NA,NA,0,0,0,0,0,0,NA,0
"TYLEREIFERT","Tyler Eifert","TE","CIN",1,1,NA,NA,NA,0,0,0,0,0,0,NA,0
"JORDANREED","Jordan Reed","TE","WAS",1,1,NA,NA,NA,0,0,0,0,0,0,NA,0
"CHASEFORD","Chase Ford","TE","MIN",1,1,NA,NA,NA,0,0,0,0,0,0,NA,0
"DEREKCARRIER","Derek Carrier","TE","SF",1,1,NA,NA,NA,0,0,0,0,0,0,NA,0
